ID,SMILES,Kd,IC50,erk_IC50
US_1,CN1CCC[C@H]1COc1nc(N2CC3CCC(C2)N3)c2cnc(cc2n1)-c1cc(O)cc2ccccc12,97.7,124.7,3159.1
US_4,Oc1cc(-c2ncc3c(nc(OCCc4ccccn4)nc3c2F)N2CC3CCC(C2)N3)c2ccccc2c1,155.7,496.2,8530.0
US_5,Cn1nccc1COc1nc(N2CC3CCC(C2)N3)c2cnc(c(F)c2n1)-c1cc(O)cc2ccccc12,294.8,722.9,8193.8
US_6,Cc1cccnc1CCOc1nc(N2CC3CCC(C2)N3)c2cnc(c(F)c2n1)-c1cc(O)cc2ccccc12,442.2,434.1,11518.2
US_7,Oc1cc(-c2ncc3c(nc(OCCc4ncccn4)nc3c2F)N2CC3CCC(C2)N3)c2ccccc2c1,463.5,1867.3,
US_8,Cn1ccc(COc2nc(N3CC4CCC(C3)N4)c3cnc(c(F)c3n2)-c2cc(O)cc3ccccc23)n1,2143.7,1522.0,
US_9,Cn1cnc(COc2nc(N3CC4CCC(C3)N4)c3cnc(c(F)c3n2)-c2cc(O)cc3ccccc23)c1,258.9,820.7,
US_10,CN1CCC[C@H]1CCOc1nc(N2CC3CCC(C2)N3)c2cnc(c(F)c2n1)-c1cc(O)cc2ccccc12,33.8,,8115.5
US_11,CCN1CCC[C@H]1COc1nc(N2CC3CCC(C2)N3)c2cnc(c(F)c2n1)-c1cc(O)cc2ccccc12,4.9,,1078.2
US_12,Oc1cc(-c2ncc3c(nc(OC[C@@H]4CCCN4Cc4ccccc4)nc3c2F)N2CC3CCC(C2)N3)c2ccccc2c1,11.0,,4905.2
US_13,CN(C)C(=O)CCOc1nc(N2CC3CCC(C2)N3)c2cnc(c(F)c2n1)-c1cc(O)cc2ccccc12,510.7,,
US_14,CN1CCC[C@H]1COc1nc(N2CC3CCC(C2)N3)c2cnc(c(F)c2n1)-c1cc(O)c(Br)c2ccccc12,5.1,73.9,4843.5
US_15,CN1CCC[C@H]1COc1nc(N2CC3CCC(C2)N3)c2cnc(c(F)c2n1)-c1cccc2cccc(C)c12,208.5,260.3,16666.7
US_16,CN1C[C@H](F)C[C@H]1COc1nc(N2CC3CCC(C2)N3)c2cnc(c(F)c2n1)-c1cc(O)cc2ccccc12,31.3,54.1,3834.5
US_17,C[C@H](CN(C)C)Oc1nc(N2CC3CCC(C2)N3)c2cnc(c(F)c2n1)-c1cc(O)cc2ccccc12,2209.6,666.2,
US_19,CN1CCC[C@H]1COc1nc(N2CC3CCC(C2)N3)c2cnc(c(F)c2n1)-c1cccc2ccc(F)cc12,664.8,122.0,16666.7
US_20,[C@H]12CN(C[C@H](CC1)N2)C=2C1=C(N=C(N2)OC[C@H]2N(CCC2)C)C(=C(N=C1)C1=CC=CC2=CC=CC=C12)F,967.0,691.8,
US_21,[C@H]12CN(C[C@H](CC1)N2)C=2C1=C(N=C(N2)OC[C@H]2N(CCC2)C)C(=C(N=C1)C1=CC=CC=2CCCCC12)F,447.5,262.9,
US_22,Oc1cc(-c2ncc3c(nc(OCCCN4CCOCC4)nc3c2F)N2CC3CCC(C2)N3)c2ccccc2c1,19.6,50.3,1888.7
US_23,CN1CCC[C@H]1COc1nc(N2CC3CCC(C2)N3)c2cnc(c(F)c2n1)-c1cccc2CCCc12,807.2,,
US_24,Oc1cc(-c2ncc3c(nc(OCCCN4C[C@@H]5CC4CO5)nc3c2F)N2CC3CCC(C2)N3)c2ccccc2c1,5.0,7.9,2890.0
US_25,Oc1cc(-c2ncc3c(nc(OCCN4CCOCC4)nc3c2F)N2CC3CCC(C2)N3)c2ccccc2c1,269.7,338.4,
US_27,CC(Oc1nc(N2CC3CCC(C2)N3)c2cnc(c(F)c2n1)-c1cc(O)cc2ccccc12)C1CCCN1C,25.9,,1275.8
US_28,CN1C[C@@H](C[C@H]1COc1nc(N2CC3CCC(C2)N3)c2cnc(c(F)c2n1)-c1cc(O)cc2ccccc12)C(F)(F)F,58.7,,11736.0
US_29,CC(C)N1CCC[C@H]1COc1nc(N2CC3CCC(C2)N3)c2cnc(c(F)c2n1)-c1cccc2cccc(Cl)c12,169.6,160.4,13630.9
US_30,CC1C(CCOc2nc(N3CC4CCC(C3)N4)c3cnc(c(F)c3n2)-c2cc(O)cc3ccccc23)=Nc2ccccc12,179.5,417.6,9600.4
US_31,CN1CCC[C@H]1COc1nc(N2CC3C[C@@H](O)C(C2)N3)c2cnc(c(F)c2n1)-c1cc(O)cc2ccccc12,,1.6,2425.6
US_32,O[C@@H]1C[C@@H]2CN(C[C@H]1N2)c1nc(OCCc2ccc(F)cn2)nc2c(F)c(ncc12)-c1cccc2cccc(Cl)c12,,2145.0,50000.0
US_33,[C@H]12CN(C[C@H](CC1)N2)C=2C1=C(N=C(N2)OCC23CCCN3CCC2)C(=C(N=C1)C1=CN=CC2=CC=CC(=C12)Cl)F,71.7,21.1,2052.1
US_35,OCC(CO)COc1nc(N2CC3CCC(C2)N3)c2cnc(c(F)c2n1)-c1cccc2cccc(Cl)c12,1381.8,475.0,11332.1
US_37,OC1CN(C1)c1nc(N2CC3CCC(C2)N3)c2cnc(c(F)c2n1)-c1cc(O)cc2ccccc12,494.5,404.8,
US_38,Oc1cc(-c2ncc3c(nc(OCCCC(F)(F)F)nc3c2F)N2CC3CCC(C2)N3)c2ccccc2c1,750.3,174.2,
US_39,COCCN1CCC(CC1)Oc1nc(N2CC3CCC(C2)N3)c2cnc(c(F)c2n1)-c1cccc2ccccc12,67770.0,10000.0,
US_40,Oc1cc(-c2ncc3c(nc(OC[C@@H]4CC5CCN4C5)nc3c2F)N2CC3CCC(C2)N3)c2ccccc2c1,1.7,4.0,4241.8
US_41,COCCCN1CCC(CC1)Oc1nc(N2CC3CCC(C2)N3)c2cnc(c(F)c2n1)-c1cc(O)cc2ccccc12,180.8,76.7,6647.2
US_42,CO[C@@H]1C[C@@H](COc2nc(N3CC4CCC(C3)N4)c3cnc(c(F)c3n2)-c2cc(O)cc3ccccc23)N(C)C1,5.6,3.1,637.6
US_43,CCO[C@@H]1C[C@@H](COc2nc(N3CC4CCC(C3)N4)c3cnc(c(F)c3n2)-c2cccc3cccc(Cl)c23)N(C)C1,188.0,72.2,6204.1
US_44,CN1CCC[C@H]1COc1nc(N2CC3CCC(C2)N3)c2cnc(c(F)c2n1)-c1cccc2ccc(F)c(Cl)c12,31.7,33.7,2290.1
US_46,Oc1cc(-c2ncc3c(nc(OCC4(CCCC4)C(F)(F)F)nc3c2F)N2CC3CCC(C2)N3)c2ccccc2c1,797.8,720.8,
US_47,CCCOc1nc(N2CC3CCC(C2)N3)c2cnc(c(F)c2n1)-c1cc(O)cc2ccccc12,509.9,264.6,4445.6
US_48,Oc1cc(-c2ncc3c(nc(OCC(F)(F)F)nc3c2F)N2CC3CCC(C2)N3)c2ccccc2c1,930.8,433.9,4875.6
US_49,O[C@@H]1CC2CN(C[C@H]1N2)c1nc(OCC23CCCN2CCC3)nc2c(F)c(ncc12)-c1cccc2cccc(Cl)c12,0.4,5.9,2123.1
US_50,Oc1cc(-c2ncc3c(nc(OC[C@@H]4CCCN4)nc3c2F)N2CC3CCC(C2)N3)c2ccccc2c1,2.1,2.5,15404.5
US_51,Oc1cc(-c2ncc3c(nc(OCC4(CC4)C(F)(F)F)nc3c2F)N2CC3CCC(C2)N3)c2ccccc2c1,611.1,291.7,12066.6
US_52,Oc1cc(-c2ncc3c(nc(OCC(F)(F)C(F)F)nc3c2F)N2CC3CCC(C2)N3)c2ccccc2c1,507.4,318.3,8380.0
US_53,Fc1c(ncc2c(nc(OCC3COC3)nc12)N1CC2CCC(C1)N2)-c1cccc2cccc(Cl)c12,4369.4,1881.4,
US_54,Fc1c(ncc2c(nc(OCC34CCCN3CCCC4)nc12)N1CC2CCC(C1)N2)-c1cccc2cccc(Cl)c12,117.5,68.7,16666.7
US_57,OCC(O)CCOc1nc(C2CC3CCC(C2)N3)c2cnc(c(F)c2n1)-c1cccc2cccc(Cl)c12,1000000.0,7285.9,
US_58,OCC[C@@H](CO)Oc1nc(C2CC3CCC(C2)N3)c2cnc(c(F)c2n1)-c1cccc2cccc(Cl)c12,4733.6,2326.7,
US_59,OCC(COc1nc(C2CC3CCC(C2)N3)c2cnc(c(F)c2n1)-c1cccc2cccc(Cl)c12)c1cccnc1,1118.3,946.3,
US_60,[O-][N+]12CCCC1(COc1nc(N3CC4CCC(C3)N4)c3cnc(c(F)c3n1)-c1cccc3cccc(Cl)c13)CCC2,1000000.0,1660.7,16666.7
US_61,OC(=O)CCOc1nc(N2CC3CCC(C2)N3)c2cnc(c(F)c2n1)-c1cccc2cccc(Cl)c12,115.5,4081.0,
US_62,Oc1ccc(CCOc2nc(N3CC4CCC(C3)N4)c3cnc(c(F)c3n2)-c2cccc3cccc(Cl)c23)cc1C=O,,8407.4,
US_63,CN1CCC[C@H]1COc1nc(N2CC3CCC(C2)N3)c2cnc(c(F)c2n1)-c1cc(O)cc2cccc(Cl)c12,,0.4,186.7
US_64,CC(C)(C)[Si](C)(C)OCC1CCC2(COc3nc(N4CC5CCC(C4)N5)c4cnc(c(F)c4n3)-c3cccc4cccc(Cl)c34)CCCN12,,3.3,3971.0
US_67,Oc1cc(-c2ncc3c(nc(OCCc4ccccc4F)nc3c2F)N2CC3CCC(C2)N3)c2c(Cl)cccc2c1,1151.1,1245.6,
US_68,COCCCOc1nc(N2CC3CCC(C2)N3)c2cnc(c(F)c2n1)-c1cc(O)cc2ccccc12,292.8,256.6,7530.9
US_69,OCCOc1nc(N2CC3CCC(C2)N3)c2cnc(c(F)c2n1)-c1cc(O)cc2ccccc12,521.6,529.9,16666.7
US_70,COCCOc1nc(N2CC3CCC(C2)N3)c2cnc(c(F)c2n1)-c1cc(O)cc2ccccc12,416.7,356.2,
US_71,Oc1cc(-c2ncc3c(nc(OC4CCS(=O)(=O)CC4)nc3c2F)N2CC3CCC(C2)N3)c2ccccc2c1,137.6,125.7,16666.7
US_72,Oc1cc(-c2ncc3c(nc(OC4CCOCC4)nc3c2F)N2CC3CCC(C2)N3)c2ccccc2c1,507.2,512.9,7260.8
US_73,Oc1cc(-c2ncc3c(nc(OCC4CCCC4)nc3c2F)N2CC3CCC(C2)N3)c2ccccc2c1,666744.3,572.7,5555.6
US_74,Oc1cc(-c2ncc3c(nc(nc3c2F)N2CC3(C2)CCOCC3)N2CC3CCC(C2)N3)c2ccccc2c1,140.6,188.2,5465.1
US_75,OCCCOc1nc(N2CC3CCC(C2)N3)c2cnc(c(F)c2n1)-c1cc(O)cc2ccccc12,303.7,240.4,16666.7
US_76,Oc1cc(-c2ncc3c(nc(nc3c2F)N2CC3(C2)CCOC3)N2CC3CCC(C2)N3)c2ccccc2c1,196.9,131.2,7412.9
US_77,OC[C@@H]1CCCN1c1nc(N2CC3CCC(C2)N3)c2cnc(c(F)c2n1)-c1cc(O)cc2ccccc12,3065.8,3137.6,
US_78,CC(=O)N1CCC(CC1)Oc1nc(N2CC3CCC(C2)N3)c2cnc(c(F)c2n1)-c1cc(O)cc2ccccc12,367.5,358.3,16666.7
US_79,Oc1cc(-c2ncc3c(nc(OC4CCSCC4)nc3c2F)N2CC3CCC(C2)N3)c2ccccc2c1,1000000.0,336.5,
US_80,Oc1cc(-c2ncc3c(nc(OC4CCC(F)(F)CC4)nc3c2F)N2CC3CCC(C2)N3)c2ccccc2c1,500000.0,646.9,
US_81,Oc1cc(-c2ncc3c(nc(OCCC(F)(F)F)nc3c2F)N2CC3CCC(C2)N3)c2ccccc2c1,320.6,152.9,8288.3
US_82,Oc1cc(-c2ncc3c(nc(OC4CCS(=O)CC4)nc3c2F)N2CC3CCC(C2)N3)c2ccccc2c1,214.8,226.8,16666.7
US_83,Fc1c(ncc2c(nc(OCC34CCCN3C(=O)CC4)nc12)N1CC2CCC(C1)N2)-c1cccc2cccc(Cl)c12,,8694.9,
US_84,Cc1nccn1CCOc1nc(N2CC3CCC(C2)N3)c2cnc(c(F)c2n1)-c1cc(O)cc2ccccc12,14.4,31.7,5722.3
US_85,CC(C)Cn1ccnc1CCOc1nc(N2CC3CCC(C2)N3)c2cnc(c(F)c2n1)-c1cc(O)cc2ccccc12,147.8,453.7,16666.7
US_86,COc1ccc(CCOc2nc(N3CC4CCC(C3)N4)c3cnc(c(F)c3n2)-c2cccc3cccc(Cl)c23)cn1,527559.5,7919.9,
US_87,Cc1cccc(CCOc2nc(N3CC4CCC(C3)N4)c3cnc(c(F)c3n2)-c2cc(O)cc3ccccc23)n1,195.8,535.6,10553.8
US_88,Cc1ccc2[nH]ncc2c1-c1ncc2c(nc(OCCc3nccn3C)nc2c1F)N1CC2CCC(C1)N2,15593.2,7021.4,
US_89,Oc1cc(-c2ncc3c(nc(OCc4ccccn4)nc3c2F)N2CC3CCC(C2)N3)c2ccccc2c1,4308.7,679.3,
US_90,Fc1ccc2cccc(-c3ncc4c(nc(OCCc5cccnc5)nc4c3F)N3CC4CCC(C3)N4)c2c1,7805.4,4494.9,
US_91,CC(C)n1ccnc1CCOc1nc(N2CC3CCC(C2)N3)c2cnc(c(F)c2n1)-c1cc(O)cc2ccccc12,25.9,32.7,5514.1
US_92,Fc1c(ncc2c(nc(OCCc3cn4ccccc4n3)nc12)N1CC2CCC(C1)N2)-c1cccc2cccc(Cl)c12,2303.5,1348.4,
US_93,Fc1c(ncc2c(nc(OCC34CCCN3CC(F)(F)C4)nc12)N1CC2CCC(C1)N2)-c1cccc2cccc(Cl)c12,,104.6,16666.7
US_94,Cn1ccnc1CCOc1nc(N2CC3CCC(C2)N3)c2cnc(c(F)c2n1)-c1cccc2ccccc12,7462.4,3652.5,
US_95,Cn1cncc1COc1nc(N2CC3CCC(C2)N3)c2cnc(c(F)c2n1)-c1cc(O)cc2ccccc12,1129.0,561.0,
US_96,Oc1cc(-c2ncc3c(nc(OCCc4ccccc4)nc3c2F)N2CC3CCC(C2)N3)c2ccccc2c1,709.6,2221.0,
US_97,Fc1c(ncc2c(nc(OC[C@@H]3CCCN3Cc3ccccc3)nc12)N1CC2CCC(C1)N2)-c1cccc2cccc(Cl)c12,5916.9,934.1,
US_98,Fc1ccc2cccc(-c3ncc4c(nc(OCC56CCCN5CCC6)nc4c3F)N3CC4CCC(C3)N4)c2c1Cl,,1.0,388.6
US_99,Oc1cc(-c2ncc3c(nc(OCc4cccnc4)nc3c2F)N2CC3CCC(C2)N3)c2ccccc2c1,896.6,623.8,
US_100,Cc1cccc2cccc(-c3ncc4c(nc(OCCc5nccn5C)nc4c3F)N3CC4CCC(C3)N4)c12,1089.4,1949.7,
US_101,Cc1cccc2cccc(-c3ncc4c(nc(OCCc5cccnc5)nc4c3F)N3CC4CCC(C3)N4)c12,11958.2,8081.6,
US_102,Oc1cc(-c2ncc3c(nc(OCCc4ccc(F)cn4)nc3c2F)N2CC3CCC(C2)N3)c2ccccc2c1,259.1,95.8,7955.9
US_103,Clc1cccc2cccc(-c3ccc4c(nc(OCCCN5C[C@@H]6C[C@H]5CO6)nc4c3)N3CC4CCC(C3)N4)c12,271.2,371.0,16666.7
US_104,Cn1ccnc1COc1nc(N2CC3CCC(C2)N3)c2cnc(c(F)c2n1)-c1cc(O)cc2ccccc12,362.0,1675.8,16666.7
US_105,COc1nc(N2CC3CCC(C2)N3)c2cnc(c(F)c2n1)-c1cc(O)cc2ccccc12,2264.8,867.1,
US_106,Oc1cc(-c2ncc3c(nc(OCCc4cccnc4)nc3c2F)N2CC3CCC(C2)N3)c2ccccc2c1,53.5,155.9,3096.3
US_107,CN(C)CCOc1nc(N2CC3CCC(C2)N3)c2cnc(c(F)c2n1)-c1cccc2cccc(Cl)c12,1437.0,2118.1,
US_108,Fc1c(ncc2c(nc(OC[C@@H]3CCCN3Cc3ccccc3)nc12)N1CC2CCC(C1)N2)-c1cccc2ccccc12,63516.8,4841.5,
US_110,Cn1cncc1CCOc1nc(N2CC3CCC(C2)N3)c2cnc(c(F)c2n1)-c1cc(O)cc2ccccc12,42.3,57.5,16666.7
US_111,Cn1cncc1CCNc1nc(N2CC3CCC(C2)N3)c2cnc(c(F)c2n1)-c1cc(O)cc2ccccc12,275.8,281.0,
US_112,Cn1ccnc1CCOc1nc(N2CC3CCC(C2)N3)c2cnc(c(F)c2n1)-c1cccc2ccc(F)cc12,983.3,718.4,
US_113,Fc1c(ncc2c(nc(OCCc3cccnc3)nc12)N1CC2CCC(C1)N2)-c1cccc2cccc(Cl)c12,2503.9,2866.1,
US_114,Cn1ccnc1CCOc1nc(N2CC3CCC(C2)N3)c2cnc(c(F)c2n1)-c1cccc2cccc(Cl)c12,383.7,482.1,10259.6
US_115,CN1C[C@H](F)C[C@H]1COc1nc(N2CC3CCC(C2)N3)c2cnc(c(F)c2n1)-c1cccc2cccc(Cl)c12,333377.0,174.3,9514.0
US_116,CN1CCC[C@H]1COc1nc(N2CC3CCC(C2)N3)c2cnc(cc2n1)-c1cccc2cccc(C)c12,3628.8,1437.7,
US_117,CN1CCC[C@H]1COc1nc(N2CC3CCC(C2)N3)c2cnc(cc2n1)-c1cccc2cccc(CCC#N)c12,1004.8,731.5,
US_118,Oc1cc(-c2ncc3c(nc(nc3c2F)N2CCCC2)N2CC3CCC(C2)N3)c2ccccc2c1,1061.5,476.6,16666.7
US_119,Oc1cc(-c2ncc3c(nc(nc3c2F)N2CCC2)N2CC3CCC(C2)N3)c2ccccc2c1,511.4,684.3,3700.2
US_121,OC[C@@H]1CCN1c1nc(N2CC3CCC(C2)N3)c2cnc(c(F)c2n1)-c1cc(O)cc2ccccc12,197.0,204.2,4077.1
US_122,CN(C)C1CN(C1)c1nc(N2CC3CCC(C2)N3)c2cnc(c(F)c2n1)-c1cccc2cccc(Cl)c12,3417.4,3265.3,16666.7
US_123,CN1CCC[C@H]1COc1nc(N2CC3CCC(C2)N3)c2cnc(cc2n1)-c1cccc2cccc(Cl)c12,785.7,754.4,
US_124,CC1(N)CN(C1)c1nc(N2CC3CCC(C2)N3)c2cnc(c(F)c2n1)-c1cc(O)cc2ccccc12,22.7,8.6,11087.4
US_125,CC1(N)CN(C1)c1nc(N2CC3CCC(C2)N3)c2cnc(c(F)c2n1)-c1cccc2cccc(Cl)c12,,667.5,
US_126,CCC1(N)CN(C1)c1nc(N2CC3CCC(C2)N3)c2cnc(c(F)c2n1)-c1cc(O)cc2ccccc12,16.1,9.9,3470.6
US_127,CN(C)C1(C)CN(C1)c1nc(N2CC3CCC(C2)N3)c2cnc(c(F)c2n1)-c1cccc2cccc(Cl)c12,864.1,250.9,16666.7
US_128,CCC1(N)CN(C1)c1nc(N2CC3CCC(C2)N3)c2cnc(c(F)c2n1)-c1cccc2cccc(Cl)c12,,500.6,
US_129,Fc1c(ncc2c(nc(OCCC3CC(F)(F)C3)nc12)N1CC2CCC(C1)N2)-c1cccc2cccc(Cl)c12,,4092.5,
US_130,Fc1c(ncc2c(nc(nc12)N1CC2(CCN2)C1)N1CC2CCC(C1)N2)-c1cccc2cccc(Cl)c12,,1647.0,
US_131,CN1CC(COc2nc(N3CC4CCC(C3)N4)c3cnc(c(F)c3n2)-c2cccc3cccc(Cl)c23)CC1=O,1553.0,423.9,16666.7
US_132,CN1CCC[C@H]1COc1nc(N2CC3CCC(C2)N3)c2cnc(c(F)c2n1)-c1cccc2cccc(Cl)c12,64.7,60.5,2558.7
US_133,CC1CCCc2cccc(-c3ncc4c(nc(OC[C@@H]5CCCN5C)nc4c3F)N3CC4CCC(C3)N4)c12,112.6,48.8,2048.8
US_135,OCC1CCC2(COc3nc(N4CC5CCC(C4)N5)c4cnc(c(F)c4n3)-c3cccc4cccc(Cl)c34)CCCN12,,2.1,4820.9
US_138,CO[C@H](C)COc1nc(N2CC3CCC(C2)N3)c2cnc(c(F)c2n1)-c1cccc2cccc(Cl)c12,,8067.8,
US_139,Nc1cccc(CCOc2nc(N3CC4CCC(C3)N4)c3cnc(c(F)c3n2)-c2cc(O)cc3ccccc23)n1,25.4,113.3,5245.1
US_140,COc1cccnc1CCOc1nc(N2CC3CCC(C2)N3)c2cnc(c(F)c2n1)-c1cc(O)cc2ccccc12,5591.7,5161.4,
US_141,Nc1ccc(CCOc2nc(N3CC4CCC(C3)N4)c3cnc(c(F)c3n2)-c2cccc3cccc(Cl)c23)cn1,,891.1,16666.7
US_142,Fc1c(ncc2c(nc(OC3CCc4[nH]ncc4C3)nc12)N1CC2CCC(C1)N2)-c1cccc2cccc(Cl)c12,13834.0,8846.4,
US_143,Fc1c(ncc2c(nc(OC3CCc4cn[nH]c4C3)nc12)N1CC2CCC(C1)N2)-c1cccc2cccc(Cl)c12,14933.6,4563.2,
US_144,Cn1nccc1CCOc1nc(N2CC3CCC(C2)N3)c2cnc(c(F)c2n1)-c1cccc2cccc(Cl)c12,,1702.3,
US_145,Cn1ccc(CCOc2nc(N3CC4CCC(C3)N4)c3cnc(c(F)c3n2)-c2cccc3cccc(Cl)c23)n1,,5002.5,
US_146,Cn1cc(CCOc2nc(N3CC4CCC(C3)N4)c3cnc(c(F)c3n2)-c2cccc3cccc(Cl)c23)cn1,,2285.7,
US_147,Fc1c(ncc2c(nc(OCCn3cccn3)nc12)N1CC2CCC(C1)N2)-c1cccc2cccc(Cl)c12,18778.9,5876.2,
US_148,Cn1cnc2ccc(Oc3nc(N4CC5CCC(C4)N5)c4cnc(c(F)c4n3)-c3cccc4cccc(Cl)c34)cc12,,5180.0,
US_150,Fc1c(ncc2c(nc(OCc3cccn4ccnc34)nc12)N1CC2CCC(C1)N2)-c1cccc2cccc(Cl)c12,,1981.1,
US_151,CN1CCCC1COc1nc(N2CC3CCC(C2)N3)c2cnc(c(F)c2n1)-c1cncc2cccc(Cl)c12,448.0,387.5,
US_152,O[C@@H]1C[C@@H]2CN(CC1N2)c1nc(nc2c(F)c(ncc12)-c1cccc2cccc(Cl)c12)N1CCC1,,2647.1,50000.0
US_153,CC(C)N1CCC[C@H]1COc1nc(N2C[C@H]3C[C@@H](O)C(C2)N3)c2cnc(c(F)c2n1)-c1cccc2cccc(Cl)c12,70.5,50.8,2369.2
US_154,Cn1cnnc1CCOc1nc(N2CC3CCC(C2)N3)c2cnc(c(F)c2n1)-c1cccc2cccc(Cl)c12,,6533.8,
US_155,O[C@@H]1C[C@@H]2CN(CC1N2)c1nc(OCCC(F)(F)F)nc2c(F)c(ncc12)-c1cccc2cccc(Cl)c12,,3417.0,
US_156,CN1CCC[C@H]1COc1nc(N2CC3CCC(C)(C2)N3)c2cnc(c(F)c2n1)-c1cc(O)cc2ccccc12,500006.0,9.1,1786.9
US_157,CN1CCC[C@H]1COc1nc(N2CC3CCC(CCC#N)(C2)N3)c2cnc(c(F)c2n1)-c1cc(O)cc2ccccc12,22.9,26.6,7998.7
US_158,FC1=C(N=CC2=C1N=C(N=C2N2CC1(CCC(C2)N1)C(=O)OC)OC[C@H]1N(CCC1)C)C1=CC(=CC2=CC=CC=C12)O,329.9,73.7,4222.3
US_159,CN1CCC[C@H]1COc1nc(N2CC3CCC(C2)(N3)C(N)=O)c2cnc(c(F)c2n1)-c1cc(O)cc2ccccc12,,331.0,16666.7
US_160,CN1CCC[C@H]1COc1nc(N2CC3CCC(Cl)(C2)N3)c2cnc(c(F)c2n1)-c1cc(O)cc2ccccc12,0.3,120.3,6930.7
US_161,CN1CCC[C@H]1COc1nc(N2CC3CCC(C2)N3)c2cnc(c(F)c2n1)-c1cccc2CCC(C)(C)c12,403.2,273.2,16666.7
US_162,CN1CCC[C@H]1COc1nc(N2CC3CCC(C2)N3)c2cnc(c(F)c2n1)-c1cccc2CCC3(CC3)c12,554.6,677.3,16666.7
US_163,Fc1c(ncc2c(nc(OC3CCN(CC3)C(=O)CCl)nc12)N1CC2CCC(C1)N2)-c1cccc2cccc(Cl)c12,,5552.5,16666.7
US_164,Fc1c(ncc2c(nc(OCCNC(=O)c3ccc(cc3)S(F)(=O)=O)nc12)N1CC2CCC(C1)N2)-c1cccc2cccc(Cl)c12,,4046.0,16666.7
US_165,CN1C[C@@H](C[C@H]1COc1nc(N2CC3CCC(C2)N3)c2cnc(c(F)c2n1)-c1cccc2cccc(Cl)c12)NC(=O)c1ccc(cc1)S(F)(=O)=O,,97.8,11068.5
US_166,O[C@@H]1C[C@@H]2CN(C[C@H]1N2)c1nc(OCCc2nccn2C(F)F)nc2c(F)c(ncc12)-c1cccc2cccc(Cl)c12,,1286.1,
US_167,Cc1nccn1CCOc1nc(N2C[C@H]3C[C@@H](O)[C@@H](C2)N3)c2cnc(c(F)c2n1)-c1cccc2cccc(Cl)c12,,226.2,16142.4
US_168,O[C@@H]1C[C@@H]2CN(C[C@H]1N2)c1nc(OCCn2ccnc2CF)nc2c(F)c(ncc12)-c1cccc2cccc(Cl)c12,,583.0,16666.7
US_169,O[C@@H]1C[C@@H]2CN(C[C@H]1N2)c1nc(OCCn2ccnc2C(F)(F)F)nc2c(F)c(ncc12)-c1cccc2cccc(Cl)c12,,656.9,
US_170,O[C@@H]1C[C@@H]2CN(C[C@H]1N2)c1nc(OCCc2nccn2CF)nc2c(F)c(ncc12)-c1cccc2cccc(Cl)c12,,841.7,
US_171,OCc1nccn1CCOc1nc(N2CC3CCC(C2)N3)c2cnc(c(F)c2n1)-c1cccc2cccc(Cl)c12,,757.4,
US_172,O[C@@H]1C[C@@H]2CN(C[C@H]1N2)c1nc(OCCn2ccnc2C(F)F)nc2c(F)c(ncc12)-c1cccc2cccc(Cl)c12,,689.1,
US_173,Cn1ccnc1CCOc1nc(N2C[C@H]3C[C@@H](O)[C@@H](C2)N3)c2cnc(c(F)c2n1)-c1cccc2cccc(Cl)c12,116.7,99.2,10504.3
US_174,CC1CCc2cccc(c12)-c1ncc2c(nc(OC[C@@H]3CCCN3C)nc2c1F)N1CC2CCC(C1)N2,186.1,63.9,12816.8
US_175,Cc1cc(-c2ncc3c(nc(OCC45CCCN4CCC5)nc3c2F)N2CC3CCC(C2)N3)c2c(Cl)cccc2c1,,63.8,5555.6
US_176,NC(=N)NCCOc1nc(N2CC3CCC(C2)N3)c2cnc(c(F)c2n1)-c1cccc2cccc(Cl)c12,,235.1,
US_177,NC(=N)NCCCOc1nc(N2CC3CCC(C2)N3)c2cnc(c(F)c2n1)-c1cccc2cccc(Cl)c12,,187.1,
US_178,Nc1nccn1CCOc1nc(N2CC3CCC(C2)N3)c2cnc(c(F)c2n1)-c1cccc2cccc(Cl)c12,,105.0,16666.7
US_180,Fc1c(ncc2c(nc(OCC34CCCN3CCC4)nc12)N1CC2CCC(C1)N2)-c1cccc2cccc(-c3c[nH]nn3)c12,,76.1,16666.7
US_182,Nc1nc(N2CC3CCC(C2)N3)c2cnc(c(F)c2n1)-c1cc(O)cc2ccccc12,,269.1,13549.2
US_183,CNc1nc(N2CC3CCC(C2)N3)c2cnc(c(F)c2n1)-c1cc(O)cc2ccccc12,,393.3,5252.5
US_184,CN(C)c1nc(N2CC3CCC(C2)N3)c2cnc(c(F)c2n1)-c1cc(O)cc2ccccc12,,1990.6,
US_188,Fc1c(ncc2c(ncnc12)N1CC2CCC(C1)N2)-c1cccc2cccc(C#C)c12,,1919.7,
US_190,CN1CCC[C@H]1COc1nc(N2CC3CCC(C2)N3)c2cnc(c(C)c2n1)-c1cc(O)cc2ccccc12,76.1,64.1,16314.3
US_191,CN1CCC[C@H]1COc1nc(N2CC3CCC(C2)N3)c2cnc(c(Cl)c2n1)-c1cc(O)cc2ccccc12,,69.1,5047.0
US_192,CN1CCC[C@H]1COc1nc(N2CC3CCC(C2)N3)c2cnc(c(F)c2n1)-c1cccc2cccc(C#N)c12,,224.9,
US_193,OCC#Cc1cccc2cccc(-c3ncc4c(nc(OCC56CCCN5CCC6)nc4c3F)N3CC4CCC(C3)N4)c12,,12.5,8517.9
US_194,CN1CCC[C@H]1COc1nc(N2CC3CCC(C2)N3)c2cnc(c(F)c2n1)-c1cccc2cccc(C#CCO)c12,,150.8,
US_195,CC#Cc1cccc2cccc(-c3ncc4c(nc(OCC56CCCN5CCC6)nc4c3F)N3CC4CCC(C3)N4)c12,,20.7,2461.5
US_196,Fc1c(ncc2c(nc(OCC34CCCN3CCC4)nc12)N1CC2CCC(C1)N2)-c1cccc2OC(F)(F)Oc12,,467.0,
US_197,Fc1c(ncc2c(nc(OCC34CCCN3CCC4)nc12)N1CC2CCC(C1)N2)-c1cccc(c1C(F)(F)F)C(F)(F)F,,99.9,16666.7
US_198,Fc1c(ncc2c(nc(OCC34CCCN3CCC4)nc12)N1CC2CCC(C1)N2)-c1cccc2cccc(C#N)c12,,20.3,2425.5
US_199,CSc1cccc2cccc(-c3ncc4c(nc(OCC56CCCN5CCC6)nc4c3F)N3CC4CCC(C3)N4)c12,,2.0,464.8
US_200,Fc1c(ncc2c(nc(OCC34CCCN3CCOC4)nc12)N1CC2CCC(C1)N2)-c1cccc2cccc(Cl)c12,,229.7,
US_201,CN1CCC[C@H]1COc1nc(N2CC3CCC(C2)N3)c2cnc(c(F)c2n1)-c1cccc2cccc(C=C)c12,,70.2,13915.2
US_202,COCCO[C@@H]1C[C@@H](COc2nc(N3CC4CCC(C3)N4)c3cnc(c(F)c3n2)-c2cccc3cccc(Cl)c23)N(C)C1,,94.0,10186.8
US_203,F[C@@H]1CN2CCCC2(COc2nc(N3CC4CCC(C3)N4)c3cnc(c(F)c3n2)-c2cncc3cccc(Cl)c23)C1,,28.1,2183.2
US_204,F[C@@H]1CN2CCCC2(COc2nc(N3CC4CCC(C3)N4)c3cnc(c(F)c3n2)-c2cncc3cccc(C#C)c23)C1,,4.4,306.7
US_205,F[C@@H]1CN2CCCC2(COc2nc(N3CC4CCC(C3)N4)c3cnc(c(F)c3n2)-c2cccc3cccc(C#C)c23)C1,,1.2,242.1
US_206,CN1CCC[C@H]1COc1nc(N2CC3CCC(C2)N3)c2cnc(c(F)c2n1)-c1cccc2cccc(C#C)c12,,5.1,899.6
US_207,CN1CCC[C@H]1COc1nc(N2CC3CCC(C2)N3)c2cnc(c(F)c2n1)-c1cccc2cc(C)ccc12,,4906.8,
US_208,CN1C[C@@H](C[C@H]1COc1nc(N2CC3CCC(C2)N3)c2cnc(c(F)c2n1)-c1cccc2cccc(Cl)c12)Oc1cccc(c1)S(F)(=O)=O,,1836.7,16666.7
US_209,CN1C[C@@H](C[C@H]1COc1nc(N2CC3CCC(C2)N3)c2cnc(c(F)c2n1)-c1cccc2cccc(Cl)c12)Oc1ccc(cc1)S(F)(=O)=O,,2746.7,16666.7
US_210,CN1CC[C@H](Oc2cccc(c2)S(F)(=O)=O)[C@H]1COc1nc(N2CC3CCC(C2)N3)c2cnc(c(F)c2n1)-c1cccc2cccc(Cl)c12,,5464.7,16666.7
US_211,CN1C[C@@H](C[C@H]1COc1nc(N2CC3CCC(C2)N3)c2cnc(c(F)c2n1)-c1cccc2cccc(Cl)c12)NC(=O)c1cccc(c1)S(F)(=O)=O,,211.5,13506.7
US_212,Oc1cc(-c2ncc3c(nc(OCCNC(=O)c4ccc(cc4)S(F)(=O)=O)nc3c2F)N2CC3CCC(C2)N3)c2ccccc2c1,,1218.4,
US_213,Oc1cc(-c2ncc3c(nc(OCCNC(=O)c4cccc(c4)S(F)(=O)=O)nc3c2F)N2CC3CCC(C2)N3)c2ccccc2c1,,7529.0,
US_214,CN1CCC[C@H]1COc1nc(N2CC3CCC(C2)(N3)C=O)c2cnc(c(F)c2n1)-c1cc(O)cc2ccccc12,283.6,,16666.7
US_215,CN1CCC[C@H]1COc1nc(N2CC3CCC(CO)(C2)N3)c2cnc(c(F)c2n1)-c1cc(O)cc2ccccc12,70.4,,16666.7
US_217,Oc1cc(-c2ncc3c(nc(OCc4ccccc4F)nc3c2F)N2CC3CCC(C2)N3)c2ccccc2c1,2977.0,,
US_220,Cn1cc(cn1)[C@H]1CN2CCC[C@]2(COc2nc(N3CC4CCC(C3)N4)c3cnc(c(F)c3n2)-c2cccc3cccc(Cl)c23)C1,,8.7,1344.9
US_221,Fc1c(ncc2c(nc(OC[C@]34CCCN3C[C@@H](C4)c3ccccc3)nc12)N1CC2CCC(C1)N2)-c1cccc2cccc(Cl)c12,,15.7,15840.8
US_222,OCC12CCCN1CC(C2)Oc1nc(N2CC3CCC(C2)N3)c2cnc(c(F)c2n1)-c1cccc2cccc(Cl)c12,,1126.7,
US_227,C[C@H]1CN2CCC[C@@]2(COc2nc(N3CC4CCC(C3)N4)c3cnc(c(F)c3n2)-c2cccc3cccc(Cl)c23)C1,,6.4,2976.0
US_228,CC1(C)CN2CCCC2(COc2nc(N3CC4CCC(C3)N4)c3cnc(c(F)c3n2)-c2cccc3cccc(Cl)c23)C1,,87.7,13718.5
US_229,Fc1c(ncc2c(nc(OCC34CCCN3CCC4)nc12)N1CC2CCC(C1)N2)-c1ccccc1OC(F)(F)F,,121.0,11330.3
US_230,Fc1c(ncc2c(nc(OCC34CCCN3CCC4)nc12)N1CC2CCC(C1)N2)-c1cccc(Cl)c1OC(F)(F)F,,1433.1,
US_231,COc1cc(-c2ncc3c(nc(OCC45CCCN4CCC5)nc3c2F)N2CC3CCC(C2)N3)c2c(cccc2c1)C#C,,19.8,2806.1
US_232,Oc1cc(-c2ncc3c(nc(OCC45CCCN4CCC5)nc3c2F)N2CC3CCC(C2)N3)c2c(C#C)c(F)ccc2c1,,0.6,15.2
US_233,C(Oc1nc(N2CC3CCC(C2)N3)c2cnc(cc2n1)-c1cccc2ccccc12)C12CCCN1CCC2,,387.2,15568.1
US_235,Fc1c(ncc2c(nc(OCC34CCCN3CCC4)nc12)N1CC2CCC(C1)N2)-c1cccc2cccc(Br)c12,,1.2,338.6
US_237,Oc1cccc2cccc(-c3ncc4c(nc(OCC56CCCN5CCC6)nc4c3F)N3CC4CCC(C3)N4)c12,,500.3,
US_239,OCCc1cccc2cccc(-c3ncc4c(nc(OCC56CCCN5CCC6)nc4c3F)N3CC4CCC(C3)N4)c12,,2.0,2951.1
US_240,NC(=O)Cc1cccc2cccc(-c3ncc4c(nc(OCC56CCCN5CCC6)nc4c3F)N3CC4CCC(C3)N4)c12,,314.8,16666.7
US_241,NCC#Cc1cccc2cccc(-c3ncc4c(nc(OCC56CCCN5CCC6)nc4c3F)N3CC4CCC(C3)N4)c12,,79.2,16666.7
US_242,CCC#Cc1cccc2cccc(-c3ncc4c(nc(OCC56CCCN5CCC6)nc4c3F)N3CC4CCC(C3)N4)c12,,82.2,16666.7
US_243,Oc1cc(-c2ncc3c(nc(OC[C@@]45CCCN4C[C@H](F)C5)nc3c2F)N2CC3CCC(C2)N3)c2c(cccc2c1)C#C,,0.4,0.8
US_244,Oc1cc(-c2ncc3c(ncnc3c2F)N2CC3CCC(C2)N3)c2c(cccc2c1)C#C,,4.2,763.0
US_245,Oc1cc(-c2ncc3c(nc(OCC45CCCN4CCC5)nc3c2F)N2CC3CCC(C2)N3)c2c(Cl)c(F)ccc2c1,,0.5,23.4
US_246,Oc1cc(-c2ncc3c(nc(OC[C@@]45CCCN4C[C@H](F)C5)nc3c2F)N2CC3CCC(C2)N3)c2c(F)c(F)ccc2c1,,0.6,1.0
US_247,FC(F)Cc1cccc2cccc(-c3ncc4c(nc(OCC56CCCN5CCC6)nc4c3F)N3CC4CCC(C3)N4)c12,,12.6,4310.5
US_248,FCCc1cccc2cccc(-c3ncc4c(nc(OCC56CCCN5CCC6)nc4c3F)N3CC4CCC(C3)N4)c12,,3.2,1082.8
US_249,Cc1cc2[nH]ncc2c(c1C)-c1ncc2c(nc(OCC34CCCN3CCC4)nc2c1F)N1CC2CCC(C1)N2,,3.5,7705.6
US_250,Cc1cc2[nH]ccc2c(c1C)-c1ncc2c(nc(OCC34CCCN3CCC4)nc2c1F)N1CC2CCC(C1)N2,,28.2,7477.7
US_253,CCc1c(F)ccc2cc(O)cc(-c3ncc4c(nc(OC[C@@]56CCCN5C[C@H](F)C6)nc4c3F)N3CC4CCC(C3)N4)c12,,0.8,2.0
US_254,CCCc1cccc2cccc(-c3ncc4c(nc(OCC56CCCN5CCC6)nc4c3F)N3CC4CCC(C3)N4)c12,,6.1,2428.8
US_255,FCCCc1cccc2cccc(-c3ncc4c(nc(OCC56CCCN5CCC6)nc4c3F)N3CC4CCC(C3)N4)c12,,8.7,673.4
US_256,Cc1ccc(O)cc1-c1ncc2c(nc(OCC34CCCN3CCC4)nc2c1F)N1CC2CCC(C1)N2,,13.2,16666.7
US_257,Fc1c(ncc2c(nc(OCC34CCCN3CCC4)nc12)N1CC2CCC(C1)N2)-c1c2cn[nH]c2cc2ccccc12,,5.1,530.7
US_258,Fc1c(ncc2c(nc(OCC34CCCN3CCC4)nc12)N1CC2CCC(C1)N2)-c1c(OC(F)(F)F)ccc2[nH]ncc12,,6.5,1460.4
US_260,CN1C[C@@H](C[C@H]1COc1nc(N2CC3CCC(C2)N3)c2cnc(c(F)c2n1)-c1cccc2cccc(Cl)c12)OC(=O)NCCOCc1ccc(O)cc1,,107.1,16666.7
US_261,NCCOc1nc(N2CC3CCC(C2)N3)c2cnc(c(F)c2n1)-c1cccc2cccc(Cl)c12,,8304.2,
US_262,NC1(COc2nc(N3CC4CCC(C3)N4)c3cnc(c(F)c3n2)-c2cccc3cccc(Cl)c23)CCCCC1,,2255.6,
US_263,CCc1ccc(O)cc1-c1ncc2c(nc(OCC34CCCN3CCC4)nc2c1F)N1CC2CCC(C1)N2,,1.5,7641.0
US_264,Fc1ccccc1-c1ncc2c(nc(OCC34CCCN3CCC4)nc2c1F)N1CC2CCC(C1)N2,,4698.9,
US_265,Nc1cccc(F)c1-c1ncc2c(nc(OCC34CCCN3CCC4)nc2c1F)N1CC2CCC(C1)N2,,794.0,
US_266,Nc1c(Cl)cc(Cl)c(F)c1-c1ncc2c(nc(OCC34CCCN3CCC4)nc2c1F)N1CC2CCC(C1)N2,,278.0,
US_267,Oc1ccccc1-c1ncc2c(nc(OCC34CCCN3CCC4)nc2c1F)N1CC2CCC(C1)N2,,3261.6,
US_268,CNc1c(F)cccc1-c1ncc2c(nc(OCC34CCCN3CCC4)nc2c1F)N1CC2CCC(C1)N2,,1546.3,
US_269,CCNc1c(F)cccc1-c1ncc2c(nc(OCC34CCCN3CCC4)nc2c1F)N1CC2CCC(C1)N2,,4037.9,
US_270,Nc1c(F)cccc1-c1ncc2c(nc(OCC34CCCN3CCC4)nc2c1F)N1CC2CCC(C1)N2,,4492.4,
US_271,Oc1cccc(c1)-c1ncc2c(nc(OCC34CCCN3CCC4)nc2c1F)N1CC2CCC(C1)N2,,1621.9,
US_272,Cc1ccccc1-c1ncc2c(nc(OCC34CCCN3CCC4)nc2c1F)N1CC2CCC(C1)N2,,1178.7,
US_273,COc1ccccc1-c1ncc2c(nc(OCC34CCCN3CCC4)nc2c1F)N1CC2CCC(C1)N2,,1340.8,
US_274,Cc1c(Cl)cccc1-c1ncc2c(nc(OCC34CCCN3CCC4)nc2c1F)N1CC2CCC(C1)N2,,35.9,4706.4
US_275,Cc1cccc(c1C)-c1ncc2c(nc(OCC34CCCN3CCC4)nc2c1F)N1CC2CCC(C1)N2,,53.8,7058.7
US_276,Cc1cccc(c1Cl)-c1ncc2c(nc(OCC34CCCN3CCC4)nc2c1F)N1CC2CCC(C1)N2,,16.2,3789.2
US_277,Fc1c(ncc2c(nc(OCC34CCCN3CCC4)nc12)N1CC2CCC(C1)N2)-c1cccc(Cl)c1Cl,,35.2,3675.0
US_278,[C@H]12CN(C[C@H](CC1)N2)C=2C1=C(N=C(N2)OCC23CCCN3CCC2)C(=C(N=C1)C1=CC=CC2=CC=CC(=C12)C#C[2H])F,,0.7,104.4
US_279,Oc1ccc(CC#C)c(c1)-c1ncc2c(nc(OCC34CCCN3CCC4)nc2c1F)N1CC2CCC(C1)N2,,1.6,7401.8
US_280,COCCNC(=O)O[C@@H]1C[C@@H](COc2nc(N3CC4CCC(C3)N4)c3cnc(c(F)c3n2)-c2cccc3cccc(Cl)c23)N(C)C1,,99.8,6115.7
US_281,F[C@H]1CN2CCC[C@@]2(COc2nc(N3CC4CCC(C3)N4)c3cnc(c(F)c3n2)-c2cccc3ccc(F)c(C#C)c23)C1,,0.9,97.8
US_283,[C@H]12CN(C[C@H](CC1)N2)C=2C1=C(N=C(N2)OC[C@]23CCCN3C[C@@H](C2)F)C(=C(N=C1)C=1C=C(C=C(C1C1CC1)Cl)O)F,,0.7,7.0
US_284,Oc1cc(Cl)c(c(c1)-c1ncc2c(nc(OC[C@@]34CCCN3C[C@H](F)C4)nc2c1F)N1CC2CCC(C1)N2)C(F)(F)F,,0.1,17.4
US_285,F[C@@H]1C[C@H]1c1ccccc1-c1ncc2c(nc(OCC34CCCN3CCC4)nc2c1F)N1CC2CCC(C1)N2,,279.0,
US_290,CC(C)c1c(F)cc(O)cc1-c1ncc2c(nc(OC[C@@]34CCCN3C[C@H](F)C4)nc2c1F)N1CC2CCC(C1)N2,,2.1,110.5
US_291,CC(C)c1c(Cl)cc(O)cc1-c1ncc2c(nc(OC[C@@]34CCCN3C[C@H](F)C4)nc2c1F)N1CC2CCC(C1)N2,,1.6,46.5
US_292,Fc1cccc(-c2ncc3c(nc(OCC45CCCN4CCC5)nc3c2F)N2CC3CCC(C2)N3)c1C(F)(F)F,,13.1,1696.0
US_293,FC(F)c1ccccc1-c1ncc2c(nc(OCC34CCCN3CCC4)nc2c1F)N1CC2CCC(C1)N2,,692.3,
US_294,Cc1c(F)cccc1-c1ncc2c(nc(OCC34CCCN3CCC4)nc2c1F)N1CC2CCC(C1)N2,,620.4,
US_295,CCc1ccccc1-c1ncc2c(nc(OCC34CCCN3CCC4)nc2c1F)N1CC2CCC(C1)N2,,191.5,
US_296,CN(C)c1ccccc1-c1ncc2c(nc(OCC34CCCN3CCC4)nc2c1F)N1CC2CCC(C1)N2,,111.5,8472.0
US_297,Fc1c(ncc2c(nc(OCC34CCCN3CCC4)nc12)N1CC2CCC(C1)N2)-c1ccccc1C1CC1,,88.9,6562.0
US_298,CC(C)c1c(Cl)cccc1-c1ncc2c(nc(OCC34CCCN3CCC4)nc2c1F)N1CC2CCC(C1)N2,,8.3,1228.7
US_299,CC(C)c1c(F)cccc1-c1ncc2c(nc(OCC34CCCN3CCC4)nc2c1F)N1CC2CCC(C1)N2,,131.7,5555.6
US_300,CCC(C)c1ccccc1-c1ncc2c(nc(OCC34CCCN3CCC4)nc2c1F)N1CC2CCC(C1)N2,,767.8,
US_301,CC(C)c1c(C)cccc1-c1ncc2c(nc(OCC34CCCN3CCC4)nc2c1F)N1CC2CCC(C1)N2,,35.1,3173.2
US_302,FC(F)Oc1c(F)cccc1-c1ncc2c(nc(OCC34CCCN3CCC4)nc2c1F)N1CC2CCC(C1)N2,,43.6,1993.3
US_303,FC(F)Oc1ccccc1-c1ncc2c(nc(OCC34CCCN3CCC4)nc2c1F)N1CC2CCC(C1)N2,,357.3,
US_304,Fc1cccc(-c2ncc3c(nc(OCC45CCCN4CCC5)nc3c2F)N2CC3CCC(C2)N3)c1C1CC1,,29.2,1415.1
US_305,CC1(CC1)c1ccccc1-c1ncc2c(nc(OCC34CCCN3CCC4)nc2c1F)N1CC2CCC(C1)N2,,366.8,
US_306,CC(C)c1ccncc1-c1ncc2c(nc(OCC34CCCN3CCC4)nc2c1F)N1CC2CCC(C1)N2,,260.4,
US_307,CC(C)c1ncccc1-c1ncc2c(nc(OCC34CCCN3CCC4)nc2c1F)N1CC2CCC(C1)N2,,3164.3,
US_308,CN(C)Cc1ccc(COCCNC(=O)O[C@@H]2C[C@@H](COc3nc(N4CC5CCC(C4)N5)c4cnc(c(F)c4n3)-c3cccc4cccc(Cl)c34)N(C)C2)cc1,,117.4,5555.6
US_309,CC(C)c1ccccc1-c1ncc2c(nc(OCC34CCCN3CCC4)nc2c1F)N1CC2CCC(C1)N2,,204.7,
US_310,Fc1c(ncc2c(nc(OCC34CCCN3CCC4)nc12)N1CC2CCC(C1)N2)-c1ccccc1Cl,,558.7,
US_311,COc1c(Cl)cccc1-c1ncc2c(nc(OCC34CCCN3CCC4)nc2c1F)N1CC2CCC(C1)N2,,135.3,
US_312,CCc1c(Cl)cccc1-c1ncc2c(nc(OCC34CCCN3CCC4)nc2c1F)N1CC2CCC(C1)N2,,9.0,1877.6
US_313,COc1c(C)cccc1-c1ncc2c(nc(OCC34CCCN3CCC4)nc2c1F)N1CC2CCC(C1)N2,,231.3,
US_314,CCc1c(F)ccc2cc(O)cc(-c3ncc4c(nc(OCC56CCCN5CCC6)nc4c3F)N3CC4CCC(C3)N4)c12,,0.6,3.7
US_315,OCCc1ccccc1-c1ncc2c(nc(OCC34CCCN3CCC4)nc2c1F)N1CC2CCC(C1)N2,,2537.4,
US_316,Cc1cccc(F)c1-c1ncc2c(nc(OCCc3nccn3C)nc2c1F)N1CC2CCC(C1)N2,157480.3,10000.0,
US_317,COc1nc(N2CC3CCC(C2)N3)c2cnc(c(F)c2n1)-c1cccc2cccc(C)c12,91269.8,10000.0,
US_318,CN1CCC[C@H]1COc1nc(N2CC3CCC(C2)N3)c2cnc(c(F)c2n1)-c1cccc2C(O)CCc12,367549.7,10000.0,
US_319,CCOC(=O)CCCOc1nc(N2CC3CCC(C2)N3)c2cnc(c(F)c2n1)-c1cccc2cccc(Cl)c12,255881.2,10000.0,
US_320,Oc1ccc(CCCOc2nc(N3CC4CCC(C3)N4)c3cnc(c(F)c3n2)-c2cccc3cccc(Cl)c23)cc1C=O,71584.2,10000.0,
US_321,CN1CCC[C@H]1COc1nc(N2CC3CCC(C2)N3)c2cnc(c(F)c2n1)-c1cccc2ccc(C)cc12,,612.8,16666.7
US_322,Fc1c(ncc2c(nc(OCC34CCCN3CCC4)nc12)N1CC2CCC(C1)N2)-c1cccc(Cl)c1C1CC1,,4.9,664.8
US_323,CN1CCCC1(CO)COc1nc(N2CC3CCC(C2)N3)c2cnc(c(F)c2n1)-c1cccc2ccccc12,,1689.3,
US_324,CCc1cccc2cncc(-c3ncc4c(nc(OCC56CCCN5C[C@H](F)C6)nc4c3F)N3CC4CCC(C3)N4)c12,,10.2,863.9
US_325,CC1(C)CN2C[C@H](F)CC2(COc2nc(N3CC4CCC(C3)N4)c3cnc(c(F)c3n2)-c2cccc3cccc(Cl)c23)C1,,140.9,16666.7
US_328,Fc1c(ncc2c(nc(OCC34CCCN3CCC4)nc12)N1CC2CCC(C1)N2)-c1cccc(Cl)c1C(F)(F)F,,9.4,896.9
US_329,CSc1ccccc1-c1ncc2c(nc(OCC34CCCN3CCC4)nc2c1F)N1CC2CCC(C1)N2,,202.5,
US_331,Cc1ccc2[nH]ncc2c1-c1ncc2c(nc(OCC34CCCN3C[C@H](F)C4)nc2c1F)N1CC2CCC(C1)N2,,114.4,10826.0
US_332,Cc1ccc2[nH]ncc2c1-c1ncc2c(nc(OCC34CCCN3CCC4)nc2c1F)N1CC2CCC(C1)N2,,163.9,16666.7
US_333,Oc1cc(-c2ncc3c(nc(OC[C@@]45CCCN4C[C@H](F)C5)nc3c2F)N2CC3C[C@H](C(C2)N3)n2cncn2)c2ccccc2c1,,450.5,
US_335,Fc1c(ncc2c(nc(OCC34CCCN3CCC4)nc12)N1CC2CCC(C1)N2)-c1cccc2cccc(C3CC3)c12,,25.8,10440.5
US_336,F[C@H]1CN2CCC[C@@]2(COc2nc(N3CC4CCC(C3)N4)c3cnc(c(F)c3n2)-c2cccc3ccc(F)c(Cl)c23)C1,,3.1,1057.2
US_337,CN1CCC[C@H]1COc1nc(N2CC3CCC(C2)N3)c2cnc(c(F)c2n1)-c1c(Cl)c(O)cc2ccccc12,,2.2,1620.7
US_338,Oc1cc(-c2ncc3c(nc(OCC45CCCN4CCC5)nc3c2F)N2C[C@H]3C[C@@H](CC#N)[C@@H](C2)N3)c2ccccc2c1,,33.1,16666.7
US_339,Oc1cc(-c2ncc3c(nc(OC[C@@]45CCCN4C[C@H](F)C5)nc3c2F)N2C[C@H]3C[C@@H](CC#N)[C@@H](C2)N3)c2ccccc2c1,21.6,21.0,8659.5
US_340,Oc1ccc(OC(F)(F)F)c(c1)-c1ncc2c(nc(OCC34CCCN3C[C@H](F)C4)nc2c1F)N1CC2CCC(C1)N2,,0.4,51.5
US_341,Oc1ccc(OC(F)(F)F)c(c1)-c1ncc2c(nc(OCC34CCCN3CCC4)nc2c1F)N1CC2CCC(C1)N2,,0.7,837.3
US_342,F[C@H]1CN2CCCC2(COc2nc(N3CC4CCC(C3)N4)c3cnc(c(F)c3n2)-c2cccc(Cl)c2C2CC2)C1,,3.4,1001.2
US_343,F[C@H]1CN2CCCC2(COc2nc(N3CC4CCC(C3)N4)c3cnc(c(F)c3n2)-c2c(ccc3[nH]ncc23)C(F)(F)F)C1,,10.4,1616.5
US_344,Fc1c(ncc2c(nc(OCC34CCCN3CCC4)nc12)N1CC2CCC(C1)N2)-c1c(ccc2[nH]ncc12)C(F)(F)F,,10.9,8069.6
US_345,Fc1c(ncc2c(nc(OCC34CCCN3CCC4)nc12)N1CC2CCC(C1)N2)-c1cccc2cccc(OC(F)(F)F)c12,,10.6,1468.2
US_346,FC(F)Oc1cccc2cccc(-c3ncc4c(nc(OCC56CCCN5CCC6)nc4c3F)N3CC4CCC(C3)N4)c12,,10.5,1351.5
US_347,FCC1CCC2(COc3nc(N4CC5CCC(C4)N5)c4cnc(c(F)c4n3)-c3cccc4ccccc34)CCCN12,,2.1,458.9
US_348,CC(C)c1ccccc1-c1ncc2c(nc(OCC34CCCN3C[C@H](F)C4)nc2c1F)N1CC2CCC(C1)N2,,15.5,778.6
US_349,Fc1c(ncc2c(nc(OCC34CCCN3CCC4)nc12)N1CC2CCC(C1)N2)-c1c(Cl)ccc2ccccc12,,560.7,
US_350,Oc1c(F)cc(F)c(c1F)-c1ncc2c(nc(OCC34CCCN3CCC4)nc2c1F)N1CC2CCC(C1)N2,,3822.1,
US_351,CO[C@H]1CN[C@H](COc2nc(N3CC4CCC(C3)N4)c3cnc(c(F)c3n2)-c2cccc3cccc(Cl)c23)C1,,94.8,16666.7
US_352,Fc1c(ncc2c(nc(OC[C@@H]3CC(F)(F)CN3)nc12)N1CC2CCC(C1)N2)-c1cccc2cccc(Cl)c12,,844.8,
US_353,CN1C[C@@H](C[C@H]1COc1nc(N2CC3CCC(C2)N3)c2cnc(c(F)c2n1)-c1cccc2cccc(Cl)c12)NC(=O)c1ccc(C=O)cc1,,333.4,
US_354,CN1C[C@@H](C[C@H]1COc1nc(N2CC3CCC(C2)N3)c2cnc(c(F)c2n1)-c1cccc2cccc(Cl)c12)NC(=O)c1cccc(C=O)c1,,368.1,
US_355,CN1C[C@@H](C[C@H]1COc1nc(N2CC3CCC(C2)N3)c2cnc(c(F)c2n1)-c1cccc2cccc(Cl)c12)NC(=O)c1ccccc1C=O,,869.9,
US_360,COc1nc(N2CC3CCC(C2)N3)c2cnc(c(F)c2n1)-c1cc(O)cc2cccc(Cl)c12,,50.8,8353.4
US_361,COc1ccc(OC(F)(F)F)c(c1)-c1ncc2c(nc(OC[C@@]34CCCN3C[C@H](F)C4)nc2c1F)N1CC2CCC(C1)N2,,2700.3,
US_362,CC(C)(C)c1ccccc1-c1ncc2c(nc(OC[C@@]34CCCN3C[C@H](F)C4)nc2c1F)N1CC2CCC(C1)N2,,105.8,10457.0
US_363,CNC(C)COc1nc(N2CC3CCC(C2)N3)c2cnc(c(F)c2n1)-c1cccc2cccc(Cl)c12,,3932.5,
US_364,CC(C)c1cccc2cc(O)cc(-c3ncc4c(nc(OC[C@@]56CCCN5C[C@H](F)C6)nc4c3F)N3CC4CCC(C3)N4)c12,,2.3,322.0
US_365,Cc1ccc(O)cc1-c1ncc2c(nc(OCC34CCCN3C[C@H](F)C4)nc2c1F)N1CC2CCC(C1)N2,,34.9,3949.0
US_367,Oc1cc(-c2ncc3c(nc(OCC45CCCN4CCC5)nc3c2F)N2CC3CCC(C2)N3)c2c(F)cccc2c1,,0.7,111.8
US_369,Oc1cccc(F)c1-c1ncc2c(nc(OCC34CCCN3C[C@H](F)C4)nc2c1F)N1CC2CCC(C1)N2,,221.4,
US_370,Fc1c(ncc2c(nc(OCC34CCCN3CCC4)nc12)N1CC2CCC(C1)N2)-c1ccccc1C(F)(F)F,,86.1,10730.6
US_371,F[C@H]1CN2CCCC2(COc2nc(N3CC4CCC(C3)N4)c3cnc(c(F)c3n2)-c2ccccc2C2CCC2)C1,,394.2,
US_372,CSc1cccc2cc(O)cc(-c3ncc4c(nc(OCC56CCCN5C[C@H](F)C6)nc4c3F)N3CC4CCC(C3)N4)c12,,0.7,10.5
US_373,Oc1ccc(c(c1)-c1ncc2c(nc(OCC34CCCN3CCC4)nc2c1F)N1CC2CCC(C1)N2)C(F)(F)F,,1.6,16666.7
US_374,C[C@H](N)COc1nc(N2CC3CCC(C2)N3)c2cnc(c(F)c2n1)-c1cccc2cccc(Cl)c12,,347.9,
US_375,Oc1ccc(c(c1)-c1ncc2c(nc(OC[C@@]34CCCN3C[C@H](F)C4)nc2c1F)N1CC2CCC(C1)N2)C(F)(F)F,,1.7,1310.3
US_376,Cc1cc2[nH]ncc2c(c1Cl)-c1ncc2c(nc(OC[C@@]34CCCN3C[C@H](F)C4)nc2c1F)N1CC2CCC(C1)N2,,2.6,582.3
US_377,Cc1cccc(O)c1-c1ncc2c(nc(OC[C@@]34CCCN3C[C@H](F)C4)nc2c1F)N1CC2CCC(C1)N2,,416.9,
US_378,CN1CCc2cccc(Oc3nc(N4CC5CCC(C4)N5)c4cnc(c(F)c4n3)-c3cccc4cccc(Cl)c34)c2C1,,6250.0,
US_379,Fc1c(ncc2c(nc(OC[C@@]34CCCN3CC[C@@H]4C#N)nc12)N1CC2CCC(C1)N2)-c1cccc2cccc(Cl)c12,,248.7,
US_380,Nc1ccc(Cl)c(F)c1-c1ncc2c(nc(OC[C@@]34CCCN3C[C@H](F)C4)nc2c1F)N1CC2CCC(C1)N2,,65.7,16666.7
US_381,CCc1c(F)ccc2cccc(-c3ncc4c(nc(OC[C@@]56CCCN5C[C@H](F)C6)nc4c3F)N3CC4CCC(C3)N4)c12,,0.7,708.4
US_382,Fc1c(ncc2c(nc(OC[C@@]34CCCN3C[C@H](C4)C(F)(F)F)nc12)N1CC2CCC(C1)N2)-c1cccc2cccc(Cl)c12,,21.1,16666.7
US_383,F[C@H]1CN2CCC[C@@]2(COc2nc(N3CC4CCC(C3)N4)c3cnc(c(F)c3n2)-c2ccccc2CC(F)(F)F)C1,,585.9,
US_384,Oc1cc(-c2ncc3c(nc(OCC45CCCN4C(CF)CC5)nc3c2F)N2CC3CCC(C2)N3)c2ccccc2c1,,2.4,398.2
US_385,COc1cc(-c2ncc3c(nc(OC[C@@]45CCCN4C[C@H](F)C5)nc3c2F)N2CC3CCC(C2)N3)c2ccccc2c1,,3083.3,16666.7
US_386,Oc1ccc(SC(F)(F)F)c(c1)-c1ncc2c(nc(OC[C@@]34CCCN3C[C@H](F)C4)nc2c1F)N1CC2CCC(C1)N2,,2.0,320.3
US_387,CC(C)(N)COc1nc(N2CC3CCC(C2)N3)c2cnc(c(F)c2n1)-c1cccc2cccc(Cl)c12,,532.8,
US_389,COC[C@H]1CC[C@@]2(COc3nc(N4CC5CCC(C4)N5)c4cnc(c(F)c4n3)-c3cc(O)cc4ccccc34)CCCN12,,1.4,780.7
US_390,COC(c1ccc(O)cc1-c1ncc2c(nc(OC[C@@]34CCCN3C[C@H](F)C4)nc2c1F)N1CC2CCC(C1)N2)C(F)(F)F,,36.8,6108.7
US_391,Cc1cc(-c2ncc3c(nc(OC[C@@]45CCCN4C[C@H](F)C5)nc3c2F)N2CC3CCC(C2)N3)c2cn[nH]c2c1,,661.7,
US_392,Oc1cccc(OC(F)(F)F)c1-c1ncc2c(nc(OC[C@@]34CCCN3C[C@H](F)C4)nc2c1F)N1CC2CCC(C1)N2,,208.2,
US_393,Oc1cc(-c2ncc3c(nc(OCCC(F)(F)F)nc3c2F)N2CC3CCC(C2)N3)c2c(Cl)cccc2c1,,76.3,7579.3
US_394,CC(C)c1cccc(C(C)C)c1-c1ncc2c(nc(OC[C@@]34CCCN3C[C@H](F)C4)nc2c1F)N1CC2CCC(C1)N2,,2500.0,
US_395,O[C@@H]1C[C@@H]2CN(C[C@H]1N2)c1nc(OC[C@@]23CCCN2C[C@H](F)C3)nc2c(F)c(ncc12)-c1cccc2cccc(Cl)c12,2.6,6.9,1089.1
US_396,F[C@H]1CN2CCC[C@@]2(COc2nc(N3CC4CC(F)C(C3)N4)c3cnc(c(F)c3n2)-c2cccc3cccc(Cl)c23)C1,34.8,206.8,8173.3
US_397,CO[C@@H]1C[C@@H]2CN(C[C@H]1N2)c1nc(OC[C@@]23CCCN2C[C@H](F)C3)nc2c(F)c(ncc12)-c1cccc2cccc(Cl)c12,183.2,886.9,16666.7
US_398,CN1CCC(F)(COc2nc(N3CC4CCC(C3)N4)c3cnc(c(F)c3n2)-c2cccc3cccc(Cl)c23)CC1,,593.2,
US_399,CC(C)c1ccc(O)cc1-c1ncc2c(nc(OC[C@@]34CCCN3C[C@H](F)C4)nc2c1F)N1CC2CCC(C1)N2,,2.7,509.9
US_400,Oc1cc(-c2ncc3c(nc(OCC45CCCN4C(CF)CC5)nc3c2F)N2CC3CCC(C2)N3)c2c(Cl)cccc2c1,,4.2,260.6
US_401,Cc1c(Cl)cc2[nH]ncc2c1-c1ncc2c(nc(OC[C@@]34CCCN3C[C@H](F)C4)nc2c1F)N1CC2CCC(C1)N2,,2.8,603.5
US_402,CC(C)(O)c1ccccc1-c1ncc2c(nc(OC[C@@]34CCCN3C[C@H](F)C4)nc2c1F)N1CC2CCC(C1)N2,,8017.6,
US_403,CC(C)c1ccc(O)cc1-c1ncc2c(nc(OCC34CCCN3CCC4)nc2c1F)N1CC2CCC(C1)N2,,1.9,2881.0
US_404,COC1(CN2CCCC2(COc2nc(N3CC4CCC(C3)N4)c3cnc(c(F)c3n2)-c2cccc3cccc(Cl)c23)C1)OC,,60.8,8331.6
US_405,CN(C)C(=O)OC[C@H]1CC[C@@]2(COc3nc(N4CC5CCC(C4)N5)c4cnc(c(F)c4n3)-c3cccc4cccc(Cl)c34)CCCN12,,2.2,297.0
US_407,CC(C)(F)c1ccccc1-c1ncc2c(nc(OC[C@@]34CCCN3C[C@H](F)C4)nc2c1F)N1CC2CCC(C1)N2,,560.0,
US_408,CNC(=O)OC[C@H]1CC[C@@]2(COc3nc(N4CC5CCC(C4)N5)c4cnc(c(F)c4n3)-c3cccc4cccc(Cl)c34)CCCN12,,3.1,238.0
US_409,F[C@H]1CN2CCC[C@@]2(COc2nc(N3CC4CCC(C3)N4)c3cnc(c(F)c3n2)-c2ccccc2C#N)C1,,2231.4,
US_410,CO[C@H]1CN2CCC[C@@]2(COc2nc(N3CC4CCC(C3)N4)c3cnc(c(F)c3n2)-c2cc(O)cc3cccc(C#C)c23)C1,,1.0,8.0
US_411,COC(=O)NC[C@H]1CC[C@@]2(COc3nc(N4CC5CCC(C4)N5)c4cnc(c(F)c4n3)-c3cccc4cccc(Cl)c34)CCCN12,,17.0,745.3
US_412,CN(C)C(=O)NC[C@H]1CC[C@@]2(COc3nc(N4CC5CCC(C4)N5)c4cnc(c(F)c4n3)-c3cccc4cccc(Cl)c34)CCCN12,,17.7,4779.3
US_413,CC(=O)NC[C@H]1CC[C@@]2(COc3nc(N4CC5CCC(C4)N5)c4cnc(c(F)c4n3)-c3cccc4cccc(Cl)c34)CCCN12,,9.2,2156.3
US_414,F[C@H]1CN2CCC[C@@]2(COc2nc(N3CC4CCC(C3)N4)c3cnc(c(F)c3n2)-c2ccccc2Cl)C1,,873.2,
US_415,F[C@H]1CN2CCC[C@@]2(COc2nc(N3CC4CCC(C3)N4)c3cnc(c(F)c3n2)-c2cnccc2C(F)(F)F)C1,,2578.3,
US_416,CC(C)Oc1ccccc1-c1ncc2c(nc(OC[C@@]34CCCN3C[C@H](F)C4)nc2c1F)N1CC2CCC(C1)N2,,1946.5,
US_417,CC(C)Cc1ccccc1-c1ncc2c(nc(OC[C@@]34CCCN3C[C@H](F)C4)nc2c1F)N1CC2CCC(C1)N2,,594.7,
US_418,Fc1c(ncc2c(nc(OC[C@]34CCCN3[C@@H](Cn3cccn3)CC4)nc12)N1CC2CCC(C1)N2)-c1cccc2cccc(Cl)c12,,7.5,2741.5
US_419,F[C@H]1CN2CCC[C@@]2(COc2nc(N3CC4CCC(C3)N4)c3cnc(c(F)c3n2)-c2cccc3cccc(c23)C(F)(F)F)C1,,50.9,2776.1
US_420,CS(=O)(=O)NC[C@H]1CC[C@@]2(COc3nc(N4CC5CCC(C4)N5)c4cnc(c(F)c4n3)-c3cccc4cccc(Cl)c34)CCCN12,,20.0,7816.4
US_421,CC(C)c1ncccc1-c1ncc2c(nc(OC[C@@]34CCCN3C[C@H](F)C4)nc2c1F)N1CC2CCC(C1)N2,,7746.7,
US_422,Fc1c(ncc2c(nc(OCC34CCCN3CCC4)nc12)N1CC2CCC(C1)N2)-c1cccc2CCC=C(c12)C(F)(F)F,,11.4,2357.8
US_423,COCc1cccc2cccc(-c3ncc4c(nc(OC[C@@]56CCCN5C[C@H](F)C6)nc4c3F)N3CC4CCC(C3)N4)c12,,238.0,
US_424,Oc1ccc(CC(F)(F)F)c(c1)-c1ncc2c(nc(OC[C@@]34CCCN3C[C@H](F)C4)nc2c1F)N1CC2CCC(C1)N2,,5.0,680.9
US_425,FC1CN2CC(F)CC2(COc2nc(N3CC4CCC(C3)N4)c3cnc(c(F)c3n2)-c2cccc3cccc(Cl)c23)C1,,90.2,5414.1
US_426,CCc1c(F)ccc2cccc(-c3ncc4c(nc(OCC56CCCN5CCC6)nc4c3F)N3CC4CCC(C3)N4)c12,,0.9,228.0
US_427,CCn1ccc2cccc(-c3ncc4c(nc(OCC56CCCN5CCC6)nc4c3F)N3CC4CCC(C3)N4)c12,,35.3,1981.7
US_428,F[C@H]1CN2CCC[C@@]2(COc2nc(N3CC4CCC(C3)N4)c3cnc(c(F)c3n2)-c2cccc3CCCc23)C1,,92.1,6964.4
US_429,CC1CCc2cccc(c12)-c1ncc2c(nc(OC[C@@]34CCCN3C[C@H](F)C4)nc2c1F)N1CC2CCC(C1)N2,,18.5,1696.0
US_430,F[C@H]1CN2CCC[C@@]2(COc2nc(N3CC4CCC(C3)N4)c3cnc(c(F)c3n2)-c2cccc3ccc(F)c(F)c23)C1,,1.0,141.0
US_431,CCc1cccc2cccc(-c3ncc4c(nc(OC[C@]56CCCN5[C@@H](COC(=O)N5CCOCC5)CC6)nc4c3F)N3CC4CCC(C3)N4)c12,,1.4,74.3
US_432,CCc1cccc2cccc(-c3ncc4c(nc(OC[C@]56CCCN5[C@@H](COC(=O)NC)CC6)nc4c3F)N3CC4CCC(C3)N4)c12,,1.9,106.3
US_433,CCc1cccc2cc(O)cc(-c3ncc4c(nc(OC[C@]56CCCN5[C@@H](COC(=O)NC)CC6)nc4c3F)N3CC4CCC(C3)N4)c12,,0.9,43.2
US_434,CCc1cccc2cc(O)cc(-c3ncc4c(nc(OC[C@]56CCCN5[C@@H](COC(=O)N(C)C)CC6)nc4c3F)N3CC4CCC(C3)N4)c12,,0.7,6.7
US_435,CNC(=O)O[C@@H]1CN2CCC[C@]2(COc2nc(N3CC4CCC(C3)N4)c3cnc(c(F)c3n2)-c2cccc3cccc(Cl)c23)C1,,28.2,1822.4
US_436,Fc1c(ncc2c(nc(OC[C@]34CCCN3C[C@H](C4)OC(=O)N3CCOCC3)nc12)N1CC2CCC(C1)N2)-c1cccc2cccc(Cl)c12,,48.3,3989.5
US_437,F[C@H]1CN2CCC[C@@]2(COc2nc(N3CC4CCC(C3)N4)c3cnc(c(F)c3n2)-c2cccc3CCC(C4CC4)c23)C1,,233.7,
US_438,F[C@H]1CN2CCC[C@@]2(COc2nc(N3CC4CCC(C3)N4)c3cnc(c(F)c3n2)-c2cccc3C4CC4Cc23)C1,,20.1,1630.8
US_439,CN(C)C(=O)OC[C@H]1CC[C@@]2(COc3nc(N4CC5CCC(C4)N5)c4cnc(c(F)c4n3)-c3cccc4ccc(F)c(C#C)c34)CCCN12,,0.4,12.8
US_440,CN(C)C(=O)OC[C@H]1CC[C@@]2(COc3nc(N4CC5CCC(C4)N5)c4cnc(c(F)c4n3)-c3cc(O)cc4ccc(F)c(C#C)c34)CCCN12,,0.8,8.4
US_441,CCc1c(F)ccc2cc(O)cc(-c3ncc4c(nc(OC[C@]56CCCN5[C@@H](COC(=O)N(C)C)CC6)nc4c3F)N3CC4CCC(C3)N4)c12,,0.5,4.1
US_442,Fc1c(ncc2c(nc(OC[C@]34CCCN3[C@@H](CN3CCOC3=O)CC4)nc12)N1CC2CCC(C1)N2)-c1cccc2cccc(Cl)c12,,25.0,1162.0
US_443,Fc1c(ncc2c(nc(OC[C@]34CCCN3[C@@H](COC(=O)N3CCCC3)CC4)nc12)N1CC2CCC(C1)N2)-c1cccc2cccc(Cl)c12,,3.2,160.0
US_444,Fc1c(ncc2c(nc(OC[C@]34CCCN3[C@@H](COC(=O)N3CCCCC3)CC4)nc12)N1CC2CCC(C1)N2)-c1cccc2cccc(Cl)c12,,5.5,365.0
US_445,Fc1c(ncc2c(nc(OC[C@]34CCCN3[C@@H](COC(=O)N3CCOCC3)CC4)nc12)N1CC2CCC(C1)N2)-c1cccc2cccc(Cl)c12,,2.7,130.0
US_446,Cn1ccc2cccc(-c3ncc4c(nc(OCC56CCCN5CCC6)nc4c3F)N3CC4CCC(C3)N4)c12,,357.0,
US_447,CCCc1ccccc1-c1ncc2c(nc(OCC34CCCN3CCC4)nc2c1F)N1CC2CCC(C1)N2,,297.0,
US_449,CCc1cccc2cc(O)cc(-c3ncc4c(ncnc4c3F)N3CC4CCC(C3)N4)c12,,71.0,
US_450,CC(Oc1nc(N2CC3CCC(C2)N3)c2cnc(c(F)c2n1)-c1cccc2cccc(F)c12)C12CCCN1CCC2,,37.0,
US_453,Nc1nc2c(cccc2s1)-c1ncc2c(nc(OCC34CCCN3CCC4)nc2c1F)N1CC2CCC(C1)N2,,27.0,
US_454,Fc1c(ncc2c(nc(OCC34CCCN3CCC4)nc12)N1CC2CCC(C1)N2)-c1cccc2scnc12,,295.0,
US_455,Nc1nc2c(ccc(F)c2s1)-c1ncc2c(nc(OCC34CCCN3CCC4)nc2c1F)N1CC2CCC(C1)N2,,17.0,
US_456,Cc1cc2sc(N)nc2c(c1C)-c1ncc2c(nc(OCC34CCCN3CCC4)nc2c1F)N1CC2CCC(C1)N2,,966.0,
US_457,Cc1cc2sc(N)nc2c(c1C)-c1ncc2c(nc(OC[C@@]34CCCN3C[C@H](F)C4)nc2c1F)N1CC2CCC(C1)N2,,475.0,
US_458,Cc1ccc2sc(N)nc2c1-c1ncc2c(nc(OCC34CCCN3CCC4)nc2c1F)N1CC2CCC(C1)N2,,143.0,
US_465,[C@H]12CN(C[C@H](CC1)N2)C=2C1=C(N=C(N2)OC[C@]23CCCN3C[C@@H](C2)F)C(=C(N=C1)C1=CC=CC2=CC=CC(=C12)CC)F,,1.0,
US_466,[C@H]12CN(C[C@H](CC1)N2)C3=NC(=NC4=C3C=NC(=C4F)C5=CC=CC6=CC=CC(=C56)CC)OC[C@@]78C[C@@H](CN7C[C@@H](C8)O)O,,6.0,
US_469,[C@H]12CN(C[C@H](CC1)N2)C=2C1=C(N=C(N2)OC[C@]23CCCCN3C[C@@H](C2)F)C(=C(N=C1)C1=CC(=CC2=CC=C(C(=C12)C#C)F)O)F,,2.0,31.6
US_480,[C@H]12CN(C[C@H](CC1)N2)C=2C1=C(N=C(N2)OC([2H])([2H])[C@]23CCC(N3C[C@@H](C2)F)([2H])[2H])C(=C(N=C1)C1=CC(=CC2=CC=CC(=C12)CC)O)F,,2.0,
US_481,[C@H]12CN(C[C@H](CC1)N2)C=2C1=C(N=C(N2)OC([2H])([2H])[C@]23CCC(N3C[C@@H](C2)F)([2H])[2H])C(=C(N=C1)C1=CC(=CC2=CC=C(C(=C12)C#C)F)O)F,,2.0,
31678_1,CN(C1(CCC1)CNC=1C2=C(N=C(N1)OC[C@]13CCCN3C[C@@H](C1)F)C(=C(N=C2)C2=CC(=CC1=CC=CC=C21)O)F)C,14.7,19.6,692.3
31678_2,CN(C1(CCC1)CNC=1C2=C(N=C(N1)OC[C@]13CCCN3C[C@@H](C1)F)C(=C(N=C2)C2=CC=CC1=CC=CC(=C21)C)F)C,,269.1,
31678_3,CN(C1(CCC1)CNC=1C2=C(N=C(N1)OC[C@]13CCCN3C[C@@H](C1)F)C(=C(N=C2)C2=CC=CC1=CC=CC(=C21)C(F)(F)F)F)C,,238.9,
31678_4,FC1=C(N=CC2=C1N=C(N=C2NCC2(CCC2)N2CCOCC2)OC[C@]21CCCN1C[C@@H](C2)F)C2=CC(=CC1=CC=CC=C21)O,,957.7,
31678_5,C12CNCC2C1NC=1C2=C(N=C(N1)OC[C@H]1N(CCC1)C)C(=C(N=C2)C2=CC(=CC1=CC=CC=C21)O)F,,2258.9,
31678_6,CN(C1(CC1)CNC=1C2=C(N=C(N1)OC[C@]13CCCN3C[C@@H](C1)F)C(=C(N=C2)C2=CC(=CC1=CC=CC=C21)O)F)C,,117.0,
31678_7,CN(C1(CCCC1)CNC=1C2=C(N=C(N1)OC[C@]13CCCN3C[C@@H](C1)F)C(=C(N=C2)C2=CC(=CC1=CC=CC=C21)O)F)C,12.2,10.0,711.3
31678_8,FC1=C(N=CC2=C1N=C(N=C2NCC2(CNC2)C)OC[C@]21CCCN1C[C@@H](C2)F)C2=CC(=CC1=CC=CC=C21)O,66.8,39.9,16666.7
31678_9,CN(C1(CCC1)CNC=1C2=C(N=C(N1)OCC13CCCN3CCC1)C(=C(N=C2)C2=C(C=CC=C2)C(C)C)F)C,,2170.0,
31678_10,CN(C1(CCC1)CNC=1C2=C(N=C(N1)OC[C@]13CCCN3C[C@@H](C1)F)C(=C(N=C2)C2=C(C=CC=C2)C(C)C)F)C,,3721.0,
31678_12,ClC=1C(=C2C=NNC2=CC1C)C1=C(C=2N=C(N=C(C2C=N1)NCC1(CCC1)N(C)C)OC[C@]12CCCN2C[C@@H](C1)F)F,,100.0,
31678_13,ClC1=C(C(=C2C=NNC2=C1)C1=C(C=2N=C(N=C(C2C=N1)NCC1(CCC1)N(C)C)OC[C@]12CCCN2C[C@@H](C1)F)F)C,,165.0,
31678_14,CN(C1(CCC1)CNC=1C2=C(N=C(N1)OCC13CCCN3CCC1)C(=C(N=C2)C2=CC=CC1=CC=CC(=C21)F)F)C,,306.1,
31678_15,ClC=1C=CC=C2C=CC=C(C12)C1=C(C=2N=C(N=C(C2C=N1)NCC(C)(O)C)OC[C@]12CCCN2C[C@@H](C1)F)F,,3148.1,
31678_16,ClC=1C(=C(C=CC1)C1=C(C=2N=C(N=C(C2C=N1)NCC1(CCC1)N(C)C)OCC12CCCN2CCC1)F)C1CC1,,146.1,
31678_17,C1[C@@H](C[C@@H]1NC)NC2=NC(=NC3=C2C=NC(=C3F)C4=CC(=CC5=CC=CC=C45)O)OCC67CCCN6CCC7,,80.9,16666.7
31678_18,N1CC(C1)NC=1C2=C(N=C(N1)OCC13CCCN3CCC1)C(=C(N=C2)C2=CC(=CC1=CC=CC=C21)O)F,,46.5,16666.7
31678_19,FC1=C(N=CC2=C1N=C(N=C2N[C@H]2CNC[C@@H]2C)OCC21CCCN1CCC2)C2=CC(=CC1=CC=CC=C21)O,,245.3,
31678_20,CN(C1(CCC1)CNC=1C2=C(N=C(N1)OC[C@]13CCCN3C[C@@H](C1)F)C(=C(N=C2)C2=CC=CC1=CC=CC(=C21)C#C)F)C,,22.0,2508.4
31678_21,CN(C1(CCC1)CNC=1C2=C(N=C(N1)OC[C@]13CCCN3C[C@@H](C1)F)C(=C(N=C2)C2=CC=CC1=CC=CC(=C21)CC)F)C,,59.2,16666.7
31678_22,CN(C1(CCC1)CNC=1C2=C(N=C(N1)OC[C@]13CCCN3C[C@@H](C1)F)C(=C(N=C2)C2=CC=CC1=CC=CC(=C21)F)F)C,,1319.2,
31678_23,ClC=1C=CC=C2C=CC=C(C12)C1=C(C=2N=C(N=C(C2C=N1)NCC1(CCC1)N(C)C)OC[C@]12CCCN2C[C@@H](C1)F)F,,582.9,
31678_24,CN(C1(CCC1)CNC=1C2=C(N=C(N1)OC[C@]13CCCN3C[C@@H](C1)F)C(=C(N=C2)C2=CC=CC1=CC=CC(=C21)C(=C)C)F)C,,954.2,
31678_25,CN(C1(CCC1)CNC=1C2=C(N=C(N1)OC[C@]13CCCN3C[C@@H](C1)F)C(=C(N=C2)C2=CC=CC1=CC=CC(=C21)C(C)C)F)C,,1638.2,
31678_26,C1(CC1)C=1C=CC=C2C=CC=C(C12)C1=C(C=2N=C(N=C(C2C=N1)NCC1(CCC1)N(C)C)OC[C@@]12CCCN2C[C@H](C1)F)F,,343.5,
31678_27,CN(C1(CCC1)CNC=1C2=C(N=C(N1)OC[C@]13CCCN3C[C@@H](C1)F)C(=C(N=C2)C2=CC=CC1=CC=CC(=C21)C#CC)F)C,,1879.0,
31678_28,CN(C1(CCC1)CN(C=1C2=C(N=C(N1)OC[C@]13CCCN3C[C@@H](C1)F)C(=C(N=C2)C2=CC(=CC1=CC=CC=C21)O)F)C)C,,609.2,
31678_29,NC1(CCC1)CNC=1C2=C(N=C(N1)OC[C@]13CCCN3C[C@@H](C1)F)C(=C(N=C2)C2=CC(=CC1=CC=CC=C21)O)F,,62.8,1559.3
31678_30,CN(C1(CCCCC1)CNC=1C2=C(N=C(N1)OC[C@]13CCCN3C[C@@H](C1)F)C(=C(N=C2)C2=CC(=CC1=CC=CC=C21)O)F)C,,1576.6,
31678_31,CN(C1(CCC1)CNC=1C2=C(N=C(N1)OCCC=1N(C=CN1)C)C(=C(N=C2)C2=CC(=CC1=CC=CC=C21)O)F)C,,856.8,
31678_33,CN(C1(CCC1)CNC=1C2=C(N=C(N1)OC[C@]13CCCN3C[C@@H](C1)F)C(=C(N=C2)C2=CC(=CC1=CC=CC(=C21)CC)O)F)C,,0.9,
31678_34,CN(C1(CCCC1)CNC=1C2=C(N=C(N1)OC[C@]13CCCN3C[C@@H](C1)F)C(=C(N=C2)C2=CC(=CC1=CC=CC(=C21)CC)O)F)C,,1.1,
31678_35,CN(C1(CCC1)CNC=1C2=C(N=C(N1)OCC13CCCN3CCC1)C(=C(N=C2)C2=CC=CC1=CC=C(C(=C21)CC)F)F)C,,30.4,
31678_36,ClC1=C2C(=CC(=CC2=CC=C1)O)C1=C(C=2N=C(N=C(C2C=N1)N(C)CC1(CCC1)N(C)C)OC[C@]12CCCN2C[C@@H](C1)F)F,135.2,76.5,3288.6
31678_37,CN(C1(CCC1)CN(C=1C2=C(N=C(N1)OC[C@]13CCCN3C[C@@H](C1)F)C(=C(N=C2)C2=CC(=CC1=CC=CC(=C21)CC)O)F)C)C,,26.1,
31678_38,FC1=C(N=CC2=C1N=C(N=C2NCC2(CNC2)O)OC[C@]21CCCN1C[C@@H](C2)F)C2=CC(=CC1=CC=CC=C21)O,,389.3,
31678_39,CN(CCNC=1C2=C(N=C(N1)OC[C@@]13CCCN3C[C@H](C1)F)C(=C(N=C2)C2=CC(=CC1=CC=CC=C21)O)F)C,,521.4,
31678_40,[C@@]12(NCC[C@@H]2C1)CNC=1C2=C(N=C(N1)OC[C@]13CCCN3C[C@@H](C1)F)C(=C(N=C2)C2=CC(=CC1=CC=CC=C21)O)F,,5148.9,
31678_41,CN(C1(CCOCC1)CNC=1C2=C(N=C(N1)OC[C@]13CCCN3C[C@@H](C1)F)C(=C(N=C2)C2=CC(=CC1=CC=CC=C21)O)F)C,,684.3,
31678_42,CN(C(CNC=1C2=C(N=C(N1)OC[C@]13CCCN3C[C@@H](C1)F)C(=C(N=C2)C2=CC(=CC1=CC=CC=C21)O)F)(C)C)C,,210.9,
31678_43,CN(C(OC[C@H]1CC[C@]2(CCCN12)COC=1N=C(C2=C(N1)C(=C(N=C2)C2=CC(=CC1=CC=CC(=C21)CC)O)F)NCC2(CCC2)N(C)C)=O)C,,1.1,53.5
31678_44,CNC(OC[C@H]1CC[C@]2(CCCN12)COC=1N=C(C2=C(N1)C(=C(N=C2)C2=CC(=CC1=CC=CC(=C21)CC)O)F)NCC2(CCC2)N(C)C)=O,,0.7,220.2
31678_45,CN(C(OC[C@H]1CC[C@]2(CCCN12)COC=1N=C(C2=C(N1)C(=C(N=C2)C2=CC(=CC1=CC=C(C(=C21)C#C)F)O)F)NCC2(CCC2)N(C)C)=O)C,,0.4,38.3
31678_46,CN(C(OC[C@H]1CC[C@]2(CCCN12)COC=1N=C(C2=C(N1)C(=C(N=C2)C2=CC(=CC1=CC=C(C(=C21)CC)F)O)F)NCC2(CCC2)N(C)C)=O)C,,0.7,38.7
31678_47,ClC=1C(=C(C=CC1)C1=C(C=2N=C(N=C(C2C=N1)NCC1(CCC1)N(C)C)OCC12CCCN2CCC1)F)C(C)C,,513.1,
31678_48,ClC=1C(=C(C=CC1)C1=C(C=2N=C(N=C(C2C=N1)NCC1(CCC1)N(C)C)OC[C@]12CCCN2C[C@@H](C1)F)F)C(C)C,,1078.8,
31678_49,N1(CCCC1)C(=O)OC[C@H]1CC[C@]2(CCCN12)COC=1N=C(C2=C(N1)C(=C(N=C2)C2=CC=CC1=CC=CC(=C21)Cl)F)NCC2(CCC2)N(C)C,,231.7,
31678_50,N1(CCCCC1)C(=O)OC[C@H]1CC[C@]2(CCCN12)COC=1N=C(C2=C(N1)C(=C(N=C2)C2=CC=CC1=CC=CC(=C21)Cl)F)NCC2(CCC2)N(C)C,,89.6,10671.4
31678_51,CN(C(OC[C@H]1CC[C@]2(CCCN12)COC=1N=C(C2=C(N1)C(=C(N=C2)C2=CC=CC1=CC=CC(=C21)Cl)F)NCC2(CCC2)N(C)C)=O)C,,102.1,16666.7
31678_52,CN(C1(CCC1)CNC=1C2=C(N=C(N1)OC[C@]13CCCN3C[C@@H](C1)F)C(=C(N=C2)C2=CC(=CC1=CC=CC(=C21)C#C)O)F)C,0.04,0.6,12.0
31678_53,CN(C1(CCOCC1)CNC=1C2=C(N=C(N1)OCC13CCCN3CCC1)C(=C(N=C2)C2=CC=CC1=CC=CC(=C21)F)F)C,,7158.9,
31678_54,ClC=1C=CC=C2C=CC=C(C12)C1=C(C=2N=C(N=C(C2C=N1)NCC1(CCC1)N(C)C)OCC12CCCN2CCC1)F,,79.3,16666.7
31678_55,ClC=1C=CC=C2C=CC=C(C12)C1=C(C=2N=C(N=C(C2C=N1)NCC(C)(N(C)C)C)OCC12CCCN2CCC1)F,,938.2,
31678_56,CN(C1(CCC1)CNC=1C2=C(N=C(N1)OCC13CCCN3CCC1)C(=C(N=C2)C2=CC=CC1=CC=C(C(=C21)C#C)F)F)C,,2.6,349.6
31678_57,CN(C1(CCC1)CNC=1C2=C(N=C(N1)OC[C@]13CCCN3C[C@@H](C1)F)C(=C(N=C2)C2=CC(=CC1=CC=C(C(=C21)CC)F)O)F)C,,1.1,
31678_58,CN(C1(CCC1)CN(C=1C2=C(N=C(N1)OCC13CCCN3CCC1)C(=C(N=C2)C2=CC=CC1=CC=CC(=C21)F)F)C)C,,9092.3,
31678_59,FC1=C(N=CC2=C1N=C(N=C2NCC2(CCC2)NC)OCC21CCCN1CCC2)C2=CC=CC1=CC=CC(=C21)F,,1032.4,
31678_60,NC1(CCC1)CNC=1C2=C(N=C(N1)OCC13CCCN3CCC1)C(=C(N=C2)C2=CC=CC1=CC=CC(=C21)F)F,,2118.0,
31678_61,CN(C1(CCCC1)CNC=1C2=C(N=C(N1)OCC13CCCN3CCC1)C(=C(N=C2)C2=CC=CC1=CC=CC(=C21)F)F)C,,479.8,
31678_62,FC1=C(N=CC2=C1N=C(N=C2NC2CC(C21CCC1)N)OCC12CCCN2CCC1)C1=CC=CC2=CC=CC(=C12)F,,202.7,
646_1,[C@H]12CN(C[C@H](CC1)N2)C=2C1=C(N=C(N2)OC[C@H]2N(CCC2)C)CN(CC1)C1=CC(=CC2=CC=CC=C12)O,110.2,48.9,2349.0
646_2,[C@H]12CN(C[C@H](CC1)N2)C=2C1=C(N=C(N2)OC[C@H]2N(CCC2)C)CN(CC1)C1=CC=CC2=CC=CC(=C12)Cl,163.2,266.5,16085.0
646_3,[C@H]12CN(C[C@H](CC1)N2)C=2C1=C(N=C(N2)OC[C@H]2N(CCC2)C)CN(CC1)C1=C2C=NNC2=CC=C1C,6365.7,1315.4,
646_8,[C@H]12CN(C[C@H](CC1)N2)C=2C1=C(N=C(N2)OC[C@H]2N(CCC2)C)CN(CC1)C1=CC=CC2=CC=CC(=C12)CC,,5.5,12570.0
646_9,[C@H]12CN(C[C@H](CC1)N2)C=2C1=C(N=C(N2)OCC23CCCN3CC(C2)F)CN(CC1)C1=CC=CC2=CC=CC(=C12)CC,,3.1,1656.0
646_10,[C@H]12CN(C[C@H](CC1)N2)C=2C1=C(N=C(N2)OCC23CCCN3CCC2)CN(CC1)C1=CC=CC2=CC=CC(=C12)CC,,1.1,738.0
646_11,[C@H]12CN(C[C@H](CC1)N2)C3=NC(=NC4=C3CCN(C4)C5=CC=CC6=CC=CC(=C56)C7CC7)OC[C@@]89CCCN8C[C@@H](C9)F,,19.8,16667.0
646_12,[C@H]12CN(C[C@H](CC1)N2)C=2C1=C(N=C(N2)OCC23CCCN3CCC2)CN(CC1)C1=CC=CC2=CC=C(C(=C12)Cl)Cl,,344.8,
646_13,[C@H]12CN(C[C@H](CC1)N2)C=2C1=C(N=C(N2)OCC23CCCN3C(CC2)COC(N(C)C)=O)CN(CC1)C1=CC=CC2=CC=CC(=C12)CC,,1.3,261.0
646_14,[C@H]12CN(C[C@H](CC1)N2)C=2C1=C(N=C(N2)OCC23CCCN3CCC2)CN(CC1)C1=CC(=CC2=CC=CC(=C12)CC)O,,1.1,21.0
646_15,[C@H]12CN(C[C@H](CC1)N2)C=2C1=C(N=C(N2)OC[C@H]2N(CCC2)C)CN(CC1)C1=CC=CC2=C(C=CC=C12)Cl,,7904.6,
646_16,[C@H]12CN(C[C@H](CC1)N2)C=2C1=C(N=C(N2)OC[C@H]2N(CCC2)C)CN(CC1)C1=CC=CC2=C(C=CC=C12)F,,1762.9,
646_17,[C@H]12CN(C[C@H](CC1)N2)C=2C1=C(N=C(N2)OCC23CCCN3CC(C2)F)CN(CC1)C1=C(C(=CC=C1)Cl)C1CC1,,29.5,16667.0
646_19,[C@H]12CN(C[C@H](CC1)N2)C=2C1=C(N=C(N2)OCC23CCCN3CCC2)CN(CC1)C1=CC=CC2=CC=C(C(=C12)CC)F,,1.8,324.0
646_20,[C@H]12CN(C[C@H](CC1)N2)C=2C1=C(N=C(N2)OCC23CCCN3CC(C2)F)CN(CC1)C1=CC=CC2=CC=C(C(=C12)CC)F,,2.8,539.0
646_21,[C@H]12CN(C[C@H](CC1)N2)C=2C1=C(N=C(N2)OCC23CCCN3C(CC2)COC(NC)=O)CN(CC1)C1=CC=CC2=CC=CC(=C12)C,,12.3,
646_22,[C@H]12CN(C[C@H](CC1)N2)C=2C1=C(N=C(N2)OC)CN(CC1)C1=CC=CC2=CC=CC(=C12)C,302195.6,7862.6,
646_23,[C@H]12CN(C[C@H](CC1)N2)C=2C1=C(N=C(N2)OCC23CCCN3C(CC2)CF)CN(CC1)C1=CC(=CC2=CC=CC(=C12)CC)O,,1.1,119.0
646_24,[C@H]12CN(C[C@H](CC1)N2)C=2C1=C(N=C(N2)OC[C@H]2N(CCC2)C)CN(CC1)C1=CC(=C(C2=CC=CC=C12)Cl)O,37.7,1362.6,16667.0
646_25,[C@H]12CN(C[C@H](CC1)N2)C=2C1=C(N=C(N2)OC[C@H]2N(CCC2)C)CN(CC1)C1=C(C(=C(C2=CC=CC=C12)F)O)F,846.8,6788.2,
646_26,[C@H]12CN(C[C@H](CC1)N2)C=2C1=C(N=C(N2)OC(C)[C@H]2NCCC2)CN(CC1)C1=CC(=C(C2=CC=CC=C12)Cl)O,325.1,,16667.0
646_27,[C@H]12CN(C[C@H](CC1)N2)C=2C1=C(N=C(N2)OC[C@H]2NCCC2)CN(CC1)C1=CC(=C(C2=CC=CC=C12)Cl)O,91.3,1601.7,11111.0
646_28,[C@H]12CN(C[C@H](CC1)N2)C=2C1=C(N=C(N2)OC[C@H]2N(CCC2)C)CN(CC1)C1=CC(=CC2=CC=CC(=C12)Cl)O,1000000.0,1.2,361.0
646_29,[C@H]12CN(C[C@H](CC1)N2)C=2C1=C(N=C(N2)OCC23CCCN3CCC2)CN(CC1)C1=CC=CC2=CC=CC(=C12)Cl,6.3,2.5,4053.0
646_30,[C@H]12CN(C[C@H](CC1)N2)C=2C1=C(N=C(N2)OCC23CCCN3CCC2)CN(CC1)C1=CN=CC2=CC=CC(=C12)Cl,87.1,16.8,2611.0
646_31,[C@H]12CN(C[C@H](CC1)N2)C=2C1=C(N=C(N2)OCC23CCCN3CCC2)CN(CC1)C1=CC(=CC2=CC=CC=C12)O,0.8,3.8,1611.0
646_32,[C@H]12CN(C[C@H](CC1)N2)C=2C1=C(N=C(N2)OCC23CCCN3C(CC2)COC(N(C)C)=O)CN(CC1)C1=C(C=CC=C1)C(C)C,,1170.4,
646_33,[C@H]12CN(C[C@H](CC1)N2)C=2C1=C(N=C(N2)OCC23CCCN3C(CC2)COC(N(C)C)=O)CN(CC1)C1=C(C(=CC=C1)Cl)C1CC1,,50.2,5556.0
646_34,[C@H]12CN(C[C@H](CC1)N2)C=2C1=C(N=C(N2)OCC23CCCN3C(CC2)COC(NC)=O)CN(CC1)C1=CC=CC2=CC=CC(=C12)F,,111.4,3909.0
646_35,[C@H]12CN(C[C@H](CC1)N2)C=2C1=C(N=C(N2)OC[C@H]2N(CCC2)C)CN(CC1)C1CC(C2=CC=CC=C12)O,569626.2,10000.0,
646_36,[C@H]12CN(C[C@H](CC1)N2)C=2C1=C(N=C(N2)OC[C@H]2N(CCC2)C)CN(CC1)C1CC(C2=CC=CC=C12)OC,24285.7,10000.0,
646_37,CO[C@H]1[C@H]2CN(C[C@@H](C1)N2)C=2C1=C(N=C(N2)OC[C@H]2N(CCC2)C)CN(CC1)C1=CC(=CC2=CC=CC=C12)O,12793.7,88.1,3849.0
646_38,C1([H])([C@H]2CN(C[C@@H](C1)N2)C3=NC(=NC4=C3CCN(C4)C5=CC(=CC6=CC=CC=C56)O)OC[C@H]7N(CCC7)C)[F],2338.1,73.5,5004.0
646_39,ClC=1C=CC=C2C=CC=C(C12)N1CC=2N=C(N=C(C2CC1)N1C[C@H]2C[C@H]([C@@H](C1)N2)CCN)OC[C@H]2N(CCC2)C,,2694.4,
646_40,ClC2=C1C(=CC=CC1=CC=C2)N7CC3=C(C(=NC(=N3)OC[C@H]4N(CCC4)C)N5C[C@H]6C[C@H]([C@@H](C5)N6)CC#N)CC7,957.1,63.9,16667.0
646_41,ClC=1C=CC=C2C=CC=C(C12)N1CC=2N=C(N=C(C2CC1)N1CC2CC(C(C1)N2)(O)C(F)F)OC[C@H]2N(CCC2)C,,3128.4,
646_42,ClC=1C=CC=C2C=CC=C(C12)N1CC=2N=C(N=C(C2CC1)N1CC2(CCC(C1)N2)CC#N)OC[C@H]2N(CCC2)C,,1799.0,
646_43,ClC=1C=CC=C2C=CC=C(C12)N1CC=2N=C(N=C(C2CC1)N1C[C@H]2C[C@H]([C@@H](C1)N2)OC)OCC21CCCN1CC(C2)F,57.6,90.1,16667.0
646_44,ClC=1C=CC=C2C=CC=C(C12)N1CC=2N=C(N=C(C2CC1)N1CC2CC(C(C1)N2)F)OCC21CCCN1CC(C2)F,43.9,43.5,9030.0
646_45,ClC=1C=CC=C2C=CC=C(C12)N1CC=2N=C(N=C(C2CC1)N1C[C@H]2C[C@H]([C@@H](C1)N2)O)OCC21CCCN1CC(C2)F,1.9,2.6,1361.0
646_46,[C@H]12CN(C[C@H](CC1)N2)C=2C1=C(N=C(N2)OCC23CCCN3CC(C2)F)CN(CC1)C1=CC=CC2=CC=CC(=C12)Cl,,4.4,4570.0
646_47,[C@H]12CN(C[C@H](CC1)N2)C=2C1=C(N=C(N2)OCC23CCCN3CC(C2)F)CN(CC1)C1=CC(=CC2=CC=CC=C12)O,,1.0,537.0
646_48,[C@H]12CN(C[C@H](CC1)N2)C=2C1=C(N=C(N2)OCC23CCCN3CC(C2)F)CN(CC1)C1=C(C(=CC=C1)Cl)C(F)(F)F,,5.5,5223.0
646_51,[C@H]12CN(C[C@H](CC1)N2)C=2C1=C(N=C(N2)OCC23CCCN3CC(C2)F)CN(CC1)C1=CC=CC2=CC=CC(=C12)C(F)(F)F,,16.9,16667.0
646_52,[C@H]12CN(C[C@H](CC1)N2)C=2C1=C(N=C(N2)OC[C@H]2N(CCC2)C)CN(CC1)C1=CC=CC2=CC=CC(=C12)C,250128.2,361.4,14931.0
646_53,C(C1=CC=CC=C1)N1CC=2N=C(N=C(C2CC1=O)N1C[C@H]2CC[C@@H](C1)N2)OC[C@H]2N(CCC2)C,1000000.0,5259.0,
646_57,[C@H]12CN(C[C@H](CC1)N2)C=2C1=C(N=C(N2)OC[C@H]2N(CCC2)C)CN(CC1)C1=CN=CC2=CC=CC=C12,98461.5,10000.0,
646_58,[C@H]12CN(C[C@H](CC1)N2)C=2C1=C(N=C(N2)OC[C@H]2N(CCC2)C)CN(CC1)C1=CN=CC2=CC=CC(=C12)Cl,438.1,282.9,16667.0
646_59,[C@H]12CN(C[C@H](CC1)N2)C=2C1=C(N=C(N2)OC[C@H]2N(CCC2)C)CN(CC1)C1=NC(=NC2=CC=CC=C12)N,597845.6,7500.0,
646_60,[C@H]12CN(C[C@H](CC1)N2)C=2C1=C(N=C(N2)OC[C@H]2N(CCC2)C)CN(CC1)C1=NC(=CC2=CC=CC=C12)N,,10000.0,
646_61,CC12CN(CC(CC1)N2)C=2C1=C(N=C(N2)OC[C@H]2N(CCC2)C)CN(CC1)C1=CC(=CC2=CC=CC=C12)O,175.5,184.3,6876.0
646_62,[C@H]12CN(C[C@H](CC1)N2)C=2C1=C(N=C(N2)OCC23CCCN3CCC2)CN(CC1)C1=CC=CC2=CC=C(C(=C12)Cl)F,8.1,1.0,1936.0
646_63,[C@H]12CN(C[C@H](CC1)N2)C=2C1=C(N=C(N2)OCC23CCCN3CCC2)CN(CC1)C1=C(C(=CC=C1)Cl)C(F)(F)F,12.3,5.1,6581.0
646_64,[C@H]12CN(C[C@H](CC1)N2)C=2C1=C(N=C(N2)OCC23CCCN3CCC2)CN(CC1)C1=C(C(=CC=C1)C)C(F)(F)F,67.3,13.0,16667.0
646_65,[C@H]12CN(C[C@H](CC1)N2)C=2C1=C(N=C(N2)OC[C@H]2N(CCC2)C)CN(CC1)C1=CC=CC2=CC=C(C(=C12)Cl)F,18.2,15.2,16667.0
646_66,[C@H]12CN(C[C@H](CC1)N2)C=2C1=C(N=C(N2)OCC23CCCN3C(CC2)COC(N(CC)CC)=O)CN(CC1)C1=CC=CC2=CC=CC(=C12)CC,,4.6,2209.0
646_67,[C@H]12CN(C[C@H](CC1)N2)C=2C1=C(N=C(N2)OCC23CCCN3C(CC2)CC2N(CCS(C2)(=O)=O)C(=O)[O-])CN(CC1)C1=CC=CC2=CC=CC(=C12)CC,,1.5,150.0
646_68,[C@H]12CN(C[C@H](CC1)N2)C=2C1=C(N=C(N2)OCC23CCCN3C(CC2)COC(N(C)OC)=O)CN(CC1)C1=CC=CC2=CC=CC(=C12)CC,,5.9,1332.0
646_69,[C@H]12CN(C[C@H](CC1)N2)C=2C1=C(N=C(N2)OC[C@H]2N(CCC2)C)CN(CC1)C1=CC(=C(C2=CC=CC=C12)C)O,38443.4,10000.0,
646_70,[C@H]12CN(C[C@H](CC1)N2)C=2C1=C(N=C(N2)OC[C@H]2N(CCC2)C)CN(CC1)C1=CC=CC2=CC=CC=C12,2100.0,1118.9,
646_71,[C@H]12CN(C[C@H](CC1)N2)C=2C1=C(N=C(N2)OC[C@H]2N(CCC2)C)CN(CC1)C1=CC=CC=2CCCCC12,4217.1,1780.0,
646_72,[C@H]12CN(C[C@H](CC1)N2)C=2C1=C(N=C(N2)OC[C@H]2N(CCC2)C)CN(CC1)C1=CC=CC2=CC=C(C=C12)F,922.5,226.3,16667.0
646_73,[C@H]12CN(C[C@H](CC1)N2)C=2C1=C(N=C(N2)OC[C@H]2N(CCC2)C)CN(CC1)C1=CC=CC2=CC=CC(=C12)F,3161.7,1101.0,
646_74,[C@H]12CN(C[C@H](CC1)N2)C=2C1=C(N=C(N2)OC[C@H]2N(CCC2)C)CN(CC1)C1=CC=C(C2=CC=CC(=C12)Cl)Br,41604.3,10000.0,
646_75,[C@H]12CN(C[C@H](CC1)N2)C=2C1=C(N=C(N2)OC[C@H]2N(CCC2)C)CN(CC1)C1=C(C=CC=C1C(F)(F)F)F,170483.5,10000.0,16667.0
646_76,[C@H]12CN(C[C@H](CC1)N2)C=2C1=C(N=C(N2)OC[C@H]2N(CCC2)C)CN(CC1)C1=C(C(=CC=C1F)F)C(F)F,97014.9,10000.0,16667.0
646_77,[C@H]12CN(C[C@H](CC1)N2)C=2C1=C(N=C(N2)OC[C@H]2N(CCC2)C)CN(CC1)C1=C(C=CC=C1F)O,264294.8,10000.0,
646_78,[C@H]12CN(C[C@H](CC1)N2)C=2C1=C(N=C(N2)OC[C@H]2N(CCC2)C)CN(CC1)C1=C(C=CC2=CC=CC=C12)O,51441.4,10000.0,
646_79,[C@H]12CN(C[C@H](CC1)N2)C=2C1=C(N=C(N2)OC[C@H]2N(CCC2)C)CN(CC1)C=1C=CC=C2C=CC=C(C12)CCCO,1863.0,485.5,
646_80,[C@H]12CN(C[C@H](CC1)N2)C=2C1=C(N=C(N2)OC[C@H]2N(CCC2)C)CN(CC1)C=1C=CC=C2C=CC=C(C12)CCC#N,616.7,,11111.0
646_81,[C@H]12CN(C[C@H](CC1)N2)C=2C1=C(N=C(N2)OC[C@H]2N(CCC2)C)CN(CC1)C1=CC=CC2=CC=CC(=C12)CCCC,,710.2,
646_82,[C@H]12CN(C[C@H](CC1)N2)C=2C1=C(N=C(N2)OC[C@H]2N(CCC2)C)CN(CC1)C1=CC=CC=2CCCC(C12)C,149.5,61.0,
646_83,[C@H]12CN(C[C@H](CC1)N2)C=2C1=C(N=C(N2)OC[C@H]2N(CCC2)C)CN(CC1)C=1C=CC=C2C=CC=C(C12)CCCC#N,19926.5,6565.8,
646_84,[C@H]12CN(C[C@H](CC1)N2)C=2C1=C(N=C(N2)OC[C@H]2N(CCC2)C)CN(CC1)C=1C=CC=C2C=CC=C(C12)CCCCO,8709.7,3688.9,
646_85,[C@H]12CN(C[C@H](CC1)N2)C=2C1=C(N=C(N2)OC[C@H]2N(CCC2)C)CN(CC1)C=1C=CC=C2CCCC(C12)CC#N,1509.8,,
646_86,ClC=1C=CC=C2C=CC=C(C12)N1CC=2N=C(N=C(C2CC1)N1C[C@H]2C[C@H]([C@@H](C1)N2)O)OCCC(F)(F)F,33232.2,2900.3,
646_91,ClC=1C=CC=C2C=CC=C(C12)N1CC=2N=C(N=C(C2CC1)N1C[C@H]2CC([C@@H](C1)N2)CCO)OC[C@H]2N(CCC2)C,176.1,78.4,16667.0
646_92,ClC=1C=CC=C2C=CC=C(C12)N1CC=2N=C(N=C(C2CC1)N1C[C@H]2C[C@H]([C@@H](C1)N2)C#N)OC[C@H]2N(CCC2)C,,5489.7,
646_97,[C@H]12CN(C[C@H](CC1)N2)C=2C1=C(N=C(N2)OC[C@@]23CCCN3[C@H](CC2)COC(=O)N2CCOCC2)CN(CC1)C1=CC=CC2=CC=CC(=C12)CC,,1.2,187.0
646_98,[C@H]12CN(C[C@H](CC1)N2)C=2C1=C(N=C(N2)OC[C@@]23CCCN3[C@H](CC2)COC(=O)N2CCOCC2)CN(CC1)C1=CC=CC2=CC=C(C(=C12)CC)F,,0.7,50.0
646_99,[C@H]12CN(C[C@H](CC1)N2)C=2C1=C(N=C(N2)OC[C@@]23CCCN3[C@H](CC2)COC(=O)N2CCCC2)CN(CC1)C1=CC=CC2=CC=CC(=C12)CC,,2.7,559.0
646_100,[C@H]12CN(C[C@H](CC1)N2)C=2C1=C(N=C(N2)OCC23CCCN3C(CC2)COC(NC)=O)CN(CC1)C1=CC=CC2=CC=CC(=C12)Cl,,9.7,1311.0
646_101,[C@H]12CN(C[C@H](CC1)N2)C=2C1=C(N=C(N2)OCC23CCCN3CCC2)CN(CC1)C1=C2CCC(C2=CC=C1)(F)F,,2485.2,
646_102,[C@H]12CN(C[C@H](CC1)N2)C=2C1=C(N=C(N2)OCC23CCCN3CCC2)CN(CC1)C1=C2C(CCC2=CC=C1)C1CC1,,654.1,
646_103,[C@H]12CN(C[C@H](CC1)N2)C=2C1=C(N=C(N2)OCC23CCCN3C(CC2)CO)CN(CC1)C1=CC=CC2=CC=CC(=C12)CC,,3.9,6216.0
646_104,[C@H]12CN(C[C@H](CC1)N2)C=2C1=C(N=C(N2)OCC23CCCN3CCC2)CN(CC1)C1=C2CCCC2=CC=C1,,755.6,
646_105,[C@H]12CN(C[C@H](CC1)N2)C=2C1=C(N=C(N2)OCC23CCCN3C(CC2)COC(=O)N2C[C@H](CC2)O)CN(CC1)C1=CC=CC2=CC=CC(=C12)CC,,2.3,561.0
646_106,[C@H]12CN(C[C@H](CC1)N2)C=2C1=C(N=C(N2)OCC23CCCN3C(CC2)COC(=O)N2C[C@@H](CC2)OC)CN(CC1)C1=CC=CC2=CC=CC(=C12)CC,,7.2,5110.0
646_107,[C@H]12CN(C[C@H](CC1)N2)C=2C1=C(N=C(N2)OC[C@@]23CCCN3[C@@H](CC2)OC(N(CC)CCO)=O)CN(CC1)C1=CC=CC2=CC=CC(=C12)CC,,2.0,408.0
646_108,[C@H]12CN(C[C@H](CC1)N2)C=2C1=C(N=C(N2)OC[C@@]23CCCN3[C@@H](CC2)OC(N(CCOC)C)=O)CN(CC1)C1=CC=CC2=CC=CC(=C12)CC,,2.0,585.0
646_109,[C@H]12CN(C[C@H](CC1)N2)C=2C1=C(N=C(N2)OC[C@H]2N(CCC2)C)CN(CC1)C1=CC(=C(C2=CC=CC=C12)Br)O,20.8,5.5,663.0
646_110,[C@H]12CN(C[C@H](CC1)N2)C=2C1=C(N=C(N2)OC[C@H]2N(CCC2)C)CN(CC1)C1=CC=CC2=CC=C(C=C12)C,3231.1,3174.0,
646_111,[C@H]12CN(C[C@H](CC1)N2)C=2C1=C(N=C(N2)OCC23CCCN3CCC2)CN(CC1)C1=CC(=CC2=CC=CC=C12)Br,,1052.0,
646_112,[C@H]12CN(C[C@H](CC1)N2)C=2C1=C(N=C(N2)OCC23CCCN3CCC2)CN(CC1)C1=CC=C(C2=CC=CC=C12)Br,,5456.6,16667.0
646_113,[C@H]12CN(C[C@H](CC1)N2)C=2C1=C(N=C(N2)OC[C@H]2N(CCC2)C)CN(CC1)C1=C2C(=CC(=CC2=CC=C1)O)Cl,,806.6,
646_114,[C@H]12CN(C[C@H](CC1)N2)C=2C1=C(N=C(N2)OCC23CCCN3CCC2)CN(CC1)C1=CC=CC2=CC=CC=C12,,34.2,16667.0
646_115,[C@H]12CN(C[C@H](CC1)N2)C=2C1=C(N=C(N2)OCC23CCCN3CCC2)CN(CC1)C1=CC(=CC2=CC=CC(=C12)Cl)O,,0.6,118.0
646_116,[C@H]12CN(C[C@H](CC1)N2)C=2C1=C(N=C(N2)OCC23CCCN3CCC2)CN(CC1)C1=CC(=CC2=CC=C(C(=C12)Cl)F)O,,0.5,46.0
646_118,[C@H]12CN(C[C@H](CC1)N2)C=2C1=C(N=C(N2)OC[C@]23CCCN3C[C@@H](C2)F)CN(CC1)C1=CC(=CC2=CC=C(C(=C12)CC)F)O,,2.1,
646_119,[C@H]12CN(C[C@H](CC1)N2)C=2C1=C(N=C(N2)OCC23CCCN3CCC2)CN(CC1)C1=CC(=CC2=CC=C(C(=C12)CC)F)O,,1.6,7.0
646_120,OC[C@@H]1[C@@H]2CN(C[C@H](C1)N2)C=2C1=C(N=C(N2)OC[C@H]2N(CCC2)C)CN(CC1)C1=CC(=CC2=CC=CC=C12)O,1401.0,,
646_123,C(C)C=1C=CC=C2C=CC=C(C12)N1CC=2N=C(N=C(C2CC1)[C@@H]1C([C@@H]2CC[C@H](C1)N2)O)OC[C@]21CCCN1C[C@@H](C2)F,,508.3,
625_1,[C@H]12CN(C[C@H](CC1)N2)C3=NC(=NC4=C(C(=C(C=C34)OC5=CC=CN=C5)C6=CC(=CC7=CC=CC=C67)O)F)OC[C@H]8N(CCC8)C,,7.0,8391.0
625_2,[C@H]12CN(C[C@H](CC1)N2)C2=NC(=NC1=C(C(=CC=C21)C2=CC=CC1=CC=CC(=C21)Cl)F)OCC21CCCN1CCC2,8.0,6.1,4545.0
625_3,[C@H]12CN(C[C@H](CC1)N2)C2=NC(=NC1=C(C(=CC=C21)C2=CC(=CC1=CC=CC=C21)O)F)OCC21CCCN1CCC2,1000000.0,0.5,95.0
625_4,[C@H]12CN(C[C@H](CC1)N2)C2=NC(=NC1=C(C(=CC=C21)C2=CC(=CC1=CC=CC(=C21)Cl)O)F)OCC21CCCN1CCC2,,0.7,21.0
625_5,[C@H]12CN(C[C@H](CC1)N2)C2=NC(=NC1=C(C(=CC=C21)C2=CC(=CC1=CC=CC(=C21)Cl)O)F)OC[C@]21CCCN1C[C@@H](C2)F,,1.4,42.0
625_6,[C@H]12CN(C[C@H](CC1)N2)C2=NC(=NC1=C(C(=C(C=C21)Cl)C2=C(C=CC=C2F)O)F)OC[C@]21CCCN1C[C@@H](C2)F,,3.5,1800.0
625_7,[C@H]12CN(C[C@H](CC1)N2)C2=NC(=NC1=C(C(=C(C=C21)Cl)C2=CC(=CC1=CC=CC=C21)O)F)OC[C@H]2N(CCC2)C,9.0,11.2,1417.0
625_8,[C@H]12CN(C[C@H](CC1)N2)C2=NC(=NC1=C(C(=CC=C21)C2=CC(=CC1=CC=CC=C21)O)F)OC[C@H]2N(CCC2)C,3.0,4.3,271.0
625_9,ClCCN1CCN(CC1)C1=NC(=NC2=C(C(=CC=C12)C1=CC(=CC2=CC=CC=C12)O)F)OC[C@H]1N(CCC1)C,,186.7,6786.0
625_10,[C@H]12CN(C[C@H](CC1)N2)C2=NC(=NC1=CC(=CC=C21)C2=CC(=CC1=CC=CC=C21)O)OC[C@H]2N(CCC2)C,19.0,22.9,5662.0
625_11,C12N(CC(NC1)CC2)C3=NC(=NC4=C3C=C(C(=C4F)C5=CC(=CC6=CC=CC=C56)O)[Cl])OC[C@H]7N(CCC7)C,16.0,10.4,2844.0
625_12,FC=1C(=CC=C2C(=NC(=NC12)OC[C@H]1N(CCC1)C)N1CCNC2(CC2)C1)C1=CC(=CC2=CC=CC=C12)O,110.0,,5556.0
625_13,[C@H]12CN(C[C@H](CC1)N2)C2=NC(=NC1=C(C(=CC=C21)C2=CC=CC1=CC=C(C=C21)F)F)OC[C@H]2N(CCC2)C,78.0,61.9,5556.0
625_16,C12N(CC(NC1)CC2)C=2C1=C(N=C(N2)OC[C@H]2N(CCC2)C)CN(CC1)C1=CC(=CC2=CC=CC=C12)O,300.0,152.5,5948.0
625_17,[C@H]12CN(C[C@H](CC1)N2)C3=NC(=NC4=CC(=C(C=C34)OC5=C(C=C(C=C5)OC)F)C6=CC(=CC7=CC=CC=C67)O)OC[C@H]8N(CCC8)C,,8.0,5556.0
625_18,[C@H]12CN(C[C@H](CC1)N2)C2=NC(=NC1=CC(=C(C=C21)OC2=C(C=C(C=C2)OC)Cl)C2=CC(=CC1=CC=CC=C21)O)OC[C@H]2N(CCC2)C,,11.5,1371.0
625_19,[C@H]12CN(C[C@H](CC1)N2)C2=NC(=NC1=CC(=C(C=C21)OC2=C(C=CC=C2)Cl)C2=CC(=CC1=CC=CC=C21)O)OC[C@H]2N(CCC2)C,,1.3,1705.0
625_20,[C@H]12CN(C[C@H](CC1)N2)C2=NC(=NC1=CC(=C(C=C21)OC2=C(C#N)C=CC=C2)C2=CC(=CC1=CC=CC=C21)O)OC[C@H]2N(CCC2)C,,1.6,2156.0
625_21,[C@H]12CN(C[C@H](CC1)N2)C2=NC(=NC1=CC(=C(C=C21)OC2=C(C#N)C=CC=C2)C2=CC(=CC1=CC=CC=C21)O)OCC21CCCN1CCC2,,1.0,1269.0
625_22,[C@H]12CN(C[C@@H](CC1)N2)C2=NC(=NC1=CC(=C(C=C21)OC2=C(C#N)C=CC=C2)C2=CC(=CC1=CC=CC=C21)O)OC[C@]21CCCN1C[C@@H](C2)F,,1.7,140.0
625_23,[C@H]12CN(C[C@H](CC1)N2)C2=NC(=NC1=CC(=C(C=C21)OC2=C(C=CC=C2)Cl)C2=CC(=CC1=CC=CC(=C21)Cl)O)OC[C@]21CCCN1C[C@@H](C2)F,,6.6,264.0
625_24,[C@H]12CN(C[C@H](CC1)N2)C2=NC(=NC1=C(C(=C(C=C21)OC2=C(C#N)C=CC=C2)C2=CC(=CC1=CC=CC=C21)O)F)OC[C@H]2N(CCC2)C,,1.4,377.0
625_25,[C@H]12CN(C[C@H](CC1)N2)C2=NC(=NC1=C(C(=C(C=C21)OC2=C(C#N)C=CC=C2Cl)C2=CC(=CC1=CC=CC=C21)O)F)OC[C@H]2N(CCC2)C,,5.3,784.0
625_26,[C@H]12CN(C[C@H](CC1)N2)C2=NC(=NC1=C(C(=C(C=C21)OC2=C(C#N)C(=CC=C2)F)C2=CC(=CC1=CC=CC=C21)O)F)OC[C@H]2N(CCC2)C,,7.4,3541.0
625_27,[C@H]12CN(C[C@H](CC1)N2)C2=NC(=NC1=C(C(=C(C=C21)OC2=C(C#N)C=CC=C2)C2=CC(=CC1=CC=CC=C21)O)F)OC[C@]21CCCN1C[C@@H](C2)F,,3.6,44.0
625_28,[C@H]12CN(C[C@H](CC1)N2)C2=NC(=NC1=C(C(=CC=C21)C2=CC(=CC1=CC=CC=C21)O)F)OC[C@]21CCCN1C[C@@H](C2)F,,0.6,171.0
625_29,[C@H]12CN(C[C@H](CC1)N2)C2=NC(=NC1=C(C(=CC=C21)C2=CC(=CC1=CC=CC=C21)O)F)OC[C@H]2N(C[C@@H](C2)F)C,5.0,1.8,779.0
625_30,[C@H]12CN(C[C@H](CC1)N2)C2=NC(=NC1=C(C(=CC=C21)C2=C1C=NNC1=CC(=C2C)C)F)OC[C@H]2N(CCC2)C,152.0,57.0,5093.0
625_31,[C@H]12CN(C[C@H](CC1)N2)C2=NC(=NC1=C(C(=CC=C21)C2=CC(=CC1=CC=CC=C21)O)F)OC[C@H]2N(CC(C2)(F)F)C,121.0,296.7,8501.0
paper_5A,FC1=C(C2=C(C(Cl)=CC=C3)C3=CC=C2)N=CC4=C1N=C(OC[C@H]5N(C)CCC5)N=C4N6C[C@H](CC#N)NCC6,,100000.0,
paper_5B,FC1=C(C2=C(C(Cl)=CC=C3)C3=CC=C2)N=CC4=C1N=C(OC[C@H]5N(C)CCC5)N=C4N6CCNCC6,3500.0,,
paper_6,FC1=C(C2=C(C=CC=C3)C3=CC(O)=C2)N=CC4=C1N=C(OC[C@H]5N(C)CCC5)N=C4N6CCNCC6,190.0,980.0,
paper_7,FC1=C(C2=C(C=CC=C3)C3=CC(O)=C2)N=CC4=C1N=C(OC[C@H]5N(C)CCC5)N=C4N6CCNCCC6,420.0,2600.0,
paper_8,FC1=C(C2=C(C=CC=C3)C3=CC(O)=C2)N=CC4=C1N=C(OC[C@H]5N(C)CCC5)N=C4N6CCN(C)CC6,8700.0,54000.0,
paper_9,FC1=C(C2=C(C=CC=C3)C3=CC(O)=C2)N=CC4=C1N=C(OC[C@H]5N(C)CCC5)N=C4N6CCOCC6,1500.0,12000.0,
paper_10,FC1=C(C2=C(C=CC=C3)C3=CC(O)=C2)N=CC4=C1N=C(OC[C@H]5N(C)CCC5)N=C4N6CC(C)NCC6,380.0,2100.0,
paper_11,FC1=C(C2=C(C=CC=C3)C3=CC(O)=C2)N=CC4=C1N=C(OC[C@H]5N(C)CCC5)N=C4N6C(C)CNCC6,280.0,1500.0,
paper_12,FC1=C(C2=C(C=CC=C3)C3=CC(O)=C2)N=CC4=C1N=C(OC[C@H]5N(C)CCC5)N=C4N6CC7NCC6C7,96.0,650.0,
paper_14,FC1=C(C2=C(C=CC=C3)C3=CC(O)=C2)N=CC4=C1N=C(OC[C@H]5N(C)CCC5)N=C4N6CC(C7)NC7C6,73.0,310.0,
31678_32,CN(C1(CCC1)CNC=1C2=C(N=C(N1)OC[C@@H]1N(CCC1)C)C(=C(N=C2)C2=CC(=CC1=CC=CC=C21)O)F)C,,239.55,
paper_13,FC1=C(C2=C(C=CC=C3)C3=CC(O)=C2)N=CC4=C1N=C(OC[C@H]5N(C)CCC5)N=C4N6CC7NCC6CC7,46.0,49.4,7864.0
646_122,C(C)C2=C1C(=CC=CC1=CC=C2)N8CC3=C(C(=NC(=N3)OC[C@@]45CCCN4C[C@@H](C5)F)[C@@H]6C[C@@H]7CC[C@H](C6)N7)CC8,,121.45,2359.0
646_55,OC=1C=C(C2=CC=CC=C2C1)N1CC=2N=C(N=C(C2CC1)N1C[C@@H]2C[C@@H]([C@H](C1)N2)O)OC[C@H]2N(CCC2)C,179806.37,273.2,2334.33
646_117,[C@H]12CN(C[C@H](CC1)N2)C=2C1=C(N=C(N2)OC[C@]23CCCN3C[C@@H](C2)F)CN(CC1)C1=CC(=CC2=CC=CC(=C12)Cl)O,,0.6,76.5
646_18,[C@H]12CN(C[C@H](CC1)N2)C=2C1=C(N=C(N2)OC[C@@]23CCCN3[C@H](CC2)COC(NC)=O)CN(CC1)C1=CC=CC2=CC=CC(=C12)CC,,1.8,106.0
646_7,[C@H]12CN(C[C@H](CC1)N2)C=2C1=C(N=C(N2)OC[C@]23CCCN3C[C@@H](C2)F)CN(CC1)C1=CC(=CC2=CC=CC(=C12)CC)O,,0.9,12.5
646_88,ClC=1C=CC=C2C=CC=C(C12)N1CC=2N=C(N=C(C2CC1)N1C[C@H]2C[C@@H]([C@@H](C1)N2)C)OC[C@H]2N(CCC2)C,1403.45,679.75,13438.0
646_90,ClC=1C=CC=C2C=CC=C(C12)N1CC=2N=C(N=C(C2CC1)N1C[C@H]2C/C(/[C@@H](C1)N2)=C/C#N)OC[C@H]2N(CCC2)C,13998.25,5731.45,
646_94,ClC=1C=CC=C2C=CC=C(C12)N1CC=2N=C(N=C(C2CC1)N1C[C@H]2C[C@@H]([C@@H](C1)N2)COC)OC[C@H]2N(CCC2)C,,606.0,16667.0
646_96,ClC=1C=CC=C2C=CC=C(C12)N1CC=2N=C(N=C(C2CC1)N1C[C@H]2C[C@@H]([C@@H](C1)N2)O)OC[C@H]2N(CCC2)C,58.3,190.9,16667.0
paper_21,FC1=C(C2=C(C=CC=C3)C3=CC(O)=C2)N=CC4=C1N=C(OCC56N(CCC6)CCC5)N=C4N7C[C@@H](CC8)N[C@@H]8C7,500000.0,1.25,300.25
paper_18,FC1=C(C2=C(C=CC=C3)C3=CC(O)=C2)N=CC4=C1N=C(N5CC(N(C)C)C5)N=C4N6C[C@@H](CC7)N[C@@H]7C6,42.1,48.9,1696.45
US_226,F[C@H]1CN2CCCC2(COc2nc(N3CC4CCC(C3)N4)c3cnc(c(F)c3n2)-c2cccc3cccc(Cl)c23)C1,6.9,14.8,3820.4
US_137,Fc1c(ncc2c(nc(OC[C@H]3CCCO3)nc12)N1CC2CCC(C1)N2)-c1cccc2cccc(Cl)c12,,3892.0,
paper_33,FC1=C(C2=C(C(C#C)=CC=C3)C3=CC=C2)N=CC4=C1N=C(OCC56N(CCC6)CCC5)N=C4N7C[C@@H](CC8)N[C@@H]8C7,0.1,2.05,71.1
paper_17,FC1=C(C2=C(C=CC=C3)C3=CC(O)=C2)N=CC4=C1N=C(OCCN(C)C)N=C4N5C[C@@H](CC6)N[C@@H]6C5,3.1,73.4,6871.25
paper_16,FC1=C(C2=C(C=CC=C3)C3=CC(O)=C2)N=CC4=C1N=C([H])N=C4N5C[C@@H](CC6)N[C@@H]6C5,,1766.25,11419.55
paper_38,FC1=C(C2=C(C(C#C)=CC=C3)C3=CC(O)=C2)N=CC4=C1N=C(OCC56N(CCC6)CCC5)N=C4N7C[C@@H](CC8)N[C@@H]8C7,0.0,1.15,10.55
paper_26,FC1=C(C2=C(C([H])=CC=C3)C3=CC=C2)N=CC4=C1N=C(OCC56N(CCC6)CCC5)N=C4N7C[C@@H](CC8)N[C@@H]8C7,,194.6,6691.55
paper_30,FC1=C(C2=C(C(CC)=CC=C3)C3=CC=C2)N=CC4=C1N=C(OCC56N(CCC6)CCC5)N=C4N7C[C@@H](CC8)N[C@@H]8C7,,3.85,325.05
paper_36,FC1=C(C2=C(C(C#C)=C(F)C=C3)C3=CC=C2)N=CC4=C1N=C(OCC56N(CCC6)CCC5)N=C4N7C[C@@H](CC8)N[C@@H]8C7,,1.25,24.05
paper_15,FC1=C(C2=C(C=CC=C3)C3=CC(O)=C2)N=CC4=C1N=C(OC[C@H]5N(C)CCC5)N=C4N6C[C@@H](CC7)N[C@@H]7C6,1.6,3.85,625.7
paper_25,FC1=C(C2=C(C=CC=C3)C3=CC(O)=C2)N=CC4=C1N=C(OC[C@]56N(C[C@H](F)C6)CCC5)N=C4N7C[C@@H](CC8)N[C@@H]8C7,1.7,1.74,58.4
US_459,[C@H]12CN(C[C@H](CC1)N2)C=2C1=C(N=C(N2)CCC23CCCN3CCC2)C(=C(N=C1)C1=CC=CC2=CC=CC(=C12)F)F,,1600.0,
US_225,CO[C@H]1CN2CCC[C@]2(COc2nc(N3CC4CCC(C3)N4)c3cnc(c(F)c3n2)-c2cccc3cccc(Cl)c23)C1,8.1,8.65,2545.15
US_224,O[C@H]1CN2CCC[C@]2(COc2nc(N3CC4CCC(C3)N4)c3cnc(c(F)c3n2)-c2cccc3cccc(Cl)c23)C1,,17.05,5324.25
paper_27,FC1=C(C2=C(C(F)=CC=C3)C3=CC=C2)N=CC4=C1N=C(OCC56N(CCC6)CCC5)N=C4N7C[C@@H](CC8)N[C@@H]8C7,,8.95,394.5
paper_31,FC1=C(C2=C(C(OC)=CC=C3)C3=CC=C2)N=CC4=C1N=C(OCC56N(CCC6)CCC5)N=C4N7C[C@@H](CC8)N[C@@H]8C7,,55.5,1913.15
paper_32,FC1=C(C2=C(C(CO)=CC=C3)C3=CC=C2)N=CC4=C1N=C(OCC56N(CCC6)CCC5)N=C4N7C[C@@H](CC8)N[C@@H]8C7,,47.55,7328.45
US_330,Oc1cc(-c2ncc3c(nc(OCC45CCCN4C[C@H](F)C5)nc3c2F)N2CC3CCC(C2)N3)c2c(Cl)cccc2c1,,1.35,11.05
paper_1,FC1=C(C2=C(C(C#C)=C(F)C=C3)C3=CC(O)=C2)N=CC4=C1N=C(OC[C@]56N(C[C@H](F)C6)CCC5)N=C4N7C[C@@H](CC8)N[C@@H]8C7,0.0,1.47,2.07
US_468,[C@H]12CN(C[C@H](CC1)N2)C=2C1=C(N=C(N2)OC[C@@]23CCCN3C[C@H](C2)F)C(=C(N=C1)C1=CC(=CC2=CC=CC(=C12)CC)O)F,,1.4,16.35
US_461,[C@@H]12OC[C@@H](N(C1)CCOC=1N=C(C3=C(N1)C(=C(N=C3)C3=CC(=CC1=CC=CC=C31)O)F)N3C[C@H]1CC[C@@H](C3)N1)C2,27.9,55.37,3641.35
US_366,[C@H]12CN(C[C@H](CC1)N2)C=2C1=C(N=C(N2)OCC23CCCN3CC(C2)F)C(=C(N=C1)C1=CC(=CC2=CC=CC(=C12)F)O)F,,0.6,5.95
US_288,C[C@@H]1C[C@H]1c1ccccc1-c1ncc2c(nc(OCC34CCCN3CCC4)nc2c1F)N1CC2CCC(C1)N2,,228.95,4900.25
paper_19,FC1=C(C2=C(C=CC=C3)C3=CC(O)=C2)N=CC4=C1N=C(OCCC5=NC=CN5C)N=C4N6C[C@@H](CC7)N[C@@H]7C6,8.3,19.75,6891.55
paper_29,FC1=C(C2=C(C(C)=CC=C3)C3=CC=C2)N=CC4=C1N=C(OCC56N(CCC6)CCC5)N=C4N7C[C@@H](CC8)N[C@@H]8C7,,27.5,2704.65
US_149,CO[C@H]1CC(COc2nc(N3CC4CCC(C3)N4)c3cnc(c(F)c3n2)-c2cccc3cccc(Cl)c23)N(C)C1,119.3,502.45,4207.8
US_357,CN1CC[C@H](COc2nc(N3CC4CCC(C3)N4)c3cnc(c(F)c3n2)-c2cccc3cccc(Cl)c23)C1,,262.6,11920.1
US_359,CN1CC[C@@H](C1)Oc1nc(N2CC3CCC(C2)N3)c2cnc(c(F)c2n1)-c1cccc2cccc(Cl)c12,,1808.85,
paper_37,FC1=C(C2=C(C(Cl)=CC=C3)C3=CC(O)=C2)N=CC4=C1N=C(OCC56N(CCC6)CCC5)N=C4N7C[C@@H](CC8)N[C@@H]8C7,,1.2,85.4
US_448,[C@H]12CN(C[C@H](CC1)N2)C=2C1=C(N=C(N2)OC[C@]23CCCN3C[C@@H](C2)F)C(=C(N=C1)C1=C(C=CC=C1)C1CC1)F,,168.8,
US_406,CO[C@H]1CN2CCC[C@]2(COc2nc(N3CC4CCC(C3)N4)c3cnc(c(F)c3n2)-c2cc(O)cc3cccc(F)c23)C1,,0.75,240.25
paper_28,FC1=C(C2=C(C(Cl)=CC=C3)C3=CC=C2)N=CC4=C1N=C(OCC56N(CCC6)CCC5)N=C4N7C[C@@H](CC8)N[C@@H]8C7,5.1,10.25,515.0
US_452,C[C@@H]1C[C@H]1c1c(Cl)cc(O)cc1-c1ncc2c(nc(OC[C@@]34CCCN3C[C@H](F)C4)nc2c1F)N1CC2CCC(C1)N2,,1.33,46.0
paper_34,FC1=C(C2=C(C=C(F)C=C3)C3=CC=C2)N=CC4=C1N=C(OCC56N(CCC6)CCC5)N=C4N7C[C@@H](CC8)N[C@@H]8C7,,27.0,370.0
paper_23,FC1=C(C2=C(C=CC=C3)C3=CC(O)=C2)N=CC4=C1N=C(OCC56N(CCC6)C(CC5)=O)N=C4N7C[C@@H](CC8)N[C@@H]8C7,,750.5,10000.0
paper_22,FC1=C(C2=C(C=CC=C3)C3=CC(O)=C2)N=CC4=C1N=C(OCC5(CCCC6)N6CCC5)N=C4N7C[C@@H](CC8)N[C@@H]8C7,,12.0,650.0
paper_35,FC1=C(C2=C(C(F)=C(F)C=C3)C3=CC=C2)N=CC4=C1N=C(OCC56N(CCC6)CCC5)N=C4N7C[C@@H](CC8)N[C@@H]8C7,,7.0,97.0
US_56,OC[C@@H](O)COc1nc(N2CC3CCC(C2)N3)c2cnc(c(F)c2n1)-c1cccc2cccc(Cl)c12,13805.3,6024.0,
US_66,Fc1c(ncc2c(nc(OC[C@@]34CCCN3C(CCl)CC4)nc12)N1CC2CCC(C1)N2)-c1cccc2cccc(Cl)c12,,273.8,1332.6
