smiles,IC50
CN1CCC[C@H]1COc1nc(N2CC3CCC(C2)N3)c2cnc(cc2n1)-c1cc(O)cc2ccccc12,124.7
CN1CCC[C@H]1COc1nc(N2CC3CCC(C2)N3)c2cnc(c(F)c2n1)-c1cc(O)cc2ccccc12,2.7
Cn1ccnc1CCOc1nc(N2CC3CCC(C2)N3)c2cnc(c(F)c2n1)-c1cc(O)cc2ccccc12,9.5
Oc1cc(-c2ncc3c(nc(OCCc4ccccn4)nc3c2F)N2CC3CCC(C2)N3)c2ccccc2c1,496.2
Cn1nccc1COc1nc(N2CC3CCC(C2)N3)c2cnc(c(F)c2n1)-c1cc(O)cc2ccccc12,722.9
Cc1cccnc1CCOc1nc(N2CC3CCC(C2)N3)c2cnc(c(F)c2n1)-c1cc(O)cc2ccccc12,434.1
Oc1cc(-c2ncc3c(nc(OCCc4ncccn4)nc3c2F)N2CC3CCC(C2)N3)c2ccccc2c1,1867.3
Cn1ccc(COc2nc(N3CC4CCC(C3)N4)c3cnc(c(F)c3n2)-c2cc(O)cc3ccccc23)n1,1522
Cn1cnc(COc2nc(N3CC4CCC(C3)N4)c3cnc(c(F)c3n2)-c2cc(O)cc3ccccc23)c1,820.7
CN1CCC[C@H]1COc1nc(N2CC3CCC(C2)N3)c2cnc(c(F)c2n1)-c1cc(O)c(Br)c2ccccc12,73.9
CN1CCC[C@H]1COc1nc(N2CC3CCC(C2)N3)c2cnc(c(F)c2n1)-c1cccc2cccc(C)c12,260.3
CN1C[C@H](F)C[C@H]1COc1nc(N2CC3CCC(C2)N3)c2cnc(c(F)c2n1)-c1cc(O)cc2ccccc12,54.1
C[C@H](CN(C)C)Oc1nc(N2CC3CCC(C2)N3)c2cnc(c(F)c2n1)-c1cc(O)cc2ccccc12,666.2
CN(C)CCOc1nc(N2CC3CCC(C2)N3)c2cnc(c(F)c2n1)-c1cc(O)cc2ccccc12,76.8
CN1CCC[C@H]1COc1nc(N2CC3CCC(C2)N3)c2cnc(c(F)c2n1)-c1cccc2ccc(F)cc12,122
[C@H]12CN(C[C@H](CC1)N2)C=2C1=C(N=C(N2)OC[C@H]2N(CCC2)C)C(=C(N=C1)C1=CC=CC2=CC=CC=C12)F,691.8
[C@H]12CN(C[C@H](CC1)N2)C=2C1=C(N=C(N2)OC[C@H]2N(CCC2)C)C(=C(N=C1)C1=CC=CC=2CCCCC12)F,262.9
Oc1cc(-c2ncc3c(nc(OCCCN4CCOCC4)nc3c2F)N2CC3CCC(C2)N3)c2ccccc2c1,50.3
Oc1cc(-c2ncc3c(nc(OCCCN4C[C@@H]5CC4CO5)nc3c2F)N2CC3CCC(C2)N3)c2ccccc2c1,7.9
Oc1cc(-c2ncc3c(nc(OCCN4CCOCC4)nc3c2F)N2CC3CCC(C2)N3)c2ccccc2c1,338.4
Oc1cc(-c2ncc3c(nc(OCCN4C[C@@H]5CC4CO5)nc3c2F)N2CC3CCC(C2)N3)c2ccccc2c1,42.1
CC(C)N1CCC[C@H]1COc1nc(N2CC3CCC(C2)N3)c2cnc(c(F)c2n1)-c1cccc2cccc(Cl)c12,160.4
CC1C(CCOc2nc(N3CC4CCC(C3)N4)c3cnc(c(F)c3n2)-c2cc(O)cc3ccccc23)=Nc2ccccc12,417.6
CN1CCC[C@H]1COc1nc(N2CC3C[C@@H](O)C(C2)N3)c2cnc(c(F)c2n1)-c1cc(O)cc2ccccc12,1.6
O[C@@H]1C[C@@H]2CN(C[C@H]1N2)c1nc(OCCc2ccc(F)cn2)nc2c(F)c(ncc12)-c1cccc2cccc(Cl)c12,2145
[C@H]12CN(C[C@H](CC1)N2)C=2C1=C(N=C(N2)OCC23CCCN3CCC2)C(=C(N=C1)C1=CN=CC2=CC=CC(=C12)Cl)F,21.1
CO[C@@H]1C[C@@H](COc2nc(N3CC4CCC(C3)N4)c3cnc(c(F)c3n2)-c2cccc3cccc(Cl)c23)N(C)C1,135.4
OCC(CO)COc1nc(N2CC3CCC(C2)N3)c2cnc(c(F)c2n1)-c1cccc2cccc(Cl)c12,475
Oc1cc(-c2ncc3c(nc(OCC45CCCN4CCC5)nc3c2F)N2CC3CCC(C2)N3)c2c(Cl)cccc2c1,0.4
OC1CN(C1)c1nc(N2CC3CCC(C2)N3)c2cnc(c(F)c2n1)-c1cc(O)cc2ccccc12,404.8
Oc1cc(-c2ncc3c(nc(OCCCC(F)(F)F)nc3c2F)N2CC3CCC(C2)N3)c2ccccc2c1,174.2
COCCN1CCC(CC1)Oc1nc(N2CC3CCC(C2)N3)c2cnc(c(F)c2n1)-c1cccc2ccccc12,10000
Oc1cc(-c2ncc3c(nc(OC[C@@H]4CC5CCN4C5)nc3c2F)N2CC3CCC(C2)N3)c2ccccc2c1,4
COCCCN1CCC(CC1)Oc1nc(N2CC3CCC(C2)N3)c2cnc(c(F)c2n1)-c1cc(O)cc2ccccc12,76.7
CO[C@@H]1C[C@@H](COc2nc(N3CC4CCC(C3)N4)c3cnc(c(F)c3n2)-c2cc(O)cc3ccccc23)N(C)C1,3.1
CCO[C@@H]1C[C@@H](COc2nc(N3CC4CCC(C3)N4)c3cnc(c(F)c3n2)-c2cccc3cccc(Cl)c23)N(C)C1,72.2
CN1CCC[C@H]1COc1nc(N2CC3CCC(C2)N3)c2cnc(c(F)c2n1)-c1cccc2ccc(F)c(Cl)c12,33.7
[C@H]12CN(C[C@H](CC1)N2)C=2C1=C(N=C(N2)OCC23CCCN3CCC2)C(=C(N=C1)C1=CC=CC2=CC=CC(=C12)Cl)F,5.5
Oc1cc(-c2ncc3c(nc(OCC4(CCCC4)C(F)(F)F)nc3c2F)N2CC3CCC(C2)N3)c2ccccc2c1,720.8
CCCOc1nc(N2CC3CCC(C2)N3)c2cnc(c(F)c2n1)-c1cc(O)cc2ccccc12,264.6
Oc1cc(-c2ncc3c(nc(OCC(F)(F)F)nc3c2F)N2CC3CCC(C2)N3)c2ccccc2c1,433.9
O[C@@H]1CC2CN(C[C@H]1N2)c1nc(OCC23CCCN2CCC3)nc2c(F)c(ncc12)-c1cccc2cccc(Cl)c12,5.9
Oc1cc(-c2ncc3c(nc(OC[C@@H]4CCCN4)nc3c2F)N2CC3CCC(C2)N3)c2ccccc2c1,2.5
Oc1cc(-c2ncc3c(nc(OCC4(CC4)C(F)(F)F)nc3c2F)N2CC3CCC(C2)N3)c2ccccc2c1,291.7
Oc1cc(-c2ncc3c(nc(OCC(F)(F)C(F)F)nc3c2F)N2CC3CCC(C2)N3)c2ccccc2c1,318.3
Fc1c(ncc2c(nc(OCC3COC3)nc12)N1CC2CCC(C1)N2)-c1cccc2cccc(Cl)c12,1881.4
Fc1c(ncc2c(nc(OCC34CCCN3CCCC4)nc12)N1CC2CCC(C1)N2)-c1cccc2cccc(Cl)c12,68.7
OC[C@H](O)COc1nc(N2CC3CCC(C2)N3)c2cnc(c(F)c2n1)-c1cccc2cccc(Cl)c12,6131.3
OC[C@@H](O)COc1nc(N2CC3CCC(C2)N3)c2cnc(c(F)c2n1)-c1cccc2cccc(Cl)c12,5916.7
OCC(O)CCOc1nc(C2CC3CCC(C2)N3)c2cnc(c(F)c2n1)-c1cccc2cccc(Cl)c12,7285.9
OCC[C@@H](CO)Oc1nc(C2CC3CCC(C2)N3)c2cnc(c(F)c2n1)-c1cccc2cccc(Cl)c12,2326.7
OCC(COc1nc(C2CC3CCC(C2)N3)c2cnc(c(F)c2n1)-c1cccc2cccc(Cl)c12)c1cccnc1,946.3
[O-][N+]12CCCC1(COc1nc(N3CC4CCC(C3)N4)c3cnc(c(F)c3n1)-c1cccc3cccc(Cl)c13)CCC2,1660.7
OC(=O)CCOc1nc(N2CC3CCC(C2)N3)c2cnc(c(F)c2n1)-c1cccc2cccc(Cl)c12,4081
Oc1ccc(CCOc2nc(N3CC4CCC(C3)N4)c3cnc(c(F)c3n2)-c2cccc3cccc(Cl)c23)cc1C=O,8407.4
CN1CCC[C@H]1COc1nc(N2CC3CCC(C2)N3)c2cnc(c(F)c2n1)-c1cc(O)cc2cccc(Cl)c12,0.4
CC(C)(C)[Si](C)(C)OCC1CCC2(COc3nc(N4CC5CCC(C4)N5)c4cnc(c(F)c4n3)-c3cccc4cccc(Cl)c34)CCCN12,3.3
Fc1c(ncc2c(nc(OC[C@]34CCCN3C(CCl)CC4)nc12)N1CC2CCC(C1)N2)-c1cccc2cccc(Cl)c12,3.2
Fc1c(ncc2c(nc(OC[C@@]34CCCN3C(CCl)CC4)nc12)N1CC2CCC(C1)N2)-c1cccc2cccc(Cl)c12,544.4
Oc1cc(-c2ncc3c(nc(OCCc4ccccc4F)nc3c2F)N2CC3CCC(C2)N3)c2c(Cl)cccc2c1,1245.6
COCCCOc1nc(N2CC3CCC(C2)N3)c2cnc(c(F)c2n1)-c1cc(O)cc2ccccc12,256.6
OCCOc1nc(N2CC3CCC(C2)N3)c2cnc(c(F)c2n1)-c1cc(O)cc2ccccc12,529.9
COCCOc1nc(N2CC3CCC(C2)N3)c2cnc(c(F)c2n1)-c1cc(O)cc2ccccc12,356.2
Oc1cc(-c2ncc3c(nc(OC4CCS(=O)(=O)CC4)nc3c2F)N2CC3CCC(C2)N3)c2ccccc2c1,125.7
Oc1cc(-c2ncc3c(nc(OC4CCOCC4)nc3c2F)N2CC3CCC(C2)N3)c2ccccc2c1,512.9
Oc1cc(-c2ncc3c(nc(OCC4CCCC4)nc3c2F)N2CC3CCC(C2)N3)c2ccccc2c1,572.7
Oc1cc(-c2ncc3c(nc(nc3c2F)N2CC3(C2)CCOCC3)N2CC3CCC(C2)N3)c2ccccc2c1,188.2
OCCCOc1nc(N2CC3CCC(C2)N3)c2cnc(c(F)c2n1)-c1cc(O)cc2ccccc12,240.4
Oc1cc(-c2ncc3c(nc(nc3c2F)N2CC3(C2)CCOC3)N2CC3CCC(C2)N3)c2ccccc2c1,131.2
OC[C@@H]1CCCN1c1nc(N2CC3CCC(C2)N3)c2cnc(c(F)c2n1)-c1cc(O)cc2ccccc12,3137.6
CC(=O)N1CCC(CC1)Oc1nc(N2CC3CCC(C2)N3)c2cnc(c(F)c2n1)-c1cc(O)cc2ccccc12,358.3
Oc1cc(-c2ncc3c(nc(OC4CCSCC4)nc3c2F)N2CC3CCC(C2)N3)c2ccccc2c1,336.5
Oc1cc(-c2ncc3c(nc(OC4CCC(F)(F)CC4)nc3c2F)N2CC3CCC(C2)N3)c2ccccc2c1,646.9
Oc1cc(-c2ncc3c(nc(OCCC(F)(F)F)nc3c2F)N2CC3CCC(C2)N3)c2ccccc2c1,152.9
Oc1cc(-c2ncc3c(nc(OC4CCS(=O)CC4)nc3c2F)N2CC3CCC(C2)N3)c2ccccc2c1,226.8
Fc1c(ncc2c(nc(OCC34CCCN3C(=O)CC4)nc12)N1CC2CCC(C1)N2)-c1cccc2cccc(Cl)c12,8694.9
Cc1nccn1CCOc1nc(N2CC3CCC(C2)N3)c2cnc(c(F)c2n1)-c1cc(O)cc2ccccc12,31.7
CC(C)Cn1ccnc1CCOc1nc(N2CC3CCC(C2)N3)c2cnc(c(F)c2n1)-c1cc(O)cc2ccccc12,453.7
COc1ccc(CCOc2nc(N3CC4CCC(C3)N4)c3cnc(c(F)c3n2)-c2cccc3cccc(Cl)c23)cn1,7919.9
Cc1cccc(CCOc2nc(N3CC4CCC(C3)N4)c3cnc(c(F)c3n2)-c2cc(O)cc3ccccc23)n1,535.6
Cc1ccc2[nH]ncc2c1-c1ncc2c(nc(OCCc3nccn3C)nc2c1F)N1CC2CCC(C1)N2,7021.4
Oc1cc(-c2ncc3c(nc(OCc4ccccn4)nc3c2F)N2CC3CCC(C2)N3)c2ccccc2c1,679.3
Fc1ccc2cccc(-c3ncc4c(nc(OCCc5cccnc5)nc4c3F)N3CC4CCC(C3)N4)c2c1,4494.9
CC(C)n1ccnc1CCOc1nc(N2CC3CCC(C2)N3)c2cnc(c(F)c2n1)-c1cc(O)cc2ccccc12,32.7
Fc1c(ncc2c(nc(OCCc3cn4ccccc4n3)nc12)N1CC2CCC(C1)N2)-c1cccc2cccc(Cl)c12,1348.4
Fc1c(ncc2c(nc(OCC34CCCN3CC(F)(F)C4)nc12)N1CC2CCC(C1)N2)-c1cccc2cccc(Cl)c12,104.6
Cn1ccnc1CCOc1nc(N2CC3CCC(C2)N3)c2cnc(c(F)c2n1)-c1cccc2ccccc12,3652.5
Cn1cncc1COc1nc(N2CC3CCC(C2)N3)c2cnc(c(F)c2n1)-c1cc(O)cc2ccccc12,561
Oc1cc(-c2ncc3c(nc(OCCc4ccccc4)nc3c2F)N2CC3CCC(C2)N3)c2ccccc2c1,2221
Fc1c(ncc2c(nc(OC[C@@H]3CCCN3Cc3ccccc3)nc12)N1CC2CCC(C1)N2)-c1cccc2cccc(Cl)c12,934.1
Fc1ccc2cccc(-c3ncc4c(nc(OCC56CCCN5CCC6)nc4c3F)N3CC4CCC(C3)N4)c2c1Cl,1
Oc1cc(-c2ncc3c(nc(OCc4cccnc4)nc3c2F)N2CC3CCC(C2)N3)c2ccccc2c1,623.8
Cc1cccc2cccc(-c3ncc4c(nc(OCCc5nccn5C)nc4c3F)N3CC4CCC(C3)N4)c12,1949.7
Cc1cccc2cccc(-c3ncc4c(nc(OCCc5cccnc5)nc4c3F)N3CC4CCC(C3)N4)c12,8081.6
Oc1cc(-c2ncc3c(nc(OCCc4ccc(F)cn4)nc3c2F)N2CC3CCC(C2)N3)c2ccccc2c1,95.8
Clc1cccc2cccc(-c3ccc4c(nc(OCCCN5C[C@@H]6C[C@H]5CO6)nc4c3)N3CC4CCC(C3)N4)c12,371
Cn1ccnc1COc1nc(N2CC3CCC(C2)N3)c2cnc(c(F)c2n1)-c1cc(O)cc2ccccc12,1675.8
COc1nc(N2CC3CCC(C2)N3)c2cnc(c(F)c2n1)-c1cc(O)cc2ccccc12,867.1
Oc1cc(-c2ncc3c(nc(OCCc4cccnc4)nc3c2F)N2CC3CCC(C2)N3)c2ccccc2c1,155.9
CN(C)CCOc1nc(N2CC3CCC(C2)N3)c2cnc(c(F)c2n1)-c1cccc2cccc(Cl)c12,2118.1
Fc1c(ncc2c(nc(OC[C@@H]3CCCN3Cc3ccccc3)nc12)N1CC2CCC(C1)N2)-c1cccc2ccccc12,4841.5
Oc1cc(-c2ncc3c(nc(OCC45CCCN4CCC5)nc3c2F)N2CC3CCC(C2)N3)c2ccccc2c1,0.5
Cn1cncc1CCOc1nc(N2CC3CCC(C2)N3)c2cnc(c(F)c2n1)-c1cc(O)cc2ccccc12,57.5
Cn1cncc1CCNc1nc(N2CC3CCC(C2)N3)c2cnc(c(F)c2n1)-c1cc(O)cc2ccccc12,281
Cn1ccnc1CCOc1nc(N2CC3CCC(C2)N3)c2cnc(c(F)c2n1)-c1cccc2ccc(F)cc12,718.4
Fc1c(ncc2c(nc(OCCc3cccnc3)nc12)N1CC2CCC(C1)N2)-c1cccc2cccc(Cl)c12,2866.1
Cn1ccnc1CCOc1nc(N2CC3CCC(C2)N3)c2cnc(c(F)c2n1)-c1cccc2cccc(Cl)c12,482.1
CN1C[C@H](F)C[C@H]1COc1nc(N2CC3CCC(C2)N3)c2cnc(c(F)c2n1)-c1cccc2cccc(Cl)c12,174.3
CN1CCC[C@H]1COc1nc(N2CC3CCC(C2)N3)c2cnc(cc2n1)-c1cccc2cccc(C)c12,1437.7
CN1CCC[C@H]1COc1nc(N2CC3CCC(C2)N3)c2cnc(cc2n1)-c1cccc2cccc(CCC#N)c12,731.5
Oc1cc(-c2ncc3c(nc(nc3c2F)N2CCCC2)N2CC3CCC(C2)N3)c2ccccc2c1,476.6
Oc1cc(-c2ncc3c(nc(nc3c2F)N2CCC2)N2CC3CCC(C2)N3)c2ccccc2c1,684.3
CN(C)C1CN(C1)c1nc(N2CC3CCC(C2)N3)c2cnc(c(F)c2n1)-c1cc(O)cc2ccccc12,28.8
OC[C@@H]1CCN1c1nc(N2CC3CCC(C2)N3)c2cnc(c(F)c2n1)-c1cc(O)cc2ccccc12,204.2
CN(C)C1CN(C1)c1nc(N2CC3CCC(C2)N3)c2cnc(c(F)c2n1)-c1cccc2cccc(Cl)c12,3265.3
CN1CCC[C@H]1COc1nc(N2CC3CCC(C2)N3)c2cnc(cc2n1)-c1cccc2cccc(Cl)c12,754.4
CC1(N)CN(C1)c1nc(N2CC3CCC(C2)N3)c2cnc(c(F)c2n1)-c1cc(O)cc2ccccc12,8.6
CC1(N)CN(C1)c1nc(N2CC3CCC(C2)N3)c2cnc(c(F)c2n1)-c1cccc2cccc(Cl)c12,667.5
CCC1(N)CN(C1)c1nc(N2CC3CCC(C2)N3)c2cnc(c(F)c2n1)-c1cc(O)cc2ccccc12,9.9
CN(C)C1(C)CN(C1)c1nc(N2CC3CCC(C2)N3)c2cnc(c(F)c2n1)-c1cccc2cccc(Cl)c12,250.9
CCC1(N)CN(C1)c1nc(N2CC3CCC(C2)N3)c2cnc(c(F)c2n1)-c1cccc2cccc(Cl)c12,500.6
Fc1c(ncc2c(nc(OCCC3CC(F)(F)C3)nc12)N1CC2CCC(C1)N2)-c1cccc2cccc(Cl)c12,4092.5
Fc1c(ncc2c(nc(nc12)N1CC2(CCN2)C1)N1CC2CCC(C1)N2)-c1cccc2cccc(Cl)c12,1647
CN1CC(COc2nc(N3CC4CCC(C3)N4)c3cnc(c(F)c3n2)-c2cccc3cccc(Cl)c23)CC1=O,423.9
CN1CCC[C@H]1COc1nc(N2CC3CCC(C2)N3)c2cnc(c(F)c2n1)-c1cccc2cccc(Cl)c12,60.5
CC1CCCc2cccc(-c3ncc4c(nc(OC[C@@H]5CCCN5C)nc4c3F)N3CC4CCC(C3)N4)c12,48.8
F[C@H]1CN2CCC[C@@]2(COc2nc(N3CC4CCC(C3)N4)c3cnc(c(F)c3n2)-c2cccc3cccc(Cl)c23)C1,3.7
OCC1CCC2(COc3nc(N4CC5CCC(C4)N5)c4cnc(c(F)c4n3)-c3cccc4cccc(Cl)c34)CCCN12,2.1
Fc1c(ncc2c(nc(OC[C@@H]3CCCO3)nc12)N1CC2CCC(C1)N2)-c1cccc2cccc(Cl)c12,5150.6
Fc1c(ncc2c(nc(OC[C@H]3CCCO3)nc12)N1CC2CCC(C1)N2)-c1cccc2cccc(Cl)c12,2633.4
CO[C@H](C)COc1nc(N2CC3CCC(C2)N3)c2cnc(c(F)c2n1)-c1cccc2cccc(Cl)c12,8067.8
Nc1cccc(CCOc2nc(N3CC4CCC(C3)N4)c3cnc(c(F)c3n2)-c2cc(O)cc3ccccc23)n1,113.3
COc1cccnc1CCOc1nc(N2CC3CCC(C2)N3)c2cnc(c(F)c2n1)-c1cc(O)cc2ccccc12,5161.4
Nc1ccc(CCOc2nc(N3CC4CCC(C3)N4)c3cnc(c(F)c3n2)-c2cccc3cccc(Cl)c23)cn1,891.1
Fc1c(ncc2c(nc(OC3CCc4[nH]ncc4C3)nc12)N1CC2CCC(C1)N2)-c1cccc2cccc(Cl)c12,8846.4
Fc1c(ncc2c(nc(OC3CCc4cn[nH]c4C3)nc12)N1CC2CCC(C1)N2)-c1cccc2cccc(Cl)c12,4563.2
Cn1nccc1CCOc1nc(N2CC3CCC(C2)N3)c2cnc(c(F)c2n1)-c1cccc2cccc(Cl)c12,1702.3
Cn1ccc(CCOc2nc(N3CC4CCC(C3)N4)c3cnc(c(F)c3n2)-c2cccc3cccc(Cl)c23)n1,5002.5
Cn1cc(CCOc2nc(N3CC4CCC(C3)N4)c3cnc(c(F)c3n2)-c2cccc3cccc(Cl)c23)cn1,2285.7
Fc1c(ncc2c(nc(OCCn3cccn3)nc12)N1CC2CCC(C1)N2)-c1cccc2cccc(Cl)c12,5876.2
Cn1cnc2ccc(Oc3nc(N4CC5CCC(C4)N5)c4cnc(c(F)c4n3)-c3cccc4cccc(Cl)c34)cc12,5180
CO[C@H]1CC(COc2nc(N3CC4CCC(C3)N4)c3cnc(c(F)c3n2)-c2cccc3cccc(Cl)c23)N(C)C1,869.5
Fc1c(ncc2c(nc(OCc3cccn4ccnc34)nc12)N1CC2CCC(C1)N2)-c1cccc2cccc(Cl)c12,1981.1
CN1CCCC1COc1nc(N2CC3CCC(C2)N3)c2cnc(c(F)c2n1)-c1cncc2cccc(Cl)c12,387.5
O[C@@H]1C[C@@H]2CN(CC1N2)c1nc(nc2c(F)c(ncc12)-c1cccc2cccc(Cl)c12)N1CCC1,2647.1
CC(C)N1CCC[C@H]1COc1nc(N2C[C@H]3C[C@@H](O)C(C2)N3)c2cnc(c(F)c2n1)-c1cccc2cccc(Cl)c12,50.8
Cn1cnnc1CCOc1nc(N2CC3CCC(C2)N3)c2cnc(c(F)c2n1)-c1cccc2cccc(Cl)c12,6533.8
O[C@@H]1C[C@@H]2CN(CC1N2)c1nc(OCCC(F)(F)F)nc2c(F)c(ncc12)-c1cccc2cccc(Cl)c12,3417
CN1CCC[C@H]1COc1nc(N2CC3CCC(C)(C2)N3)c2cnc(c(F)c2n1)-c1cc(O)cc2ccccc12,9.1
CN1CCC[C@H]1COc1nc(N2CC3CCC(CCC#N)(C2)N3)c2cnc(c(F)c2n1)-c1cc(O)cc2ccccc12,26.6
FC1=C(N=CC2=C1N=C(N=C2N2CC1(CCC(C2)N1)C(=O)OC)OC[C@H]1N(CCC1)C)C1=CC(=CC2=CC=CC=C12)O,73.7
CN1CCC[C@H]1COc1nc(N2CC3CCC(C2)(N3)C(N)=O)c2cnc(c(F)c2n1)-c1cc(O)cc2ccccc12,331
CN1CCC[C@H]1COc1nc(N2CC3CCC(Cl)(C2)N3)c2cnc(c(F)c2n1)-c1cc(O)cc2ccccc12,120.3
CN1CCC[C@H]1COc1nc(N2CC3CCC(C2)N3)c2cnc(c(F)c2n1)-c1cccc2CCC(C)(C)c12,273.2
CN1CCC[C@H]1COc1nc(N2CC3CCC(C2)N3)c2cnc(c(F)c2n1)-c1cccc2CCC3(CC3)c12,677.3
Fc1c(ncc2c(nc(OC3CCN(CC3)C(=O)CCl)nc12)N1CC2CCC(C1)N2)-c1cccc2cccc(Cl)c12,5552.5
Fc1c(ncc2c(nc(OCCNC(=O)c3ccc(cc3)S(F)(=O)=O)nc12)N1CC2CCC(C1)N2)-c1cccc2cccc(Cl)c12,4046
CN1C[C@@H](C[C@H]1COc1nc(N2CC3CCC(C2)N3)c2cnc(c(F)c2n1)-c1cccc2cccc(Cl)c12)NC(=O)c1ccc(cc1)S(F)(=O)=O,97.8
O[C@@H]1C[C@@H]2CN(C[C@H]1N2)c1nc(OCCc2nccn2C(F)F)nc2c(F)c(ncc12)-c1cccc2cccc(Cl)c12,1286.1
Cc1nccn1CCOc1nc(N2C[C@H]3C[C@@H](O)[C@@H](C2)N3)c2cnc(c(F)c2n1)-c1cccc2cccc(Cl)c12,226.2
O[C@@H]1C[C@@H]2CN(C[C@H]1N2)c1nc(OCCn2ccnc2CF)nc2c(F)c(ncc12)-c1cccc2cccc(Cl)c12,583
O[C@@H]1C[C@@H]2CN(C[C@H]1N2)c1nc(OCCn2ccnc2C(F)(F)F)nc2c(F)c(ncc12)-c1cccc2cccc(Cl)c12,656.9
O[C@@H]1C[C@@H]2CN(C[C@H]1N2)c1nc(OCCc2nccn2CF)nc2c(F)c(ncc12)-c1cccc2cccc(Cl)c12,841.7
OCc1nccn1CCOc1nc(N2CC3CCC(C2)N3)c2cnc(c(F)c2n1)-c1cccc2cccc(Cl)c12,757.4
O[C@@H]1C[C@@H]2CN(C[C@H]1N2)c1nc(OCCn2ccnc2C(F)F)nc2c(F)c(ncc12)-c1cccc2cccc(Cl)c12,689.1
Cn1ccnc1CCOc1nc(N2C[C@H]3C[C@@H](O)[C@@H](C2)N3)c2cnc(c(F)c2n1)-c1cccc2cccc(Cl)c12,99.2
CC1CCc2cccc(c12)-c1ncc2c(nc(OC[C@@H]3CCCN3C)nc2c1F)N1CC2CCC(C1)N2,63.9
Cc1cc(-c2ncc3c(nc(OCC45CCCN4CCC5)nc3c2F)N2CC3CCC(C2)N3)c2c(Cl)cccc2c1,63.8
NC(=N)NCCOc1nc(N2CC3CCC(C2)N3)c2cnc(c(F)c2n1)-c1cccc2cccc(Cl)c12,235.1
NC(=N)NCCCOc1nc(N2CC3CCC(C2)N3)c2cnc(c(F)c2n1)-c1cccc2cccc(Cl)c12,187.1
Nc1nccn1CCOc1nc(N2CC3CCC(C2)N3)c2cnc(c(F)c2n1)-c1cccc2cccc(Cl)c12,105
Fc1c(ncc2c(nc(OCC34CCCN3CCC4)nc12)N1CC2CCC(C1)N2)-c1cccc2cccc(C#C)c12,1.1
Fc1c(ncc2c(nc(OCC34CCCN3CCC4)nc12)N1CC2CCC(C1)N2)-c1cccc2cccc(-c3c[nH]nn3)c12,76.1
Oc1cc(-c2ncc3c(ncnc3c2F)N2CC3CCC(C2)N3)c2ccccc2c1,572.5
Nc1nc(N2CC3CCC(C2)N3)c2cnc(c(F)c2n1)-c1cc(O)cc2ccccc12,269.1
CNc1nc(N2CC3CCC(C2)N3)c2cnc(c(F)c2n1)-c1cc(O)cc2ccccc12,393.3
CN(C)c1nc(N2CC3CCC(C2)N3)c2cnc(c(F)c2n1)-c1cc(O)cc2ccccc12,1990.6
Oc1cc(-c2ncc3c(nc(OCC45CCCN4CCC5)nc3c2F)N2CC3CCC(C2)N3)c2c(cccc2c1)C#C,0.3
Fc1c(ncc2c(nc(OCC34CCCN3CCC4)nc12)N1CC2CCC(C1)N2)-c1cccc2ccccc12,29.2
CCc1cccc2cccc(-c3ncc4c(nc(OCC56CCCN5CCC6)nc4c3F)N3CC4CCC(C3)N4)c12,1.7
Fc1c(ncc2c(ncnc12)N1CC2CCC(C1)N2)-c1cccc2cccc(C#C)c12,1919.7
Fc1ccc2cccc(-c3ncc4c(nc(OCC56CCCN5CCC6)nc4c3F)N3CC4CCC(C3)N4)c2c1C#C,0.5
CN1CCC[C@H]1COc1nc(N2CC3CCC(C2)N3)c2cnc(c(C)c2n1)-c1cc(O)cc2ccccc12,64.1
CN1CCC[C@H]1COc1nc(N2CC3CCC(C2)N3)c2cnc(c(Cl)c2n1)-c1cc(O)cc2ccccc12,69.1
CN1CCC[C@H]1COc1nc(N2CC3CCC(C2)N3)c2cnc(c(F)c2n1)-c1cccc2cccc(C#N)c12,224.9
OCC#Cc1cccc2cccc(-c3ncc4c(nc(OCC56CCCN5CCC6)nc4c3F)N3CC4CCC(C3)N4)c12,12.5
CN1CCC[C@H]1COc1nc(N2CC3CCC(C2)N3)c2cnc(c(F)c2n1)-c1cccc2cccc(C#CCO)c12,150.8
CC#Cc1cccc2cccc(-c3ncc4c(nc(OCC56CCCN5CCC6)nc4c3F)N3CC4CCC(C3)N4)c12,20.7
Fc1c(ncc2c(nc(OCC34CCCN3CCC4)nc12)N1CC2CCC(C1)N2)-c1cccc2OC(F)(F)Oc12,467
Fc1c(ncc2c(nc(OCC34CCCN3CCC4)nc12)N1CC2CCC(C1)N2)-c1cccc(c1C(F)(F)F)C(F)(F)F,99.9
Fc1c(ncc2c(nc(OCC34CCCN3CCC4)nc12)N1CC2CCC(C1)N2)-c1cccc2cccc(C#N)c12,20.3
CSc1cccc2cccc(-c3ncc4c(nc(OCC56CCCN5CCC6)nc4c3F)N3CC4CCC(C3)N4)c12,2
Fc1c(ncc2c(nc(OCC34CCCN3CCOC4)nc12)N1CC2CCC(C1)N2)-c1cccc2cccc(Cl)c12,229.7
CN1CCC[C@H]1COc1nc(N2CC3CCC(C2)N3)c2cnc(c(F)c2n1)-c1cccc2cccc(C=C)c12,70.2
COCCO[C@@H]1C[C@@H](COc2nc(N3CC4CCC(C3)N4)c3cnc(c(F)c3n2)-c2cccc3cccc(Cl)c23)N(C)C1,94
F[C@@H]1CN2CCCC2(COc2nc(N3CC4CCC(C3)N4)c3cnc(c(F)c3n2)-c2cncc3cccc(Cl)c23)C1,28.1
F[C@@H]1CN2CCCC2(COc2nc(N3CC4CCC(C3)N4)c3cnc(c(F)c3n2)-c2cncc3cccc(C#C)c23)C1,4.4
F[C@@H]1CN2CCCC2(COc2nc(N3CC4CCC(C3)N4)c3cnc(c(F)c3n2)-c2cccc3cccc(C#C)c23)C1,1.2
CN1CCC[C@H]1COc1nc(N2CC3CCC(C2)N3)c2cnc(c(F)c2n1)-c1cccc2cccc(C#C)c12,5.1
CN1CCC[C@H]1COc1nc(N2CC3CCC(C2)N3)c2cnc(c(F)c2n1)-c1cccc2cc(C)ccc12,4906.8
CN1C[C@@H](C[C@H]1COc1nc(N2CC3CCC(C2)N3)c2cnc(c(F)c2n1)-c1cccc2cccc(Cl)c12)Oc1cccc(c1)S(F)(=O)=O,1836.7
CN1C[C@@H](C[C@H]1COc1nc(N2CC3CCC(C2)N3)c2cnc(c(F)c2n1)-c1cccc2cccc(Cl)c12)Oc1ccc(cc1)S(F)(=O)=O,2746.7
CN1CC[C@H](Oc2cccc(c2)S(F)(=O)=O)[C@H]1COc1nc(N2CC3CCC(C2)N3)c2cnc(c(F)c2n1)-c1cccc2cccc(Cl)c12,5464.7
CN1C[C@@H](C[C@H]1COc1nc(N2CC3CCC(C2)N3)c2cnc(c(F)c2n1)-c1cccc2cccc(Cl)c12)NC(=O)c1cccc(c1)S(F)(=O)=O,211.5
Oc1cc(-c2ncc3c(nc(OCCNC(=O)c4ccc(cc4)S(F)(=O)=O)nc3c2F)N2CC3CCC(C2)N3)c2ccccc2c1,1218.4
Oc1cc(-c2ncc3c(nc(OCCNC(=O)c4cccc(c4)S(F)(=O)=O)nc3c2F)N2CC3CCC(C2)N3)c2ccccc2c1,7529
Oc1cc(-c2ncc3c(nc(OCC45CCCN4C[C@H](F)C5)nc3c2F)N2CC3CCC(C2)N3)c2ccccc2c1,0.9
Fc1cccc2cccc(-c3ncc4c(nc(CCC56CCCN5CCC6)nc4c3F)N3CC4CCC(C3)N4)c12,1600
CO[C@@H]1CN2CCC[C@]2(COc2nc(N3CC4CCC(C3)N4)c3cnc(c(F)c3n2)-c2cccc3cccc(Cl)c23)C1,8.1
Cn1cc(cn1)[C@H]1CN2CCC[C@]2(COc2nc(N3CC4CCC(C3)N4)c3cnc(c(F)c3n2)-c2cccc3cccc(Cl)c23)C1,8.7
Fc1c(ncc2c(nc(OC[C@]34CCCN3C[C@@H](C4)c3ccccc3)nc12)N1CC2CCC(C1)N2)-c1cccc2cccc(Cl)c12,15.7
OCC12CCCN1CC(C2)Oc1nc(N2CC3CCC(C2)N3)c2cnc(c(F)c2n1)-c1cccc2cccc(Cl)c12,1126.7
O[C@H]1CN2CCC[C@@]2(COc2nc(N3CC4CCC(C3)N4)c3cnc(c(F)c3n2)-c2cccc3cccc(Cl)c23)C1,7.1
O[C@H]1CN2CCC[C@]2(COc2nc(N3CC4CCC(C3)N4)c3cnc(c(F)c3n2)-c2cccc3cccc(Cl)c23)C1,27
CO[C@H]1CN2CCC[C@]2(COc2nc(N3CC4CCC(C3)N4)c3cnc(c(F)c3n2)-c2cccc3cccc(Cl)c23)C1,9.2
F[C@H]1CN2CCCC2(COc2nc(N3CC4CCC(C3)N4)c3cnc(c(F)c3n2)-c2cccc3cccc(Cl)c23)C1,25.9
C[C@H]1CN2CCC[C@@]2(COc2nc(N3CC4CCC(C3)N4)c3cnc(c(F)c3n2)-c2cccc3cccc(Cl)c23)C1,6.4
CC1(C)CN2CCCC2(COc2nc(N3CC4CCC(C3)N4)c3cnc(c(F)c3n2)-c2cccc3cccc(Cl)c23)C1,87.7
Fc1c(ncc2c(nc(OCC34CCCN3CCC4)nc12)N1CC2CCC(C1)N2)-c1ccccc1OC(F)(F)F,121
Fc1c(ncc2c(nc(OCC34CCCN3CCC4)nc12)N1CC2CCC(C1)N2)-c1cccc(Cl)c1OC(F)(F)F,1433.1
COc1cc(-c2ncc3c(nc(OCC45CCCN4CCC5)nc3c2F)N2CC3CCC(C2)N3)c2c(cccc2c1)C#C,19.8
Oc1cc(-c2ncc3c(nc(OCC45CCCN4CCC5)nc3c2F)N2CC3CCC(C2)N3)c2c(C#C)c(F)ccc2c1,0.6
C(Oc1nc(N2CC3CCC(C2)N3)c2cnc(cc2n1)-c1cccc2ccccc12)C12CCCN1CCC2,387.2
Fc1cccc2cccc(-c3ncc4c(nc(OCC56CCCN5CCC6)nc4c3F)N3CC4CCC(C3)N4)c12,5.9
Fc1c(ncc2c(nc(OCC34CCCN3CCC4)nc12)N1CC2CCC(C1)N2)-c1cccc2cccc(Br)c12,1.2
COc1cccc2cccc(-c3ncc4c(nc(OCC56CCCN5CCC6)nc4c3F)N3CC4CCC(C3)N4)c12,25
Oc1cccc2cccc(-c3ncc4c(nc(OCC56CCCN5CCC6)nc4c3F)N3CC4CCC(C3)N4)c12,500.3
OCc1cccc2cccc(-c3ncc4c(nc(OCC56CCCN5CCC6)nc4c3F)N3CC4CCC(C3)N4)c12,16.1
OCCc1cccc2cccc(-c3ncc4c(nc(OCC56CCCN5CCC6)nc4c3F)N3CC4CCC(C3)N4)c12,2
NC(=O)Cc1cccc2cccc(-c3ncc4c(nc(OCC56CCCN5CCC6)nc4c3F)N3CC4CCC(C3)N4)c12,314.8
NCC#Cc1cccc2cccc(-c3ncc4c(nc(OCC56CCCN5CCC6)nc4c3F)N3CC4CCC(C3)N4)c12,79.2
CCC#Cc1cccc2cccc(-c3ncc4c(nc(OCC56CCCN5CCC6)nc4c3F)N3CC4CCC(C3)N4)c12,82.2
Oc1cc(-c2ncc3c(nc(OC[C@@]45CCCN4C[C@H](F)C5)nc3c2F)N2CC3CCC(C2)N3)c2c(cccc2c1)C#C,0.4
Oc1cc(-c2ncc3c(ncnc3c2F)N2CC3CCC(C2)N3)c2c(cccc2c1)C#C,4.2
Oc1cc(-c2ncc3c(nc(OCC45CCCN4CCC5)nc3c2F)N2CC3CCC(C2)N3)c2c(Cl)c(F)ccc2c1,0.5
Oc1cc(-c2ncc3c(nc(OC[C@@]45CCCN4C[C@H](F)C5)nc3c2F)N2CC3CCC(C2)N3)c2c(F)c(F)ccc2c1,0.6
FC(F)Cc1cccc2cccc(-c3ncc4c(nc(OCC56CCCN5CCC6)nc4c3F)N3CC4CCC(C3)N4)c12,12.6
FCCc1cccc2cccc(-c3ncc4c(nc(OCC56CCCN5CCC6)nc4c3F)N3CC4CCC(C3)N4)c12,3.2
Cc1cc2[nH]ncc2c(c1C)-c1ncc2c(nc(OCC34CCCN3CCC4)nc2c1F)N1CC2CCC(C1)N2,3.5
Cc1cc2[nH]ccc2c(c1C)-c1ncc2c(nc(OCC34CCCN3CCC4)nc2c1F)N1CC2CCC(C1)N2,28.2
Oc1cc(-c2ncc3c(nc(OC[C@@]45CCCN4C[C@H](F)C5)nc3c2F)N2CC3CCC(C2)N3)c2c(Cl)cccc2c1,0.2
Oc1cc(-c2ncc3c(nc(OC[C@@]45CCCN4C[C@H](F)C5)nc3c2F)N2CC3CCC(C2)N3)c2c(C#C)c(F)ccc2c1,0.4
CCc1c(F)ccc2cc(O)cc(-c3ncc4c(nc(OC[C@@]56CCCN5C[C@H](F)C6)nc4c3F)N3CC4CCC(C3)N4)c12,0.8
CCCc1cccc2cccc(-c3ncc4c(nc(OCC56CCCN5CCC6)nc4c3F)N3CC4CCC(C3)N4)c12,6.1
FCCCc1cccc2cccc(-c3ncc4c(nc(OCC56CCCN5CCC6)nc4c3F)N3CC4CCC(C3)N4)c12,8.7
Cc1ccc(O)cc1-c1ncc2c(nc(OCC34CCCN3CCC4)nc2c1F)N1CC2CCC(C1)N2,13.2
Fc1c(ncc2c(nc(OCC34CCCN3CCC4)nc12)N1CC2CCC(C1)N2)-c1c2cn[nH]c2cc2ccccc12,5.1
Fc1c(ncc2c(nc(OCC34CCCN3CCC4)nc12)N1CC2CCC(C1)N2)-c1c(OC(F)(F)F)ccc2[nH]ncc12,6.5
CCc1cccc2cc(O)cc(-c3ncc4c(nc(OC[C@@]56CCCN5C[C@H](F)C6)nc4c3F)N3CC4CCC(C3)N4)c12,0.8
CN1C[C@@H](C[C@H]1COc1nc(N2CC3CCC(C2)N3)c2cnc(c(F)c2n1)-c1cccc2cccc(Cl)c12)OC(=O)NCCOCc1ccc(O)cc1,107.1
NCCOc1nc(N2CC3CCC(C2)N3)c2cnc(c(F)c2n1)-c1cccc2cccc(Cl)c12,8304.2
NC1(COc2nc(N3CC4CCC(C3)N4)c3cnc(c(F)c3n2)-c2cccc3cccc(Cl)c23)CCCCC1,2255.6
CCc1ccc(O)cc1-c1ncc2c(nc(OCC34CCCN3CCC4)nc2c1F)N1CC2CCC(C1)N2,1.5
Fc1ccccc1-c1ncc2c(nc(OCC34CCCN3CCC4)nc2c1F)N1CC2CCC(C1)N2,4698.9
Nc1cccc(F)c1-c1ncc2c(nc(OCC34CCCN3CCC4)nc2c1F)N1CC2CCC(C1)N2,794
Nc1c(Cl)cc(Cl)c(F)c1-c1ncc2c(nc(OCC34CCCN3CCC4)nc2c1F)N1CC2CCC(C1)N2,278
Oc1ccccc1-c1ncc2c(nc(OCC34CCCN3CCC4)nc2c1F)N1CC2CCC(C1)N2,3261.6
CNc1c(F)cccc1-c1ncc2c(nc(OCC34CCCN3CCC4)nc2c1F)N1CC2CCC(C1)N2,1546.3
CCNc1c(F)cccc1-c1ncc2c(nc(OCC34CCCN3CCC4)nc2c1F)N1CC2CCC(C1)N2,4037.9
Nc1c(F)cccc1-c1ncc2c(nc(OCC34CCCN3CCC4)nc2c1F)N1CC2CCC(C1)N2,4492.4
Oc1cccc(c1)-c1ncc2c(nc(OCC34CCCN3CCC4)nc2c1F)N1CC2CCC(C1)N2,1621.9
Cc1ccccc1-c1ncc2c(nc(OCC34CCCN3CCC4)nc2c1F)N1CC2CCC(C1)N2,1178.7
COc1ccccc1-c1ncc2c(nc(OCC34CCCN3CCC4)nc2c1F)N1CC2CCC(C1)N2,1340.8
Cc1c(Cl)cccc1-c1ncc2c(nc(OCC34CCCN3CCC4)nc2c1F)N1CC2CCC(C1)N2,35.9
Cc1cccc(c1C)-c1ncc2c(nc(OCC34CCCN3CCC4)nc2c1F)N1CC2CCC(C1)N2,53.8
Cc1cccc(c1Cl)-c1ncc2c(nc(OCC34CCCN3CCC4)nc2c1F)N1CC2CCC(C1)N2,16.2
Fc1c(ncc2c(nc(OCC34CCCN3CCC4)nc12)N1CC2CCC(C1)N2)-c1cccc(Cl)c1Cl,35.2
[C@H]12CN(C[C@H](CC1)N2)C=2C1=C(N=C(N2)OCC23CCCN3CCC2)C(=C(N=C1)C1=CC=CC2=CC=CC(=C12)C#C[2H])F,0.7
Oc1ccc(CC#C)c(c1)-c1ncc2c(nc(OCC34CCCN3CCC4)nc2c1F)N1CC2CCC(C1)N2,1.6
COCCNC(=O)O[C@@H]1C[C@@H](COc2nc(N3CC4CCC(C3)N4)c3cnc(c(F)c3n2)-c2cccc3cccc(Cl)c23)N(C)C1,99.8
F[C@H]1CN2CCC[C@@]2(COc2nc(N3CC4CCC(C3)N4)c3cnc(c(F)c3n2)-c2cccc3ccc(F)c(C#C)c23)C1,0.9
[C@H]12CN(C[C@H](CC1)N2)C=2C1=C(N=C(N2)OC[C@]23CCCN3C[C@@H](C2)F)C(=C(N=C1)C1=CC(=CC2=CC=CC(=C12)F)O)F,0.7
[C@H]12CN(C[C@H](CC1)N2)C=2C1=C(N=C(N2)OC[C@]23CCCN3C[C@@H](C2)F)C(=C(N=C1)C=1C=C(C=C(C1C1CC1)Cl)O)F,0.7
Oc1cc(Cl)c(c(c1)-c1ncc2c(nc(OC[C@@]34CCCN3C[C@H](F)C4)nc2c1F)N1CC2CCC(C1)N2)C(F)(F)F,0.1
F[C@@H]1C[C@H]1c1ccccc1-c1ncc2c(nc(OCC34CCCN3CCC4)nc2c1F)N1CC2CCC(C1)N2,279
C[C@@H]1C[C@@H]1c1ccccc1-c1ncc2c(nc(OCC34CCCN3CCC4)nc2c1F)N1CC2CCC(C1)N2,17.2
C[C@H]1C[C@H]1c1ccccc1-c1ncc2c(nc(OCC34CCCN3CCC4)nc2c1F)N1CC2CCC(C1)N2,90.7
C[C@@H]1C[C@H]1c1ccccc1-c1ncc2c(nc(OCC34CCCN3CCC4)nc2c1F)N1CC2CCC(C1)N2,589.5
C[C@H]1C[C@@H]1c1ccccc1-c1ncc2c(nc(OCC34CCCN3CCC4)nc2c1F)N1CC2CCC(C1)N2,218.4
CC(C)c1c(F)cc(O)cc1-c1ncc2c(nc(OC[C@@]34CCCN3C[C@H](F)C4)nc2c1F)N1CC2CCC(C1)N2,2.1
CC(C)c1c(Cl)cc(O)cc1-c1ncc2c(nc(OC[C@@]34CCCN3C[C@H](F)C4)nc2c1F)N1CC2CCC(C1)N2,1.6
Fc1cccc(-c2ncc3c(nc(OCC45CCCN4CCC5)nc3c2F)N2CC3CCC(C2)N3)c1C(F)(F)F,13.1
FC(F)c1ccccc1-c1ncc2c(nc(OCC34CCCN3CCC4)nc2c1F)N1CC2CCC(C1)N2,692.3
Cc1c(F)cccc1-c1ncc2c(nc(OCC34CCCN3CCC4)nc2c1F)N1CC2CCC(C1)N2,620.4
CCc1ccccc1-c1ncc2c(nc(OCC34CCCN3CCC4)nc2c1F)N1CC2CCC(C1)N2,191.5
CN(C)c1ccccc1-c1ncc2c(nc(OCC34CCCN3CCC4)nc2c1F)N1CC2CCC(C1)N2,111.5
Fc1c(ncc2c(nc(OCC34CCCN3CCC4)nc12)N1CC2CCC(C1)N2)-c1ccccc1C1CC1,88.9
CC(C)c1c(Cl)cccc1-c1ncc2c(nc(OCC34CCCN3CCC4)nc2c1F)N1CC2CCC(C1)N2,8.3
CC(C)c1c(F)cccc1-c1ncc2c(nc(OCC34CCCN3CCC4)nc2c1F)N1CC2CCC(C1)N2,131.7
CCC(C)c1ccccc1-c1ncc2c(nc(OCC34CCCN3CCC4)nc2c1F)N1CC2CCC(C1)N2,767.8
CC(C)c1c(C)cccc1-c1ncc2c(nc(OCC34CCCN3CCC4)nc2c1F)N1CC2CCC(C1)N2,35.1
FC(F)Oc1c(F)cccc1-c1ncc2c(nc(OCC34CCCN3CCC4)nc2c1F)N1CC2CCC(C1)N2,43.6
FC(F)Oc1ccccc1-c1ncc2c(nc(OCC34CCCN3CCC4)nc2c1F)N1CC2CCC(C1)N2,357.3
Fc1cccc(-c2ncc3c(nc(OCC45CCCN4CCC5)nc3c2F)N2CC3CCC(C2)N3)c1C1CC1,29.2
CC1(CC1)c1ccccc1-c1ncc2c(nc(OCC34CCCN3CCC4)nc2c1F)N1CC2CCC(C1)N2,366.8
CC(C)c1ccncc1-c1ncc2c(nc(OCC34CCCN3CCC4)nc2c1F)N1CC2CCC(C1)N2,260.4
CC(C)c1ncccc1-c1ncc2c(nc(OCC34CCCN3CCC4)nc2c1F)N1CC2CCC(C1)N2,3164.3
CN(C)Cc1ccc(COCCNC(=O)O[C@@H]2C[C@@H](COc3nc(N4CC5CCC(C4)N5)c4cnc(c(F)c4n3)-c3cccc4cccc(Cl)c34)N(C)C2)cc1,117.4
CC(C)c1ccccc1-c1ncc2c(nc(OCC34CCCN3CCC4)nc2c1F)N1CC2CCC(C1)N2,204.7
Fc1c(ncc2c(nc(OCC34CCCN3CCC4)nc12)N1CC2CCC(C1)N2)-c1ccccc1Cl,558.7
COc1c(Cl)cccc1-c1ncc2c(nc(OCC34CCCN3CCC4)nc2c1F)N1CC2CCC(C1)N2,135.3
CCc1c(Cl)cccc1-c1ncc2c(nc(OCC34CCCN3CCC4)nc2c1F)N1CC2CCC(C1)N2,9
COc1c(C)cccc1-c1ncc2c(nc(OCC34CCCN3CCC4)nc2c1F)N1CC2CCC(C1)N2,231.3
CCc1c(F)ccc2cc(O)cc(-c3ncc4c(nc(OCC56CCCN5CCC6)nc4c3F)N3CC4CCC(C3)N4)c12,0.6
OCCc1ccccc1-c1ncc2c(nc(OCC34CCCN3CCC4)nc2c1F)N1CC2CCC(C1)N2,2537.4
Cc1cccc(F)c1-c1ncc2c(nc(OCCc3nccn3C)nc2c1F)N1CC2CCC(C1)N2,10000
COc1nc(N2CC3CCC(C2)N3)c2cnc(c(F)c2n1)-c1cccc2cccc(C)c12,10000
CN1CCC[C@H]1COc1nc(N2CC3CCC(C2)N3)c2cnc(c(F)c2n1)-c1cccc2C(O)CCc12,10000
CCOC(=O)CCCOc1nc(N2CC3CCC(C2)N3)c2cnc(c(F)c2n1)-c1cccc2cccc(Cl)c12,10000
Oc1ccc(CCCOc2nc(N3CC4CCC(C3)N4)c3cnc(c(F)c3n2)-c2cccc3cccc(Cl)c23)cc1C=O,10000
CN1CCC[C@H]1COc1nc(N2CC3CCC(C2)N3)c2cnc(c(F)c2n1)-c1cccc2ccc(C)cc12,612.8
Fc1c(ncc2c(nc(OCC34CCCN3CCC4)nc12)N1CC2CCC(C1)N2)-c1cccc(Cl)c1C1CC1,4.9
CN1CCCC1(CO)COc1nc(N2CC3CCC(C2)N3)c2cnc(c(F)c2n1)-c1cccc2ccccc12,1689.3
CCc1cccc2cncc(-c3ncc4c(nc(OCC56CCCN5C[C@H](F)C6)nc4c3F)N3CC4CCC(C3)N4)c12,10.2
CC1(C)CN2C[C@H](F)CC2(COc2nc(N3CC4CCC(C3)N4)c3cnc(c(F)c3n2)-c2cccc3cccc(Cl)c23)C1,140.9
Oc1cc(-c2ncc3c(nc(OC[C@]45CCCN4C[C@@H](F)C5)nc3c2F)N2CC3CCC(C2)N3)c2ccccc2c1,1.9
Oc1cc(-c2ncc3c(nc(OC[C@@]45CCCN4C[C@H](F)C5)nc3c2F)N2CC3CCC(C2)N3)c2ccccc2c1,1.9
Fc1c(ncc2c(nc(OCC34CCCN3CCC4)nc12)N1CC2CCC(C1)N2)-c1cccc(Cl)c1C(F)(F)F,9.4
CSc1ccccc1-c1ncc2c(nc(OCC34CCCN3CCC4)nc2c1F)N1CC2CCC(C1)N2,202.5
Oc1cc(-c2ncc3c(nc(OCC45CCCN4C[C@H](F)C5)nc3c2F)N2CC3CCC(C2)N3)c2c(Cl)cccc2c1,2.5
Cc1ccc2[nH]ncc2c1-c1ncc2c(nc(OCC34CCCN3C[C@H](F)C4)nc2c1F)N1CC2CCC(C1)N2,114.4
Cc1ccc2[nH]ncc2c1-c1ncc2c(nc(OCC34CCCN3CCC4)nc2c1F)N1CC2CCC(C1)N2,163.9
Oc1cc(-c2ncc3c(nc(OC[C@@]45CCCN4C[C@H](F)C5)nc3c2F)N2CC3C[C@H](C(C2)N3)n2cncn2)c2ccccc2c1,450.5
Cc1cccc2cccc(-c3ncc4c(nc(OCC56CCCN5CCC6)nc4c3F)N3CC4CCC(C3)N4)c12,10
Fc1c(ncc2c(nc(OCC34CCCN3CCC4)nc12)N1CC2CCC(C1)N2)-c1cccc2cccc(C3CC3)c12,25.8
F[C@H]1CN2CCC[C@@]2(COc2nc(N3CC4CCC(C3)N4)c3cnc(c(F)c3n2)-c2cccc3ccc(F)c(Cl)c23)C1,3.1
CN1CCC[C@H]1COc1nc(N2CC3CCC(C2)N3)c2cnc(c(F)c2n1)-c1c(Cl)c(O)cc2ccccc12,2.2
Oc1cc(-c2ncc3c(nc(OCC45CCCN4CCC5)nc3c2F)N2C[C@H]3C[C@@H](CC#N)[C@@H](C2)N3)c2ccccc2c1,33.1
Oc1cc(-c2ncc3c(nc(OC[C@@]45CCCN4C[C@H](F)C5)nc3c2F)N2C[C@H]3C[C@@H](CC#N)[C@@H](C2)N3)c2ccccc2c1,21
Oc1ccc(OC(F)(F)F)c(c1)-c1ncc2c(nc(OCC34CCCN3C[C@H](F)C4)nc2c1F)N1CC2CCC(C1)N2,0.4
Oc1ccc(OC(F)(F)F)c(c1)-c1ncc2c(nc(OCC34CCCN3CCC4)nc2c1F)N1CC2CCC(C1)N2,0.7
F[C@H]1CN2CCCC2(COc2nc(N3CC4CCC(C3)N4)c3cnc(c(F)c3n2)-c2cccc(Cl)c2C2CC2)C1,3.4
F[C@H]1CN2CCCC2(COc2nc(N3CC4CCC(C3)N4)c3cnc(c(F)c3n2)-c2c(ccc3[nH]ncc23)C(F)(F)F)C1,10.4
Fc1c(ncc2c(nc(OCC34CCCN3CCC4)nc12)N1CC2CCC(C1)N2)-c1c(ccc2[nH]ncc12)C(F)(F)F,10.9
Fc1c(ncc2c(nc(OCC34CCCN3CCC4)nc12)N1CC2CCC(C1)N2)-c1cccc2cccc(OC(F)(F)F)c12,10.6
FC(F)Oc1cccc2cccc(-c3ncc4c(nc(OCC56CCCN5CCC6)nc4c3F)N3CC4CCC(C3)N4)c12,10.5
FCC1CCC2(COc3nc(N4CC5CCC(C4)N5)c4cnc(c(F)c4n3)-c3cccc4ccccc34)CCCN12,2.1
CC(C)c1ccccc1-c1ncc2c(nc(OCC34CCCN3C[C@H](F)C4)nc2c1F)N1CC2CCC(C1)N2,15.5
Fc1c(ncc2c(nc(OCC34CCCN3CCC4)nc12)N1CC2CCC(C1)N2)-c1c(Cl)ccc2ccccc12,560.7
Oc1c(F)cc(F)c(c1F)-c1ncc2c(nc(OCC34CCCN3CCC4)nc2c1F)N1CC2CCC(C1)N2,3822.1
CO[C@H]1CN[C@H](COc2nc(N3CC4CCC(C3)N4)c3cnc(c(F)c3n2)-c2cccc3cccc(Cl)c23)C1,94.8
Fc1c(ncc2c(nc(OC[C@@H]3CC(F)(F)CN3)nc12)N1CC2CCC(C1)N2)-c1cccc2cccc(Cl)c12,844.8
CN1C[C@@H](C[C@H]1COc1nc(N2CC3CCC(C2)N3)c2cnc(c(F)c2n1)-c1cccc2cccc(Cl)c12)NC(=O)c1ccc(C=O)cc1,333.4
CN1C[C@@H](C[C@H]1COc1nc(N2CC3CCC(C2)N3)c2cnc(c(F)c2n1)-c1cccc2cccc(Cl)c12)NC(=O)c1cccc(C=O)c1,368.1
CN1C[C@@H](C[C@H]1COc1nc(N2CC3CCC(C2)N3)c2cnc(c(F)c2n1)-c1cccc2cccc(Cl)c12)NC(=O)c1ccccc1C=O,869.9
CN1CC[C@@H](COc2nc(N3CC4CCC(C3)N4)c3cnc(c(F)c3n2)-c2cccc3cccc(Cl)c23)C1,87.2
CN1CC[C@H](COc2nc(N3CC4CCC(C3)N4)c3cnc(c(F)c3n2)-c2cccc3cccc(Cl)c23)C1,438
CN1CC[C@H](C1)Oc1nc(N2CC3CCC(C2)N3)c2cnc(c(F)c2n1)-c1cccc2cccc(Cl)c12,1980.6
CN1CC[C@@H](C1)Oc1nc(N2CC3CCC(C2)N3)c2cnc(c(F)c2n1)-c1cccc2cccc(Cl)c12,1637.1
COc1nc(N2CC3CCC(C2)N3)c2cnc(c(F)c2n1)-c1cc(O)cc2cccc(Cl)c12,50.8
COc1ccc(OC(F)(F)F)c(c1)-c1ncc2c(nc(OC[C@@]34CCCN3C[C@H](F)C4)nc2c1F)N1CC2CCC(C1)N2,2700.3
CC(C)(C)c1ccccc1-c1ncc2c(nc(OC[C@@]34CCCN3C[C@H](F)C4)nc2c1F)N1CC2CCC(C1)N2,105.8
CNC(C)COc1nc(N2CC3CCC(C2)N3)c2cnc(c(F)c2n1)-c1cccc2cccc(Cl)c12,3932.5
CC(C)c1cccc2cc(O)cc(-c3ncc4c(nc(OC[C@@]56CCCN5C[C@H](F)C6)nc4c3F)N3CC4CCC(C3)N4)c12,2.3
Cc1ccc(O)cc1-c1ncc2c(nc(OCC34CCCN3C[C@H](F)C4)nc2c1F)N1CC2CCC(C1)N2,34.9
[C@H]12CN(C[C@H](CC1)N2)C=2C1=C(N=C(N2)OCC23CCCN3CC(C2)F)C(=C(N=C1)C1=CC(=CC2=CC=CC(=C12)F)O)F,0.5
Oc1cc(-c2ncc3c(nc(OCC45CCCN4CCC5)nc3c2F)N2CC3CCC(C2)N3)c2c(F)cccc2c1,0.7
[C@H]12CN(C[C@H](CC1)N2)C=2C1=C(N=C(N2)OCC23CCCN3CC(C2)F)C(=C(N=C1)C1=C(C=CC=C1)C1CC1)F,207.6
Oc1cccc(F)c1-c1ncc2c(nc(OCC34CCCN3C[C@H](F)C4)nc2c1F)N1CC2CCC(C1)N2,221.4
Fc1c(ncc2c(nc(OCC34CCCN3CCC4)nc12)N1CC2CCC(C1)N2)-c1ccccc1C(F)(F)F,86.1
F[C@H]1CN2CCCC2(COc2nc(N3CC4CCC(C3)N4)c3cnc(c(F)c3n2)-c2ccccc2C2CCC2)C1,394.2
CSc1cccc2cc(O)cc(-c3ncc4c(nc(OCC56CCCN5C[C@H](F)C6)nc4c3F)N3CC4CCC(C3)N4)c12,0.7
Oc1ccc(c(c1)-c1ncc2c(nc(OCC34CCCN3CCC4)nc2c1F)N1CC2CCC(C1)N2)C(F)(F)F,1.6
C[C@H](N)COc1nc(N2CC3CCC(C2)N3)c2cnc(c(F)c2n1)-c1cccc2cccc(Cl)c12,347.9
Oc1ccc(c(c1)-c1ncc2c(nc(OC[C@@]34CCCN3C[C@H](F)C4)nc2c1F)N1CC2CCC(C1)N2)C(F)(F)F,1.7
Cc1cc2[nH]ncc2c(c1Cl)-c1ncc2c(nc(OC[C@@]34CCCN3C[C@H](F)C4)nc2c1F)N1CC2CCC(C1)N2,2.6
Cc1cccc(O)c1-c1ncc2c(nc(OC[C@@]34CCCN3C[C@H](F)C4)nc2c1F)N1CC2CCC(C1)N2,416.9
CN1CCc2cccc(Oc3nc(N4CC5CCC(C4)N5)c4cnc(c(F)c4n3)-c3cccc4cccc(Cl)c34)c2C1,6250
Fc1c(ncc2c(nc(OC[C@@]34CCCN3CC[C@@H]4C#N)nc12)N1CC2CCC(C1)N2)-c1cccc2cccc(Cl)c12,248.7
Nc1ccc(Cl)c(F)c1-c1ncc2c(nc(OC[C@@]34CCCN3C[C@H](F)C4)nc2c1F)N1CC2CCC(C1)N2,65.7
CCc1c(F)ccc2cccc(-c3ncc4c(nc(OC[C@@]56CCCN5C[C@H](F)C6)nc4c3F)N3CC4CCC(C3)N4)c12,0.7
Fc1c(ncc2c(nc(OC[C@@]34CCCN3C[C@H](C4)C(F)(F)F)nc12)N1CC2CCC(C1)N2)-c1cccc2cccc(Cl)c12,21.1
F[C@H]1CN2CCC[C@@]2(COc2nc(N3CC4CCC(C3)N4)c3cnc(c(F)c3n2)-c2ccccc2CC(F)(F)F)C1,585.9
Oc1cc(-c2ncc3c(nc(OCC45CCCN4C(CF)CC5)nc3c2F)N2CC3CCC(C2)N3)c2ccccc2c1,2.4
COc1cc(-c2ncc3c(nc(OC[C@@]45CCCN4C[C@H](F)C5)nc3c2F)N2CC3CCC(C2)N3)c2ccccc2c1,3083.3
Oc1ccc(SC(F)(F)F)c(c1)-c1ncc2c(nc(OC[C@@]34CCCN3C[C@H](F)C4)nc2c1F)N1CC2CCC(C1)N2,2
CC(C)(N)COc1nc(N2CC3CCC(C2)N3)c2cnc(c(F)c2n1)-c1cccc2cccc(Cl)c12,532.8
COC1CN2CCCC2(COc2nc(N3CC4CCC(C3)N4)c3cnc(c(F)c3n2)-c2cc(O)cc3cccc(F)c23)C1,0.6
COC[C@H]1CC[C@@]2(COc3nc(N4CC5CCC(C4)N5)c4cnc(c(F)c4n3)-c3cc(O)cc4ccccc34)CCCN12,1.4
COC(c1ccc(O)cc1-c1ncc2c(nc(OC[C@@]34CCCN3C[C@H](F)C4)nc2c1F)N1CC2CCC(C1)N2)C(F)(F)F,36.8
Cc1cc(-c2ncc3c(nc(OC[C@@]45CCCN4C[C@H](F)C5)nc3c2F)N2CC3CCC(C2)N3)c2cn[nH]c2c1,661.7
Oc1cccc(OC(F)(F)F)c1-c1ncc2c(nc(OC[C@@]34CCCN3C[C@H](F)C4)nc2c1F)N1CC2CCC(C1)N2,208.2
Oc1cc(-c2ncc3c(nc(OCCC(F)(F)F)nc3c2F)N2CC3CCC(C2)N3)c2c(Cl)cccc2c1,76.3
CC(C)c1cccc(C(C)C)c1-c1ncc2c(nc(OC[C@@]34CCCN3C[C@H](F)C4)nc2c1F)N1CC2CCC(C1)N2,2500
O[C@@H]1C[C@@H]2CN(C[C@H]1N2)c1nc(OC[C@@]23CCCN2C[C@H](F)C3)nc2c(F)c(ncc12)-c1cccc2cccc(Cl)c12,6.9
F[C@H]1CN2CCC[C@@]2(COc2nc(N3CC4CC(F)C(C3)N4)c3cnc(c(F)c3n2)-c2cccc3cccc(Cl)c23)C1,206.8
CO[C@@H]1C[C@@H]2CN(C[C@H]1N2)c1nc(OC[C@@]23CCCN2C[C@H](F)C3)nc2c(F)c(ncc12)-c1cccc2cccc(Cl)c12,886.9
CN1CCC(F)(COc2nc(N3CC4CCC(C3)N4)c3cnc(c(F)c3n2)-c2cccc3cccc(Cl)c23)CC1,593.2
CC(C)c1ccc(O)cc1-c1ncc2c(nc(OC[C@@]34CCCN3C[C@H](F)C4)nc2c1F)N1CC2CCC(C1)N2,2.7
Oc1cc(-c2ncc3c(nc(OCC45CCCN4C(CF)CC5)nc3c2F)N2CC3CCC(C2)N3)c2c(Cl)cccc2c1,4.2
Cc1c(Cl)cc2[nH]ncc2c1-c1ncc2c(nc(OC[C@@]34CCCN3C[C@H](F)C4)nc2c1F)N1CC2CCC(C1)N2,2.8
CC(C)(O)c1ccccc1-c1ncc2c(nc(OC[C@@]34CCCN3C[C@H](F)C4)nc2c1F)N1CC2CCC(C1)N2,8017.6
CC(C)c1ccc(O)cc1-c1ncc2c(nc(OCC34CCCN3CCC4)nc2c1F)N1CC2CCC(C1)N2,1.9
COC1(CN2CCCC2(COc2nc(N3CC4CCC(C3)N4)c3cnc(c(F)c3n2)-c2cccc3cccc(Cl)c23)C1)OC,60.8
CN(C)C(=O)OC[C@H]1CC[C@@]2(COc3nc(N4CC5CCC(C4)N5)c4cnc(c(F)c4n3)-c3cccc4cccc(Cl)c34)CCCN12,2.2
CO[C@H]1CN2CCC[C@]2(COc2nc(N3CC4CCC(C3)N4)c3cnc(c(F)c3n2)-c2cc(O)cc3cccc(F)c23)C1,0.9
CC(C)(F)c1ccccc1-c1ncc2c(nc(OC[C@@]34CCCN3C[C@H](F)C4)nc2c1F)N1CC2CCC(C1)N2,560
CNC(=O)OC[C@H]1CC[C@@]2(COc3nc(N4CC5CCC(C4)N5)c4cnc(c(F)c4n3)-c3cccc4cccc(Cl)c34)CCCN12,3.1
F[C@H]1CN2CCC[C@@]2(COc2nc(N3CC4CCC(C3)N4)c3cnc(c(F)c3n2)-c2ccccc2C#N)C1,2231.4
CO[C@H]1CN2CCC[C@@]2(COc2nc(N3CC4CCC(C3)N4)c3cnc(c(F)c3n2)-c2cc(O)cc3cccc(C#C)c23)C1,1
COC(=O)NC[C@H]1CC[C@@]2(COc3nc(N4CC5CCC(C4)N5)c4cnc(c(F)c4n3)-c3cccc4cccc(Cl)c34)CCCN12,17
CN(C)C(=O)NC[C@H]1CC[C@@]2(COc3nc(N4CC5CCC(C4)N5)c4cnc(c(F)c4n3)-c3cccc4cccc(Cl)c34)CCCN12,17.7
CC(=O)NC[C@H]1CC[C@@]2(COc3nc(N4CC5CCC(C4)N5)c4cnc(c(F)c4n3)-c3cccc4cccc(Cl)c34)CCCN12,9.2
F[C@H]1CN2CCC[C@@]2(COc2nc(N3CC4CCC(C3)N4)c3cnc(c(F)c3n2)-c2ccccc2Cl)C1,873.2
F[C@H]1CN2CCC[C@@]2(COc2nc(N3CC4CCC(C3)N4)c3cnc(c(F)c3n2)-c2cnccc2C(F)(F)F)C1,2578.3
CC(C)Oc1ccccc1-c1ncc2c(nc(OC[C@@]34CCCN3C[C@H](F)C4)nc2c1F)N1CC2CCC(C1)N2,1946.5
CC(C)Cc1ccccc1-c1ncc2c(nc(OC[C@@]34CCCN3C[C@H](F)C4)nc2c1F)N1CC2CCC(C1)N2,594.7
Fc1c(ncc2c(nc(OC[C@]34CCCN3[C@@H](Cn3cccn3)CC4)nc12)N1CC2CCC(C1)N2)-c1cccc2cccc(Cl)c12,7.5
F[C@H]1CN2CCC[C@@]2(COc2nc(N3CC4CCC(C3)N4)c3cnc(c(F)c3n2)-c2cccc3cccc(c23)C(F)(F)F)C1,50.9
CS(=O)(=O)NC[C@H]1CC[C@@]2(COc3nc(N4CC5CCC(C4)N5)c4cnc(c(F)c4n3)-c3cccc4cccc(Cl)c34)CCCN12,20
CC(C)c1ncccc1-c1ncc2c(nc(OC[C@@]34CCCN3C[C@H](F)C4)nc2c1F)N1CC2CCC(C1)N2,7746.7
Fc1c(ncc2c(nc(OCC34CCCN3CCC4)nc12)N1CC2CCC(C1)N2)-c1cccc2CCC=C(c12)C(F)(F)F,11.4
COCc1cccc2cccc(-c3ncc4c(nc(OC[C@@]56CCCN5C[C@H](F)C6)nc4c3F)N3CC4CCC(C3)N4)c12,238
Oc1ccc(CC(F)(F)F)c(c1)-c1ncc2c(nc(OC[C@@]34CCCN3C[C@H](F)C4)nc2c1F)N1CC2CCC(C1)N2,5
FC1CN2CC(F)CC2(COc2nc(N3CC4CCC(C3)N4)c3cnc(c(F)c3n2)-c2cccc3cccc(Cl)c23)C1,90.2
CCc1c(F)ccc2cccc(-c3ncc4c(nc(OCC56CCCN5CCC6)nc4c3F)N3CC4CCC(C3)N4)c12,0.9
CCn1ccc2cccc(-c3ncc4c(nc(OCC56CCCN5CCC6)nc4c3F)N3CC4CCC(C3)N4)c12,35.3
F[C@H]1CN2CCC[C@@]2(COc2nc(N3CC4CCC(C3)N4)c3cnc(c(F)c3n2)-c2cccc3CCCc23)C1,92.1
CC1CCc2cccc(c12)-c1ncc2c(nc(OC[C@@]34CCCN3C[C@H](F)C4)nc2c1F)N1CC2CCC(C1)N2,18.5
F[C@H]1CN2CCC[C@@]2(COc2nc(N3CC4CCC(C3)N4)c3cnc(c(F)c3n2)-c2cccc3ccc(F)c(F)c23)C1,1
CCc1cccc2cccc(-c3ncc4c(nc(OC[C@]56CCCN5[C@@H](COC(=O)N5CCOCC5)CC6)nc4c3F)N3CC4CCC(C3)N4)c12,1.4
CCc1cccc2cccc(-c3ncc4c(nc(OC[C@]56CCCN5[C@@H](COC(=O)NC)CC6)nc4c3F)N3CC4CCC(C3)N4)c12,1.9
CCc1cccc2cc(O)cc(-c3ncc4c(nc(OC[C@]56CCCN5[C@@H](COC(=O)NC)CC6)nc4c3F)N3CC4CCC(C3)N4)c12,0.9
CCc1cccc2cc(O)cc(-c3ncc4c(nc(OC[C@]56CCCN5[C@@H](COC(=O)N(C)C)CC6)nc4c3F)N3CC4CCC(C3)N4)c12,0.7
CNC(=O)O[C@@H]1CN2CCC[C@]2(COc2nc(N3CC4CCC(C3)N4)c3cnc(c(F)c3n2)-c2cccc3cccc(Cl)c23)C1,28.2
Fc1c(ncc2c(nc(OC[C@]34CCCN3C[C@H](C4)OC(=O)N3CCOCC3)nc12)N1CC2CCC(C1)N2)-c1cccc2cccc(Cl)c12,48.3
F[C@H]1CN2CCC[C@@]2(COc2nc(N3CC4CCC(C3)N4)c3cnc(c(F)c3n2)-c2cccc3CCC(C4CC4)c23)C1,233.7
F[C@H]1CN2CCC[C@@]2(COc2nc(N3CC4CCC(C3)N4)c3cnc(c(F)c3n2)-c2cccc3C4CC4Cc23)C1,20.1
CN(C)C(=O)OC[C@H]1CC[C@@]2(COc3nc(N4CC5CCC(C4)N5)c4cnc(c(F)c4n3)-c3cccc4ccc(F)c(C#C)c34)CCCN12,0.4
CN(C)C(=O)OC[C@H]1CC[C@@]2(COc3nc(N4CC5CCC(C4)N5)c4cnc(c(F)c4n3)-c3cc(O)cc4ccc(F)c(C#C)c34)CCCN12,0.8
CCc1c(F)ccc2cc(O)cc(-c3ncc4c(nc(OC[C@]56CCCN5[C@@H](COC(=O)N(C)C)CC6)nc4c3F)N3CC4CCC(C3)N4)c12,0.5
Fc1c(ncc2c(nc(OC[C@]34CCCN3[C@@H](CN3CCOC3=O)CC4)nc12)N1CC2CCC(C1)N2)-c1cccc2cccc(Cl)c12,25
Fc1c(ncc2c(nc(OC[C@]34CCCN3[C@@H](COC(=O)N3CCCC3)CC4)nc12)N1CC2CCC(C1)N2)-c1cccc2cccc(Cl)c12,3.2
Fc1c(ncc2c(nc(OC[C@]34CCCN3[C@@H](COC(=O)N3CCCCC3)CC4)nc12)N1CC2CCC(C1)N2)-c1cccc2cccc(Cl)c12,5.5
Fc1c(ncc2c(nc(OC[C@]34CCCN3[C@@H](COC(=O)N3CCOCC3)CC4)nc12)N1CC2CCC(C1)N2)-c1cccc2cccc(Cl)c12,2.7
Cn1ccc2cccc(-c3ncc4c(nc(OCC56CCCN5CCC6)nc4c3F)N3CC4CCC(C3)N4)c12,357
CCCc1ccccc1-c1ncc2c(nc(OCC34CCCN3CCC4)nc2c1F)N1CC2CCC(C1)N2,297
[C@H]12CN(C[C@H](CC1)N2)C=2C1=C(N=C(N2)OC[C@]23CCCN3C[C@@H](C2)F)C(=C(N=C1)C1=C(C=CC=C1)C1CC1)F,130
CCc1cccc2cc(O)cc(-c3ncc4c(ncnc4c3F)N3CC4CCC(C3)N4)c12,71
CC(Oc1nc(N2CC3CCC(C2)N3)c2cnc(c(F)c2n1)-c1cccc2cccc(F)c12)C12CCCN1CCC2,37
[C@H]12CN(C[C@H](CC1)N2)C=2C1=C(N=C(N2)OC[C@]23CCCN3C[C@@H](C2)F)C(=C(N=C1)C=1C=C(C=C(C1[C@@H]1[C@H](C1)C)Cl)O)F,1
C[C@@H]1C[C@H]1c1c(Cl)cc(O)cc1-c1ncc2c(nc(OC[C@@]34CCCN3C[C@H](F)C4)nc2c1F)N1CC2CCC(C1)N2,1
Nc1nc2c(cccc2s1)-c1ncc2c(nc(OCC34CCCN3CCC4)nc2c1F)N1CC2CCC(C1)N2,27
Fc1c(ncc2c(nc(OCC34CCCN3CCC4)nc12)N1CC2CCC(C1)N2)-c1cccc2scnc12,295
Nc1nc2c(ccc(F)c2s1)-c1ncc2c(nc(OCC34CCCN3CCC4)nc2c1F)N1CC2CCC(C1)N2,17
Cc1cc2sc(N)nc2c(c1C)-c1ncc2c(nc(OCC34CCCN3CCC4)nc2c1F)N1CC2CCC(C1)N2,966
Cc1cc2sc(N)nc2c(c1C)-c1ncc2c(nc(OC[C@@]34CCCN3C[C@H](F)C4)nc2c1F)N1CC2CCC(C1)N2,475
Cc1ccc2sc(N)nc2c1-c1ncc2c(nc(OCC34CCCN3CCC4)nc2c1F)N1CC2CCC(C1)N2,143
[C@H]12CN(C[C@H](CC1)N2)C=2C1=C(N=C(N2)CCC23CCCN3CCC2)C(=C(N=C1)C1=CC=CC2=CC=CC(=C12)F)F,1.6
[C@H]12CN(C[C@H](CC1)N2)C=2C1=C(N=C(N2)OCC23CCCN3CCC2)C(=C(N=C1)C1=CC=CC2=CC=C(C=C12)F)F,0.027
[C@@H]12OC[C@@H](N(C1)CCOC=1N=C(C3=C(N1)C(=C(N=C3)C3=CC(=CC1=CC=CC=C31)O)F)N3C[C@H]1CC[C@@H](C3)N1)C2,0.062
C12CN(CC(CC1)N2)C=2C1=C(N=C(N2)OCC23CCCN3C(CC2)=O)C(=C(N=C1)C1=CC(=CC2=CC=CC=C12)O)F,0.751
C12CN(CC(CC1)N2)C=2C1=C(N=C(N2)OCC23CCCCN3CCC2)C(=C(N=C1)C1=CC(=CC2=CC=CC=C12)O)F,0.012
[C@H]12CN(C[C@H](CC1)N2)C=2C1=C(N=C(N2)OCC23CCCN3CCC2)C(=C(N=C1)C1=CC=CC2=CC=C(C(=C12)F)F)F,0.007
[C@H]12CN(C[C@H](CC1)N2)C=2C1=C(N=C(N2)OC[C@]23CCCN3C[C@@H](C2)F)C(=C(N=C1)C1=CC=CC2=CC=CC(=C12)CC)F,0.001
[C@H]12CN(C[C@H](CC1)N2)C3=NC(=NC4=C3C=NC(=C4F)C5=CC=CC6=CC=CC(=C56)CC)OC[C@@]78C[C@@H](CN7C[C@@H](C8)O)O,0.006
[C@H]12CN(C[C@H](CC1)N2)C=2C1=C(N=C(N2)OC[C@]23CCCN3C[C@@H](C2)F)C(=C(N=C1)C=1C=C(C=C(C1[C@@H]1[C@@H](C1)C)Cl)O)F,0.002
[C@H]12CN(C[C@H](CC1)N2)C=2C1=C(N=C(N2)OC[C@@]23CCCN3C[C@H](C2)F)C(=C(N=C1)C1=CC(=CC2=CC=CC(=C12)CC)O)F,0.002
[C@H]12CN(C[C@H](CC1)N2)C=2C1=C(N=C(N2)OC[C@]23CCCCN3C[C@@H](C2)F)C(=C(N=C1)C1=CC(=CC2=CC=C(C(=C12)C#C)F)O)F,0.002
[C@H]12CN(C[C@H](CC1)N2)C=2C1=C(N=C(N2)OC([2H])([2H])[C@]23CCC(N3C[C@@H](C2)F)([2H])[2H])C(=C(N=C1)C1=CC(=CC2=CC=CC(=C12)CC)O)F,0.002
[C@H]12CN(C[C@H](CC1)N2)C=2C1=C(N=C(N2)OC([2H])([2H])[C@]23CCC(N3C[C@@H](C2)F)([2H])[2H])C(=C(N=C1)C1=CC(=CC2=CC=C(C(=C12)C#C)F)O)F,0.002
[C@H]12CN(C[C@H](CC1)N2)C=2C1=C(N=C(N2)OC[C@@]23CCCN3C[C@H](C2)F)C(=C(N=C1)C1=CC(=CC2=CC=C(C(=C12)C#C)F)O)F,0.002
CN(C1(CCC1)CNC=1C2=C(N=C(N1)OC[C@]13CCCN3C[C@@H](C1)F)C(=C(N=C2)C2=CC(=CC1=CC=CC=C21)O)F)C,19.6
CN(C1(CCC1)CNC=1C2=C(N=C(N1)OC[C@]13CCCN3C[C@@H](C1)F)C(=C(N=C2)C2=CC=CC1=CC=CC(=C21)C)F)C,269.1
CN(C1(CCC1)CNC=1C2=C(N=C(N1)OC[C@]13CCCN3C[C@@H](C1)F)C(=C(N=C2)C2=CC=CC1=CC=CC(=C21)C(F)(F)F)F)C,238.9
FC1=C(N=CC2=C1N=C(N=C2NCC2(CCC2)N2CCOCC2)OC[C@]21CCCN1C[C@@H](C2)F)C2=CC(=CC1=CC=CC=C21)O,957.7
C12CNCC2C1NC=1C2=C(N=C(N1)OC[C@H]1N(CCC1)C)C(=C(N=C2)C2=CC(=CC1=CC=CC=C21)O)F,2258.9
CN(C1(CC1)CNC=1C2=C(N=C(N1)OC[C@]13CCCN3C[C@@H](C1)F)C(=C(N=C2)C2=CC(=CC1=CC=CC=C21)O)F)C,117
CN(C1(CCCC1)CNC=1C2=C(N=C(N1)OC[C@]13CCCN3C[C@@H](C1)F)C(=C(N=C2)C2=CC(=CC1=CC=CC=C21)O)F)C,10
FC1=C(N=CC2=C1N=C(N=C2NCC2(CNC2)C)OC[C@]21CCCN1C[C@@H](C2)F)C2=CC(=CC1=CC=CC=C21)O,39.9
CN(C1(CCC1)CNC=1C2=C(N=C(N1)OCC13CCCN3CCC1)C(=C(N=C2)C2=C(C=CC=C2)C(C)C)F)C,2170
CN(C1(CCC1)CNC=1C2=C(N=C(N1)OC[C@]13CCCN3C[C@@H](C1)F)C(=C(N=C2)C2=C(C=CC=C2)C(C)C)F)C,3721
CN(C1(CCC1)CNC=1C2=C(N=C(N1)OC[C@H]1N(CCC1)C)C(=C(N=C2)C2=CC(=CC1=CC=CC=C21)O)F)C,98
ClC=1C(=C2C=NNC2=CC1C)C1=C(C=2N=C(N=C(C2C=N1)NCC1(CCC1)N(C)C)OC[C@]12CCCN2C[C@@H](C1)F)F,100
ClC1=C(C(=C2C=NNC2=C1)C1=C(C=2N=C(N=C(C2C=N1)NCC1(CCC1)N(C)C)OC[C@]12CCCN2C[C@@H](C1)F)F)C,165
CN(C1(CCC1)CNC=1C2=C(N=C(N1)OCC13CCCN3CCC1)C(=C(N=C2)C2=CC=CC1=CC=CC(=C21)F)F)C,306.1
ClC=1C=CC=C2C=CC=C(C12)C1=C(C=2N=C(N=C(C2C=N1)NCC(C)(O)C)OC[C@]12CCCN2C[C@@H](C1)F)F,3148.1
ClC=1C(=C(C=CC1)C1=C(C=2N=C(N=C(C2C=N1)NCC1(CCC1)N(C)C)OCC12CCCN2CCC1)F)C1CC1,146.1
C1[C@@H](C[C@@H]1NC)NC2=NC(=NC3=C2C=NC(=C3F)C4=CC(=CC5=CC=CC=C45)O)OCC67CCCN6CCC7,80.9
N1CC(C1)NC=1C2=C(N=C(N1)OCC13CCCN3CCC1)C(=C(N=C2)C2=CC(=CC1=CC=CC=C21)O)F,46.5
FC1=C(N=CC2=C1N=C(N=C2N[C@H]2CNC[C@@H]2C)OCC21CCCN1CCC2)C2=CC(=CC1=CC=CC=C21)O,245.3
CN(C1(CCC1)CNC=1C2=C(N=C(N1)OC[C@]13CCCN3C[C@@H](C1)F)C(=C(N=C2)C2=CC=CC1=CC=CC(=C21)C#C)F)C,22
CN(C1(CCC1)CNC=1C2=C(N=C(N1)OC[C@]13CCCN3C[C@@H](C1)F)C(=C(N=C2)C2=CC=CC1=CC=CC(=C21)CC)F)C,59.2
CN(C1(CCC1)CNC=1C2=C(N=C(N1)OC[C@]13CCCN3C[C@@H](C1)F)C(=C(N=C2)C2=CC=CC1=CC=CC(=C21)F)F)C,1319.2
ClC=1C=CC=C2C=CC=C(C12)C1=C(C=2N=C(N=C(C2C=N1)NCC1(CCC1)N(C)C)OC[C@]12CCCN2C[C@@H](C1)F)F,582.9
CN(C1(CCC1)CNC=1C2=C(N=C(N1)OC[C@]13CCCN3C[C@@H](C1)F)C(=C(N=C2)C2=CC=CC1=CC=CC(=C21)C(=C)C)F)C,954.2
CN(C1(CCC1)CNC=1C2=C(N=C(N1)OC[C@]13CCCN3C[C@@H](C1)F)C(=C(N=C2)C2=CC=CC1=CC=CC(=C21)C(C)C)F)C,1638.2
C1(CC1)C=1C=CC=C2C=CC=C(C12)C1=C(C=2N=C(N=C(C2C=N1)NCC1(CCC1)N(C)C)OC[C@@]12CCCN2C[C@H](C1)F)F,343.5
CN(C1(CCC1)CNC=1C2=C(N=C(N1)OC[C@]13CCCN3C[C@@H](C1)F)C(=C(N=C2)C2=CC=CC1=CC=CC(=C21)C#CC)F)C,1879
CN(C1(CCC1)CN(C=1C2=C(N=C(N1)OC[C@]13CCCN3C[C@@H](C1)F)C(=C(N=C2)C2=CC(=CC1=CC=CC=C21)O)F)C)C,609.2
NC1(CCC1)CNC=1C2=C(N=C(N1)OC[C@]13CCCN3C[C@@H](C1)F)C(=C(N=C2)C2=CC(=CC1=CC=CC=C21)O)F,62.8
CN(C1(CCCCC1)CNC=1C2=C(N=C(N1)OC[C@]13CCCN3C[C@@H](C1)F)C(=C(N=C2)C2=CC(=CC1=CC=CC=C21)O)F)C,1576.6
CN(C1(CCC1)CNC=1C2=C(N=C(N1)OCCC=1N(C=CN1)C)C(=C(N=C2)C2=CC(=CC1=CC=CC=C21)O)F)C,856.8
CN(C1(CCC1)CNC=1C2=C(N=C(N1)OC[C@@H]1N(CCC1)C)C(=C(N=C2)C2=CC(=CC1=CC=CC=C21)O)F)C,381.1
CN(C1(CCC1)CNC=1C2=C(N=C(N1)OC[C@]13CCCN3C[C@@H](C1)F)C(=C(N=C2)C2=CC(=CC1=CC=CC(=C21)CC)O)F)C,0.9
CN(C1(CCCC1)CNC=1C2=C(N=C(N1)OC[C@]13CCCN3C[C@@H](C1)F)C(=C(N=C2)C2=CC(=CC1=CC=CC(=C21)CC)O)F)C,1.1
CN(C1(CCC1)CNC=1C2=C(N=C(N1)OCC13CCCN3CCC1)C(=C(N=C2)C2=CC=CC1=CC=C(C(=C21)CC)F)F)C,30.4
ClC1=C2C(=CC(=CC2=CC=C1)O)C1=C(C=2N=C(N=C(C2C=N1)N(C)CC1(CCC1)N(C)C)OC[C@]12CCCN2C[C@@H](C1)F)F,76.5
CN(C1(CCC1)CN(C=1C2=C(N=C(N1)OC[C@]13CCCN3C[C@@H](C1)F)C(=C(N=C2)C2=CC(=CC1=CC=CC(=C21)CC)O)F)C)C,26.1
FC1=C(N=CC2=C1N=C(N=C2NCC2(CNC2)O)OC[C@]21CCCN1C[C@@H](C2)F)C2=CC(=CC1=CC=CC=C21)O,389.3
CN(CCNC=1C2=C(N=C(N1)OC[C@@]13CCCN3C[C@H](C1)F)C(=C(N=C2)C2=CC(=CC1=CC=CC=C21)O)F)C,521.4
[C@@]12(NCC[C@@H]2C1)CNC=1C2=C(N=C(N1)OC[C@]13CCCN3C[C@@H](C1)F)C(=C(N=C2)C2=CC(=CC1=CC=CC=C21)O)F,5148.9
CN(C1(CCOCC1)CNC=1C2=C(N=C(N1)OC[C@]13CCCN3C[C@@H](C1)F)C(=C(N=C2)C2=CC(=CC1=CC=CC=C21)O)F)C,684.3
CN(C(CNC=1C2=C(N=C(N1)OC[C@]13CCCN3C[C@@H](C1)F)C(=C(N=C2)C2=CC(=CC1=CC=CC=C21)O)F)(C)C)C,210.9
CN(C(OC[C@H]1CC[C@]2(CCCN12)COC=1N=C(C2=C(N1)C(=C(N=C2)C2=CC(=CC1=CC=CC(=C21)CC)O)F)NCC2(CCC2)N(C)C)=O)C,1.1
CNC(OC[C@H]1CC[C@]2(CCCN12)COC=1N=C(C2=C(N1)C(=C(N=C2)C2=CC(=CC1=CC=CC(=C21)CC)O)F)NCC2(CCC2)N(C)C)=O,0.7
CN(C(OC[C@H]1CC[C@]2(CCCN12)COC=1N=C(C2=C(N1)C(=C(N=C2)C2=CC(=CC1=CC=C(C(=C21)C#C)F)O)F)NCC2(CCC2)N(C)C)=O)C,0.4
CN(C(OC[C@H]1CC[C@]2(CCCN12)COC=1N=C(C2=C(N1)C(=C(N=C2)C2=CC(=CC1=CC=C(C(=C21)CC)F)O)F)NCC2(CCC2)N(C)C)=O)C,0.7
ClC=1C(=C(C=CC1)C1=C(C=2N=C(N=C(C2C=N1)NCC1(CCC1)N(C)C)OCC12CCCN2CCC1)F)C(C)C,513.1
ClC=1C(=C(C=CC1)C1=C(C=2N=C(N=C(C2C=N1)NCC1(CCC1)N(C)C)OC[C@]12CCCN2C[C@@H](C1)F)F)C(C)C,1078.8
N1(CCCC1)C(=O)OC[C@H]1CC[C@]2(CCCN12)COC=1N=C(C2=C(N1)C(=C(N=C2)C2=CC=CC1=CC=CC(=C21)Cl)F)NCC2(CCC2)N(C)C,231.7
N1(CCCCC1)C(=O)OC[C@H]1CC[C@]2(CCCN12)COC=1N=C(C2=C(N1)C(=C(N=C2)C2=CC=CC1=CC=CC(=C21)Cl)F)NCC2(CCC2)N(C)C,89.6
CN(C(OC[C@H]1CC[C@]2(CCCN12)COC=1N=C(C2=C(N1)C(=C(N=C2)C2=CC=CC1=CC=CC(=C21)Cl)F)NCC2(CCC2)N(C)C)=O)C,102.1
CN(C1(CCC1)CNC=1C2=C(N=C(N1)OC[C@]13CCCN3C[C@@H](C1)F)C(=C(N=C2)C2=CC(=CC1=CC=CC(=C21)C#C)O)F)C,0.6
CN(C1(CCOCC1)CNC=1C2=C(N=C(N1)OCC13CCCN3CCC1)C(=C(N=C2)C2=CC=CC1=CC=CC(=C21)F)F)C,7158.9
ClC=1C=CC=C2C=CC=C(C12)C1=C(C=2N=C(N=C(C2C=N1)NCC1(CCC1)N(C)C)OCC12CCCN2CCC1)F,79.3
ClC=1C=CC=C2C=CC=C(C12)C1=C(C=2N=C(N=C(C2C=N1)NCC(C)(N(C)C)C)OCC12CCCN2CCC1)F,938.2
CN(C1(CCC1)CNC=1C2=C(N=C(N1)OCC13CCCN3CCC1)C(=C(N=C2)C2=CC=CC1=CC=C(C(=C21)C#C)F)F)C,2.6
CN(C1(CCC1)CNC=1C2=C(N=C(N1)OC[C@]13CCCN3C[C@@H](C1)F)C(=C(N=C2)C2=CC(=CC1=CC=C(C(=C21)CC)F)O)F)C,1.1
CN(C1(CCC1)CN(C=1C2=C(N=C(N1)OCC13CCCN3CCC1)C(=C(N=C2)C2=CC=CC1=CC=CC(=C21)F)F)C)C,9092.3
FC1=C(N=CC2=C1N=C(N=C2NCC2(CCC2)NC)OCC21CCCN1CCC2)C2=CC=CC1=CC=CC(=C21)F,1032.4
NC1(CCC1)CNC=1C2=C(N=C(N1)OCC13CCCN3CCC1)C(=C(N=C2)C2=CC=CC1=CC=CC(=C21)F)F,2118
CN(C1(CCCC1)CNC=1C2=C(N=C(N1)OCC13CCCN3CCC1)C(=C(N=C2)C2=CC=CC1=CC=CC(=C21)F)F)C,479.8
FC1=C(N=CC2=C1N=C(N=C2NC2CC(C21CCC1)N)OCC12CCCN2CCC1)C1=CC=CC2=CC=CC(=C12)F,202.7
[C@H]12CN(C[C@H](CC1)N2)C=2C1=C(N=C(N2)OC[C@H]2N(CCC2)C)CN(CC1)C1=CC(=CC2=CC=CC=C12)O,48.9
[C@H]12CN(C[C@H](CC1)N2)C=2C1=C(N=C(N2)OC[C@H]2N(CCC2)C)CN(CC1)C1=CC=CC2=CC=CC(=C12)Cl,266.5
[C@H]12CN(C[C@H](CC1)N2)C=2C1=C(N=C(N2)OC[C@H]2N(CCC2)C)CN(CC1)C1=C2C=NNC2=CC=C1C,1315.4
OC=1C=C(C2=CC=CC=C2C1)N1CC=2N=C(N=C(C2CC1)N1CC2CC(C(C1)N2)O)OC[C@H]2N(CCC2)C,3.7
[C@H]12CN(C[C@H](CC1)N2)C=2C1=C(N=C(N2)OCC23CCCN3C(CC2)COC(NC)=O)CN(CC1)C1=CC=CC2=CC=CC(=C12)CC,1.6
[C@H]12CN(C[C@H](CC1)N2)C=2C1=C(N=C(N2)OCC23CCCN3CC(C2)F)CN(CC1)C1=CC(=CC2=CC=CC(=C12)CC)O,0.8
[C@H]12CN(C[C@H](CC1)N2)C=2C1=C(N=C(N2)OC[C@]23CCCN3C[C@@H](C2)F)CN(CC1)C1=CC(=CC2=CC=CC(=C12)CC)O,1
[C@H]12CN(C[C@H](CC1)N2)C=2C1=C(N=C(N2)OC[C@H]2N(CCC2)C)CN(CC1)C1=CC=CC2=CC=CC(=C12)CC,5.5
[C@H]12CN(C[C@H](CC1)N2)C=2C1=C(N=C(N2)OCC23CCCN3CC(C2)F)CN(CC1)C1=CC=CC2=CC=CC(=C12)CC,3.1
[C@H]12CN(C[C@H](CC1)N2)C=2C1=C(N=C(N2)OCC23CCCN3CCC2)CN(CC1)C1=CC=CC2=CC=CC(=C12)CC,1.1
[C@H]12CN(C[C@H](CC1)N2)C3=NC(=NC4=C3CCN(C4)C5=CC=CC6=CC=CC(=C56)C7CC7)OC[C@@]89CCCN8C[C@@H](C9)F,19.8
[C@H]12CN(C[C@H](CC1)N2)C=2C1=C(N=C(N2)OCC23CCCN3CCC2)CN(CC1)C1=CC=CC2=CC=C(C(=C12)Cl)Cl,344.8
[C@H]12CN(C[C@H](CC1)N2)C=2C1=C(N=C(N2)OCC23CCCN3C(CC2)COC(N(C)C)=O)CN(CC1)C1=CC=CC2=CC=CC(=C12)CC,1.3
[C@H]12CN(C[C@H](CC1)N2)C=2C1=C(N=C(N2)OCC23CCCN3CCC2)CN(CC1)C1=CC(=CC2=CC=CC(=C12)CC)O,1.1
[C@H]12CN(C[C@H](CC1)N2)C=2C1=C(N=C(N2)OC[C@H]2N(CCC2)C)CN(CC1)C1=CC=CC2=C(C=CC=C12)Cl,7904.6
[C@H]12CN(C[C@H](CC1)N2)C=2C1=C(N=C(N2)OC[C@H]2N(CCC2)C)CN(CC1)C1=CC=CC2=C(C=CC=C12)F,1762.9
[C@H]12CN(C[C@H](CC1)N2)C=2C1=C(N=C(N2)OCC23CCCN3CC(C2)F)CN(CC1)C1=C(C(=CC=C1)Cl)C1CC1,29.5
[C@H]12CN(C[C@H](CC1)N2)C=2C1=C(N=C(N2)OC[C@@]23CCCN3[C@H](CC2)COC(NC)=O)CN(CC1)C1=CC=CC2=CC=CC(=C12)CC,2
[C@H]12CN(C[C@H](CC1)N2)C=2C1=C(N=C(N2)OCC23CCCN3CCC2)CN(CC1)C1=CC=CC2=CC=C(C(=C12)CC)F,1.8
[C@H]12CN(C[C@H](CC1)N2)C=2C1=C(N=C(N2)OCC23CCCN3CC(C2)F)CN(CC1)C1=CC=CC2=CC=C(C(=C12)CC)F,2.8
[C@H]12CN(C[C@H](CC1)N2)C=2C1=C(N=C(N2)OCC23CCCN3C(CC2)COC(NC)=O)CN(CC1)C1=CC=CC2=CC=CC(=C12)C,12.3
[C@H]12CN(C[C@H](CC1)N2)C=2C1=C(N=C(N2)OC)CN(CC1)C1=CC=CC2=CC=CC(=C12)C,7862.6
[C@H]12CN(C[C@H](CC1)N2)C=2C1=C(N=C(N2)OCC23CCCN3C(CC2)CF)CN(CC1)C1=CC(=CC2=CC=CC(=C12)CC)O,1.1
[C@H]12CN(C[C@H](CC1)N2)C=2C1=C(N=C(N2)OC[C@H]2N(CCC2)C)CN(CC1)C1=CC(=C(C2=CC=CC=C12)Cl)O,1362.6
[C@H]12CN(C[C@H](CC1)N2)C=2C1=C(N=C(N2)OC[C@H]2N(CCC2)C)CN(CC1)C1=C(C(=C(C2=CC=CC=C12)F)O)F,6788.2
[C@H]12CN(C[C@H](CC1)N2)C=2C1=C(N=C(N2)OC[C@H]2NCCC2)CN(CC1)C1=CC(=C(C2=CC=CC=C12)Cl)O,1601.7
[C@H]12CN(C[C@H](CC1)N2)C=2C1=C(N=C(N2)OC[C@H]2N(CCC2)C)CN(CC1)C1=CC(=CC2=CC=CC(=C12)Cl)O,1.2
[C@H]12CN(C[C@H](CC1)N2)C=2C1=C(N=C(N2)OCC23CCCN3CCC2)CN(CC1)C1=CC=CC2=CC=CC(=C12)Cl,2.5
[C@H]12CN(C[C@H](CC1)N2)C=2C1=C(N=C(N2)OCC23CCCN3CCC2)CN(CC1)C1=CN=CC2=CC=CC(=C12)Cl,16.8
[C@H]12CN(C[C@H](CC1)N2)C=2C1=C(N=C(N2)OCC23CCCN3CCC2)CN(CC1)C1=CC(=CC2=CC=CC=C12)O,3.8
[C@H]12CN(C[C@H](CC1)N2)C=2C1=C(N=C(N2)OCC23CCCN3C(CC2)COC(N(C)C)=O)CN(CC1)C1=C(C=CC=C1)C(C)C,1170.4
[C@H]12CN(C[C@H](CC1)N2)C=2C1=C(N=C(N2)OCC23CCCN3C(CC2)COC(N(C)C)=O)CN(CC1)C1=C(C(=CC=C1)Cl)C1CC1,50.2
[C@H]12CN(C[C@H](CC1)N2)C=2C1=C(N=C(N2)OCC23CCCN3C(CC2)COC(NC)=O)CN(CC1)C1=CC=CC2=CC=CC(=C12)F,111.4
[C@H]12CN(C[C@H](CC1)N2)C=2C1=C(N=C(N2)OC[C@H]2N(CCC2)C)CN(CC1)C1CC(C2=CC=CC=C12)O,10000
[C@H]12CN(C[C@H](CC1)N2)C=2C1=C(N=C(N2)OC[C@H]2N(CCC2)C)CN(CC1)C1CC(C2=CC=CC=C12)OC,10000
CO[C@H]1[C@H]2CN(C[C@@H](C1)N2)C=2C1=C(N=C(N2)OC[C@H]2N(CCC2)C)CN(CC1)C1=CC(=CC2=CC=CC=C12)O,88.1
C1([H])([C@H]2CN(C[C@@H](C1)N2)C3=NC(=NC4=C3CCN(C4)C5=CC(=CC6=CC=CC=C56)O)OC[C@H]7N(CCC7)C)[F],73.5
ClC=1C=CC=C2C=CC=C(C12)N1CC=2N=C(N=C(C2CC1)N1C[C@H]2C[C@H]([C@@H](C1)N2)CCN)OC[C@H]2N(CCC2)C,2694.4
ClC2=C1C(=CC=CC1=CC=C2)N7CC3=C(C(=NC(=N3)OC[C@H]4N(CCC4)C)N5C[C@H]6C[C@H]([C@@H](C5)N6)CC#N)CC7,63.9
ClC=1C=CC=C2C=CC=C(C12)N1CC=2N=C(N=C(C2CC1)N1CC2CC(C(C1)N2)(O)C(F)F)OC[C@H]2N(CCC2)C,3128.4
ClC=1C=CC=C2C=CC=C(C12)N1CC=2N=C(N=C(C2CC1)N1CC2(CCC(C1)N2)CC#N)OC[C@H]2N(CCC2)C,1799
ClC=1C=CC=C2C=CC=C(C12)N1CC=2N=C(N=C(C2CC1)N1C[C@H]2C[C@H]([C@@H](C1)N2)OC)OCC21CCCN1CC(C2)F,90.1
ClC=1C=CC=C2C=CC=C(C12)N1CC=2N=C(N=C(C2CC1)N1CC2CC(C(C1)N2)F)OCC21CCCN1CC(C2)F,43.5
ClC=1C=CC=C2C=CC=C(C12)N1CC=2N=C(N=C(C2CC1)N1C[C@H]2C[C@H]([C@@H](C1)N2)O)OCC21CCCN1CC(C2)F,2.6
[C@H]12CN(C[C@H](CC1)N2)C=2C1=C(N=C(N2)OCC23CCCN3CC(C2)F)CN(CC1)C1=CC=CC2=CC=CC(=C12)Cl,4.4
[C@H]12CN(C[C@H](CC1)N2)C=2C1=C(N=C(N2)OCC23CCCN3CC(C2)F)CN(CC1)C1=CC(=CC2=CC=CC=C12)O,1
[C@H]12CN(C[C@H](CC1)N2)C=2C1=C(N=C(N2)OCC23CCCN3CC(C2)F)CN(CC1)C1=C(C(=CC=C1)Cl)C(F)(F)F,5.5
[C@H]12CN(C[C@H](CC1)N2)C=2C1=C(N=C(N2)OCC23CCCN3CC(C2)F)CN(CC1)C1=CC(=CC2=CC=CC(=C12)Cl)O,0.5
[C@H]12CN(C[C@H](CC1)N2)C=2C1=C(N=C(N2)OCC23CCCN3CC(C2)F)CN(CC1)C1=CC=CC2=CC=CC(=C12)C(F)(F)F,16.9
[C@H]12CN(C[C@H](CC1)N2)C=2C1=C(N=C(N2)OC[C@H]2N(CCC2)C)CN(CC1)C1=CC=CC2=CC=CC(=C12)C,361.4
C(C1=CC=CC=C1)N1CC=2N=C(N=C(C2CC1=O)N1C[C@H]2CC[C@@H](C1)N2)OC[C@H]2N(CCC2)C,5259
OC=1C=C(C2=CC=CC=C2C1)N1CC=2N=C(N=C(C2CC1)N1C[C@H]2C[C@H]([C@@H](C1)N2)O)OC[C@H]2N(CCC2)C,41.1
OC=1C=C(C2=CC=CC=C2C1)N1CC=2N=C(N=C(C2CC1)N1C[C@@H]2C[C@@H]([C@H](C1)N2)O)OC[C@H]2N(CCC2)C,774.8
[C@H]12CN(C[C@H](CC1)N2)C=2C1=C(N=C(N2)OC[C@H]2N(CCC2)C)CN(CC1)C1=CN=CC2=CC=CC=C12,10000
[C@H]12CN(C[C@H](CC1)N2)C=2C1=C(N=C(N2)OC[C@H]2N(CCC2)C)CN(CC1)C1=CN=CC2=CC=CC(=C12)Cl,282.9
[C@H]12CN(C[C@H](CC1)N2)C=2C1=C(N=C(N2)OC[C@H]2N(CCC2)C)CN(CC1)C1=NC(=NC2=CC=CC=C12)N,7500
[C@H]12CN(C[C@H](CC1)N2)C=2C1=C(N=C(N2)OC[C@H]2N(CCC2)C)CN(CC1)C1=NC(=CC2=CC=CC=C12)N,10000
CC12CN(CC(CC1)N2)C=2C1=C(N=C(N2)OC[C@H]2N(CCC2)C)CN(CC1)C1=CC(=CC2=CC=CC=C12)O,184.3
[C@H]12CN(C[C@H](CC1)N2)C=2C1=C(N=C(N2)OCC23CCCN3CCC2)CN(CC1)C1=CC=CC2=CC=C(C(=C12)Cl)F,1
[C@H]12CN(C[C@H](CC1)N2)C=2C1=C(N=C(N2)OCC23CCCN3CCC2)CN(CC1)C1=C(C(=CC=C1)Cl)C(F)(F)F,5.1
[C@H]12CN(C[C@H](CC1)N2)C=2C1=C(N=C(N2)OCC23CCCN3CCC2)CN(CC1)C1=C(C(=CC=C1)C)C(F)(F)F,13
[C@H]12CN(C[C@H](CC1)N2)C=2C1=C(N=C(N2)OC[C@H]2N(CCC2)C)CN(CC1)C1=CC=CC2=CC=C(C(=C12)Cl)F,15.2
[C@H]12CN(C[C@H](CC1)N2)C=2C1=C(N=C(N2)OCC23CCCN3C(CC2)COC(N(CC)CC)=O)CN(CC1)C1=CC=CC2=CC=CC(=C12)CC,4.6
[C@H]12CN(C[C@H](CC1)N2)C=2C1=C(N=C(N2)OCC23CCCN3C(CC2)CC2N(CCS(C2)(=O)=O)C(=O)[O-])CN(CC1)C1=CC=CC2=CC=CC(=C12)CC,1.5
[C@H]12CN(C[C@H](CC1)N2)C=2C1=C(N=C(N2)OCC23CCCN3C(CC2)COC(N(C)OC)=O)CN(CC1)C1=CC=CC2=CC=CC(=C12)CC,5.9
[C@H]12CN(C[C@H](CC1)N2)C=2C1=C(N=C(N2)OC[C@H]2N(CCC2)C)CN(CC1)C1=CC(=C(C2=CC=CC=C12)C)O,10000
[C@H]12CN(C[C@H](CC1)N2)C=2C1=C(N=C(N2)OC[C@H]2N(CCC2)C)CN(CC1)C1=CC=CC2=CC=CC=C12,1118.9
[C@H]12CN(C[C@H](CC1)N2)C=2C1=C(N=C(N2)OC[C@H]2N(CCC2)C)CN(CC1)C1=CC=CC=2CCCCC12,1780
[C@H]12CN(C[C@H](CC1)N2)C=2C1=C(N=C(N2)OC[C@H]2N(CCC2)C)CN(CC1)C1=CC=CC2=CC=C(C=C12)F,226.3
[C@H]12CN(C[C@H](CC1)N2)C=2C1=C(N=C(N2)OC[C@H]2N(CCC2)C)CN(CC1)C1=CC=CC2=CC=CC(=C12)F,1101
[C@H]12CN(C[C@H](CC1)N2)C=2C1=C(N=C(N2)OC[C@H]2N(CCC2)C)CN(CC1)C1=CC=C(C2=CC=CC(=C12)Cl)Br,10000
[C@H]12CN(C[C@H](CC1)N2)C=2C1=C(N=C(N2)OC[C@H]2N(CCC2)C)CN(CC1)C1=C(C=CC=C1C(F)(F)F)F,10000
[C@H]12CN(C[C@H](CC1)N2)C=2C1=C(N=C(N2)OC[C@H]2N(CCC2)C)CN(CC1)C1=C(C(=CC=C1F)F)C(F)F,10000
[C@H]12CN(C[C@H](CC1)N2)C=2C1=C(N=C(N2)OC[C@H]2N(CCC2)C)CN(CC1)C1=C(C=CC=C1F)O,10000
[C@H]12CN(C[C@H](CC1)N2)C=2C1=C(N=C(N2)OC[C@H]2N(CCC2)C)CN(CC1)C1=C(C=CC2=CC=CC=C12)O,10000
[C@H]12CN(C[C@H](CC1)N2)C=2C1=C(N=C(N2)OC[C@H]2N(CCC2)C)CN(CC1)C=1C=CC=C2C=CC=C(C12)CCCO,485.5
[C@H]12CN(C[C@H](CC1)N2)C=2C1=C(N=C(N2)OC[C@H]2N(CCC2)C)CN(CC1)C1=CC=CC2=CC=CC(=C12)CCCC,710.2
[C@H]12CN(C[C@H](CC1)N2)C=2C1=C(N=C(N2)OC[C@H]2N(CCC2)C)CN(CC1)C1=CC=CC=2CCCC(C12)C,61
[C@H]12CN(C[C@H](CC1)N2)C=2C1=C(N=C(N2)OC[C@H]2N(CCC2)C)CN(CC1)C=1C=CC=C2C=CC=C(C12)CCCC#N,6565.8
[C@H]12CN(C[C@H](CC1)N2)C=2C1=C(N=C(N2)OC[C@H]2N(CCC2)C)CN(CC1)C=1C=CC=C2C=CC=C(C12)CCCCO,3688.9
ClC=1C=CC=C2C=CC=C(C12)N1CC=2N=C(N=C(C2CC1)N1C[C@H]2C[C@H]([C@@H](C1)N2)O)OCCC(F)(F)F,2900.3
ClC=1C=CC=C2C=CC=C(C12)N1CC=2N=C(N=C(C2CC1)N1C[C@H]2C[C@H]([C@@H](C1)N2)C)OC[C@H]2N(CCC2)C,271.4
ClC=1C=CC=C2C=CC=C(C12)N1CC=2N=C(N=C(C2CC1)N1C[C@H]2C[C@@H]([C@@H](C1)N2)C)OC[C@H]2N(CCC2)C,1088.1
ClC=1C=CC=C2C=CC=C(C12)N1CC=2N=C(N=C(C2CC1)N1C[C@H]2C/C(/[C@@H](C1)N2)=C\C#N)OC[C@H]2N(CCC2)C,10000
ClC=1C=CC=C2C=CC=C(C12)N1CC=2N=C(N=C(C2CC1)N1C[C@H]2C/C(/[C@@H](C1)N2)=C/C#N)OC[C@H]2N(CCC2)C,1462.9
ClC=1C=CC=C2C=CC=C(C12)N1CC=2N=C(N=C(C2CC1)N1C[C@H]2CC([C@@H](C1)N2)CCO)OC[C@H]2N(CCC2)C,78.4
ClC=1C=CC=C2C=CC=C(C12)N1CC=2N=C(N=C(C2CC1)N1C[C@H]2C[C@H]([C@@H](C1)N2)C#N)OC[C@H]2N(CCC2)C,5489.7
ClC=1C=CC=C2C=CC=C(C12)N1CC=2N=C(N=C(C2CC1)N1C[C@H]2C[C@H]([C@@H](C1)N2)COC)OC[C@H]2N(CCC2)C,360.3
ClC=1C=CC=C2C=CC=C(C12)N1CC=2N=C(N=C(C2CC1)N1C[C@H]2C[C@@H]([C@@H](C1)N2)COC)OC[C@H]2N(CCC2)C,851.7
ClC=1C=CC=C2C=CC=C(C12)N1CC=2N=C(N=C(C2CC1)N1C[C@@H]2C[C@H]([C@H](C1)N2)O)OC[C@H]2N(CCC2)C,50.6
ClC=1C=CC=C2C=CC=C(C12)N1CC=2N=C(N=C(C2CC1)N1C[C@H]2C[C@@H]([C@@H](C1)N2)O)OC[C@H]2N(CCC2)C,331.2
[C@H]12CN(C[C@H](CC1)N2)C=2C1=C(N=C(N2)OC[C@@]23CCCN3[C@H](CC2)COC(=O)N2CCOCC2)CN(CC1)C1=CC=CC2=CC=CC(=C12)CC,1.2
[C@H]12CN(C[C@H](CC1)N2)C=2C1=C(N=C(N2)OC[C@@]23CCCN3[C@H](CC2)COC(=O)N2CCOCC2)CN(CC1)C1=CC=CC2=CC=C(C(=C12)CC)F,0.7
[C@H]12CN(C[C@H](CC1)N2)C=2C1=C(N=C(N2)OC[C@@]23CCCN3[C@H](CC2)COC(=O)N2CCCC2)CN(CC1)C1=CC=CC2=CC=CC(=C12)CC,2.7
[C@H]12CN(C[C@H](CC1)N2)C=2C1=C(N=C(N2)OCC23CCCN3C(CC2)COC(NC)=O)CN(CC1)C1=CC=CC2=CC=CC(=C12)Cl,9.7
[C@H]12CN(C[C@H](CC1)N2)C=2C1=C(N=C(N2)OCC23CCCN3CCC2)CN(CC1)C1=C2CCC(C2=CC=C1)(F)F,2485.2
[C@H]12CN(C[C@H](CC1)N2)C=2C1=C(N=C(N2)OCC23CCCN3CCC2)CN(CC1)C1=C2C(CCC2=CC=C1)C1CC1,654.1
[C@H]12CN(C[C@H](CC1)N2)C=2C1=C(N=C(N2)OCC23CCCN3C(CC2)CO)CN(CC1)C1=CC=CC2=CC=CC(=C12)CC,3.9
[C@H]12CN(C[C@H](CC1)N2)C=2C1=C(N=C(N2)OCC23CCCN3CCC2)CN(CC1)C1=C2CCCC2=CC=C1,755.6
[C@H]12CN(C[C@H](CC1)N2)C=2C1=C(N=C(N2)OCC23CCCN3C(CC2)COC(=O)N2C[C@H](CC2)O)CN(CC1)C1=CC=CC2=CC=CC(=C12)CC,2.3
[C@H]12CN(C[C@H](CC1)N2)C=2C1=C(N=C(N2)OCC23CCCN3C(CC2)COC(=O)N2C[C@@H](CC2)OC)CN(CC1)C1=CC=CC2=CC=CC(=C12)CC,7.2
[C@H]12CN(C[C@H](CC1)N2)C=2C1=C(N=C(N2)OC[C@@]23CCCN3[C@@H](CC2)OC(N(CC)CCO)=O)CN(CC1)C1=CC=CC2=CC=CC(=C12)CC,2
[C@H]12CN(C[C@H](CC1)N2)C=2C1=C(N=C(N2)OC[C@@]23CCCN3[C@@H](CC2)OC(N(CCOC)C)=O)CN(CC1)C1=CC=CC2=CC=CC(=C12)CC,2
[C@H]12CN(C[C@H](CC1)N2)C=2C1=C(N=C(N2)OC[C@H]2N(CCC2)C)CN(CC1)C1=CC(=C(C2=CC=CC=C12)Br)O,5.5
[C@H]12CN(C[C@H](CC1)N2)C=2C1=C(N=C(N2)OC[C@H]2N(CCC2)C)CN(CC1)C1=CC=CC2=CC=C(C=C12)C,3174
[C@H]12CN(C[C@H](CC1)N2)C=2C1=C(N=C(N2)OCC23CCCN3CCC2)CN(CC1)C1=CC(=CC2=CC=CC=C12)Br,1052
[C@H]12CN(C[C@H](CC1)N2)C=2C1=C(N=C(N2)OCC23CCCN3CCC2)CN(CC1)C1=CC=C(C2=CC=CC=C12)Br,5456.6
[C@H]12CN(C[C@H](CC1)N2)C=2C1=C(N=C(N2)OC[C@H]2N(CCC2)C)CN(CC1)C1=C2C(=CC(=CC2=CC=C1)O)Cl,806.6
[C@H]12CN(C[C@H](CC1)N2)C=2C1=C(N=C(N2)OCC23CCCN3CCC2)CN(CC1)C1=CC=CC2=CC=CC=C12,34.2
[C@H]12CN(C[C@H](CC1)N2)C=2C1=C(N=C(N2)OCC23CCCN3CCC2)CN(CC1)C1=CC(=CC2=CC=CC(=C12)Cl)O,0.6
[C@H]12CN(C[C@H](CC1)N2)C=2C1=C(N=C(N2)OCC23CCCN3CCC2)CN(CC1)C1=CC(=CC2=CC=C(C(=C12)Cl)F)O,0.5
[C@H]12CN(C[C@H](CC1)N2)C=2C1=C(N=C(N2)OC[C@]23CCCN3C[C@@H](C2)F)CN(CC1)C1=CC(=CC2=CC=CC(=C12)Cl)O,0.7
[C@H]12CN(C[C@H](CC1)N2)C=2C1=C(N=C(N2)OC[C@]23CCCN3C[C@@H](C2)F)CN(CC1)C1=CC(=CC2=CC=C(C(=C12)CC)F)O,2.1
[C@H]12CN(C[C@H](CC1)N2)C=2C1=C(N=C(N2)OCC23CCCN3CCC2)CN(CC1)C1=CC(=CC2=CC=C(C(=C12)CC)F)O,1.6
C(C)C2=C1C(=CC=CC1=CC=C2)N8CC3=C(C(=NC(=N3)OC[C@@]45CCCN4C[C@@H](C5)F)[C@@H]6C[C@@H]7CC[C@H](C6)N7)CC8,8.7
C(C)C2=C1C(=CC=CC1=CC=C2)N8CC3=C(C(=NC(=N3)OC[C@@]45CCCN4C[C@@H](C5)F)[C@@H]6C[C@@H]7CC[C@H](C6)N7)CC8,234.2
C(C)C=1C=CC=C2C=CC=C(C12)N1CC=2N=C(N=C(C2CC1)[C@@H]1C([C@@H]2CC[C@H](C1)N2)O)OC[C@]21CCCN1C[C@@H](C2)F,508.3
[C@H]12CN(C[C@H](CC1)N2)C3=NC(=NC4=C(C(=C(C=C34)OC5=CC=CN=C5)C6=CC(=CC7=CC=CC=C67)O)F)OC[C@H]8N(CCC8)C,7
[C@H]12CN(C[C@H](CC1)N2)C2=NC(=NC1=C(C(=CC=C21)C2=CC=CC1=CC=CC(=C21)Cl)F)OCC21CCCN1CCC2,6.1
[C@H]12CN(C[C@H](CC1)N2)C2=NC(=NC1=C(C(=CC=C21)C2=CC(=CC1=CC=CC=C21)O)F)OCC21CCCN1CCC2,0.5
[C@H]12CN(C[C@H](CC1)N2)C2=NC(=NC1=C(C(=CC=C21)C2=CC(=CC1=CC=CC(=C21)Cl)O)F)OCC21CCCN1CCC2,0.7
[C@H]12CN(C[C@H](CC1)N2)C2=NC(=NC1=C(C(=CC=C21)C2=CC(=CC1=CC=CC(=C21)Cl)O)F)OC[C@]21CCCN1C[C@@H](C2)F,1.4
[C@H]12CN(C[C@H](CC1)N2)C2=NC(=NC1=C(C(=C(C=C21)Cl)C2=C(C=CC=C2F)O)F)OC[C@]21CCCN1C[C@@H](C2)F,3.5
[C@H]12CN(C[C@H](CC1)N2)C2=NC(=NC1=C(C(=C(C=C21)Cl)C2=CC(=CC1=CC=CC=C21)O)F)OC[C@H]2N(CCC2)C,11.2
[C@H]12CN(C[C@H](CC1)N2)C2=NC(=NC1=C(C(=CC=C21)C2=CC(=CC1=CC=CC=C21)O)F)OC[C@H]2N(CCC2)C,4.3
ClCCN1CCN(CC1)C1=NC(=NC2=C(C(=CC=C12)C1=CC(=CC2=CC=CC=C12)O)F)OC[C@H]1N(CCC1)C,186.7
[C@H]12CN(C[C@H](CC1)N2)C2=NC(=NC1=CC(=CC=C21)C2=CC(=CC1=CC=CC=C21)O)OC[C@H]2N(CCC2)C,22.9
C12N(CC(NC1)CC2)C3=NC(=NC4=C3C=C(C(=C4F)C5=CC(=CC6=CC=CC=C56)O)[Cl])OC[C@H]7N(CCC7)C,10.4
[C@H]12CN(C[C@H](CC1)N2)C2=NC(=NC1=C(C(=CC=C21)C2=CC=CC1=CC=C(C=C21)F)F)OC[C@H]2N(CCC2)C,61.9
C12N(CC(NC1)CC2)C=2C1=C(N=C(N2)OC[C@H]2N(CCC2)C)C(=C(N=C1)C1=CC(=CC2=CC=CC=C12)O)F,30.8
C12N(CC(NC1)CC2)C=2C1=C(N=C(N2)OC[C@H]2N(CCC2)C)CN(CC1)C1=CC(=CC2=CC=CC=C12)O,152.5
[C@H]12CN(C[C@H](CC1)N2)C3=NC(=NC4=CC(=C(C=C34)OC5=C(C=C(C=C5)OC)F)C6=CC(=CC7=CC=CC=C67)O)OC[C@H]8N(CCC8)C,8
[C@H]12CN(C[C@H](CC1)N2)C2=NC(=NC1=CC(=C(C=C21)OC2=C(C=C(C=C2)OC)Cl)C2=CC(=CC1=CC=CC=C21)O)OC[C@H]2N(CCC2)C,11.5
[C@H]12CN(C[C@H](CC1)N2)C2=NC(=NC1=CC(=C(C=C21)OC2=C(C=CC=C2)Cl)C2=CC(=CC1=CC=CC=C21)O)OC[C@H]2N(CCC2)C,1.3
[C@H]12CN(C[C@H](CC1)N2)C2=NC(=NC1=CC(=C(C=C21)OC2=C(C#N)C=CC=C2)C2=CC(=CC1=CC=CC=C21)O)OC[C@H]2N(CCC2)C,1.6
[C@H]12CN(C[C@H](CC1)N2)C2=NC(=NC1=CC(=C(C=C21)OC2=C(C#N)C=CC=C2)C2=CC(=CC1=CC=CC=C21)O)OCC21CCCN1CCC2,1
[C@H]12CN(C[C@@H](CC1)N2)C2=NC(=NC1=CC(=C(C=C21)OC2=C(C#N)C=CC=C2)C2=CC(=CC1=CC=CC=C21)O)OC[C@]21CCCN1C[C@@H](C2)F,1.7
[C@H]12CN(C[C@H](CC1)N2)C2=NC(=NC1=CC(=C(C=C21)OC2=C(C=CC=C2)Cl)C2=CC(=CC1=CC=CC(=C21)Cl)O)OC[C@]21CCCN1C[C@@H](C2)F,6.6
[C@H]12CN(C[C@H](CC1)N2)C2=NC(=NC1=C(C(=C(C=C21)OC2=C(C#N)C=CC=C2)C2=CC(=CC1=CC=CC=C21)O)F)OC[C@H]2N(CCC2)C,1.4
[C@H]12CN(C[C@H](CC1)N2)C2=NC(=NC1=C(C(=C(C=C21)OC2=C(C#N)C=CC=C2Cl)C2=CC(=CC1=CC=CC=C21)O)F)OC[C@H]2N(CCC2)C,5.3
[C@H]12CN(C[C@H](CC1)N2)C2=NC(=NC1=C(C(=C(C=C21)OC2=C(C#N)C(=CC=C2)F)C2=CC(=CC1=CC=CC=C21)O)F)OC[C@H]2N(CCC2)C,7.4
[C@H]12CN(C[C@H](CC1)N2)C2=NC(=NC1=C(C(=C(C=C21)OC2=C(C#N)C=CC=C2)C2=CC(=CC1=CC=CC=C21)O)F)OC[C@]21CCCN1C[C@@H](C2)F,3.6
[C@H]12CN(C[C@H](CC1)N2)C2=NC(=NC1=C(C(=CC=C21)C2=CC(=CC1=CC=CC=C21)O)F)OC[C@]21CCCN1C[C@@H](C2)F,0.6
[C@H]12CN(C[C@H](CC1)N2)C2=NC(=NC1=C(C(=CC=C21)C2=CC(=CC1=CC=CC=C21)O)F)OC[C@H]2N(C[C@@H](C2)F)C,1.8
[C@H]12CN(C[C@H](CC1)N2)C2=NC(=NC1=C(C(=CC=C21)C2=C1C=NNC1=CC(=C2C)C)F)OC[C@H]2N(CCC2)C,57
[C@H]12CN(C[C@H](CC1)N2)C2=NC(=NC1=C(C(=CC=C21)C2=CC(=CC1=CC=CC=C21)O)F)OC[C@H]2N(CC(C2)(F)F)C,296.7
FC1=C(C2=C(C(C#C)=C(F)C=C3)C3=CC(O)=C2)N=CC4=C1N=C(OC[C@]56N(C[C@H](F)C6)CCC5)N=C4N7C[C@@H](CC8)N[C@@H]8C7,2
FC1=C(C2=C(C(Cl)=CC=C3)C3=CC=C2)N=CC4=C1N=C(OC[C@H]5N(C)CCC5)N=C4N6C[C@H](CC#N)NCC6,100000
FC1=C(C2=C(C=CC=C3)C3=CC(O)=C2)N=CC4=C1N=C(OC[C@H]5N(C)CCC5)N=C4N6CCNCC6,980
FC1=C(C2=C(C=CC=C3)C3=CC(O)=C2)N=CC4=C1N=C(OC[C@H]5N(C)CCC5)N=C4N6CCNCCC6,2600
FC1=C(C2=C(C=CC=C3)C3=CC(O)=C2)N=CC4=C1N=C(OC[C@H]5N(C)CCC5)N=C4N6CCN(C)CC6,54000
FC1=C(C2=C(C=CC=C3)C3=CC(O)=C2)N=CC4=C1N=C(OC[C@H]5N(C)CCC5)N=C4N6CCOCC6,12000
FC1=C(C2=C(C=CC=C3)C3=CC(O)=C2)N=CC4=C1N=C(OC[C@H]5N(C)CCC5)N=C4N6CC(C)NCC6,2100
FC1=C(C2=C(C=CC=C3)C3=CC(O)=C2)N=CC4=C1N=C(OC[C@H]5N(C)CCC5)N=C4N6C(C)CNCC6,1500
FC1=C(C2=C(C=CC=C3)C3=CC(O)=C2)N=CC4=C1N=C(OC[C@H]5N(C)CCC5)N=C4N6CC7NCC6C7,650
FC1=C(C2=C(C=CC=C3)C3=CC(O)=C2)N=CC4=C1N=C(OC[C@H]5N(C)CCC5)N=C4N6CC7NCC6CC7,68
FC1=C(C2=C(C=CC=C3)C3=CC(O)=C2)N=CC4=C1N=C(OC[C@H]5N(C)CCC5)N=C4N6CC(C7)NC7C6,310
FC1=C(C2=C(C=CC=C3)C3=CC(O)=C2)N=CC4=C1N=C(OC[C@H]5N(C)CCC5)N=C4N6C[C@@H](CC7)N[C@@H]7C6,5
FC1=C(C2=C(C=CC=C3)C3=CC(O)=C2)N=CC4=C1N=C([H])N=C4N5C[C@@H](CC6)N[C@@H]6C5,2960
FC1=C(C2=C(C=CC=C3)C3=CC(O)=C2)N=CC4=C1N=C(OCCN(C)C)N=C4N5C[C@@H](CC6)N[C@@H]6C5,70
FC1=C(C2=C(C=CC=C3)C3=CC(O)=C2)N=CC4=C1N=C(N5CC(N(C)C)C5)N=C4N6C[C@@H](CC7)N[C@@H]7C6,69
FC1=C(C2=C(C=CC=C3)C3=CC(O)=C2)N=CC4=C1N=C(OCCC5=NC=CN5C)N=C4N6C[C@@H](CC7)N[C@@H]7C6,30
FC1=C(C2=C(C=CC=C3)C3=CC(O)=C2)N=CC4=C1N=C(OCCN5[C@@H](C6)CO[C@@H]6C5)N=C4N7C[C@@H](CC8)N[C@@H]8C7,62
FC1=C(C2=C(C=CC=C3)C3=CC(O)=C2)N=CC4=C1N=C(OCC56N(CCC6)CCC5)N=C4N7C[C@@H](CC8)N[C@@H]8C7,2
FC1=C(C2=C(C=CC=C3)C3=CC(O)=C2)N=CC4=C1N=C(OCC5(CCCC6)N6CCC5)N=C4N7C[C@@H](CC8)N[C@@H]8C7,12
FC1=C(C2=C(C=CC=C3)C3=CC(O)=C2)N=CC4=C1N=C(OCC56N(CCC6)C(CC5)=O)N=C4N7C[C@@H](CC8)N[C@@H]8C7,750
FC1=C(C2=C(C=CC=C3)C3=CC(O)=C2)N=CC4=C1N=C(OC[C@@]56N(C[C@@H](F)C6)CCC5)N=C4N7C[C@@H](CC8)N[C@@H]8C7,2
FC1=C(C2=C(C=CC=C3)C3=CC(O)=C2)N=CC4=C1N=C(OC[C@]56N(C[C@H](F)C6)CCC5)N=C4N7C[C@@H](CC8)N[C@@H]8C7,2
FC1=C(C2=C(C([H])=CC=C3)C3=CC=C2)N=CC4=C1N=C(OCC56N(CCC6)CCC5)N=C4N7C[C@@H](CC8)N[C@@H]8C7,360
FC1=C(C2=C(C(F)=CC=C3)C3=CC=C2)N=CC4=C1N=C(OCC56N(CCC6)CCC5)N=C4N7C[C@@H](CC8)N[C@@H]8C7,12
FC1=C(C2=C(C(Cl)=CC=C3)C3=CC=C2)N=CC4=C1N=C(OCC56N(CCC6)CCC5)N=C4N7C[C@@H](CC8)N[C@@H]8C7,15
FC1=C(C2=C(C(C)=CC=C3)C3=CC=C2)N=CC4=C1N=C(OCC56N(CCC6)CCC5)N=C4N7C[C@@H](CC8)N[C@@H]8C7,45
FC1=C(C2=C(C(CC)=CC=C3)C3=CC=C2)N=CC4=C1N=C(OCC56N(CCC6)CCC5)N=C4N7C[C@@H](CC8)N[C@@H]8C7,6
FC1=C(C2=C(C(OC)=CC=C3)C3=CC=C2)N=CC4=C1N=C(OCC56N(CCC6)CCC5)N=C4N7C[C@@H](CC8)N[C@@H]8C7,86
FC1=C(C2=C(C(CO)=CC=C3)C3=CC=C2)N=CC4=C1N=C(OCC56N(CCC6)CCC5)N=C4N7C[C@@H](CC8)N[C@@H]8C7,79
FC1=C(C2=C(C(C#C)=CC=C3)C3=CC=C2)N=CC4=C1N=C(OCC56N(CCC6)CCC5)N=C4N7C[C@@H](CC8)N[C@@H]8C7,3
FC1=C(C2=C(C=C(F)C=C3)C3=CC=C2)N=CC4=C1N=C(OCC56N(CCC6)CCC5)N=C4N7C[C@@H](CC8)N[C@@H]8C7,27
FC1=C(C2=C(C(F)=C(F)C=C3)C3=CC=C2)N=CC4=C1N=C(OCC56N(CCC6)CCC5)N=C4N7C[C@@H](CC8)N[C@@H]8C7,7
FC1=C(C2=C(C(C#C)=C(F)C=C3)C3=CC=C2)N=CC4=C1N=C(OCC56N(CCC6)CCC5)N=C4N7C[C@@H](CC8)N[C@@H]8C7,2
FC1=C(C2=C(C(Cl)=CC=C3)C3=CC(O)=C2)N=CC4=C1N=C(OCC56N(CCC6)CCC5)N=C4N7C[C@@H](CC8)N[C@@H]8C7,2
FC1=C(C2=C(C(C#C)=CC=C3)C3=CC(O)=C2)N=CC4=C1N=C(OCC56N(CCC6)CCC5)N=C4N7C[C@@H](CC8)N[C@@H]8C7,2