ID,SMILES,group,with_3F,racemic_trans,mixture_isomer,trans,Kd,IC50,erk_IC50
US_1,CN1CCC[C@H]1COc1nc(N2CC3CCC(C2)N3)c2cnc(cc2n1)-c1cc(O)cc2ccccc12,US,0,0,0,0,97.7,124.7,3159.1
US_2,CN1CCC[C@H]1COc1nc(N2CC3CCC(C2)N3)c2cnc(c(F)c2n1)-c1cc(O)cc2ccccc12,US,1,0,0,0,2.4,2.7,721.4
US_3,Cn1ccnc1CCOc1nc(N2CC3CCC(C2)N3)c2cnc(c(F)c2n1)-c1cc(O)cc2ccccc12,US,0,0,0,0,8.3,9.5,10283.1
US_4,Oc1cc(-c2ncc3c(nc(OCCc4ccccn4)nc3c2F)N2CC3CCC(C2)N3)c2ccccc2c1,US,0,0,0,0,155.7,496.2,8530
US_5,Cn1nccc1COc1nc(N2CC3CCC(C2)N3)c2cnc(c(F)c2n1)-c1cc(O)cc2ccccc12,US,0,0,0,0,294.8,722.9,8193.8
US_6,Cc1cccnc1CCOc1nc(N2CC3CCC(C2)N3)c2cnc(c(F)c2n1)-c1cc(O)cc2ccccc12,US,0,0,0,0,442.2,434.1,11518.2
US_7,Oc1cc(-c2ncc3c(nc(OCCc4ncccn4)nc3c2F)N2CC3CCC(C2)N3)c2ccccc2c1,US,0,0,0,0,463.5,1867.3,
US_8,Cn1ccc(COc2nc(N3CC4CCC(C3)N4)c3cnc(c(F)c3n2)-c2cc(O)cc3ccccc23)n1,US,0,0,0,0,2143.7,1522,
US_9,Cn1cnc(COc2nc(N3CC4CCC(C3)N4)c3cnc(c(F)c3n2)-c2cc(O)cc3ccccc23)c1,US,0,0,0,0,258.9,820.7,
US_10,CN1CCC[C@H]1CCOc1nc(N2CC3CCC(C2)N3)c2cnc(c(F)c2n1)-c1cc(O)cc2ccccc12,US,0,0,0,0,33.8,,8115.5
US_11,CCN1CCC[C@H]1COc1nc(N2CC3CCC(C2)N3)c2cnc(c(F)c2n1)-c1cc(O)cc2ccccc12,US,0,0,0,0,4.9,,1078.2
US_12,Oc1cc(-c2ncc3c(nc(OC[C@@H]4CCCN4Cc4ccccc4)nc3c2F)N2CC3CCC(C2)N3)c2ccccc2c1,US,0,0,0,0,11,,4905.2
US_13,CN(C)C(=O)CCOc1nc(N2CC3CCC(C2)N3)c2cnc(c(F)c2n1)-c1cc(O)cc2ccccc12,US,0,0,0,0,510.7,,
US_14,CN1CCC[C@H]1COc1nc(N2CC3CCC(C2)N3)c2cnc(c(F)c2n1)-c1cc(O)c(Br)c2ccccc12,US,0,0,0,0,5.1,73.9,4843.5
US_15,CN1CCC[C@H]1COc1nc(N2CC3CCC(C2)N3)c2cnc(c(F)c2n1)-c1cccc2cccc(C)c12,US,0,0,0,0,208.5,260.3,16666.7
US_16,CN1C[C@H](F)C[C@H]1COc1nc(N2CC3CCC(C2)N3)c2cnc(c(F)c2n1)-c1cc(O)cc2ccccc12,US,0,0,0,0,31.3,54.1,3834.5
US_17,C[C@H](CN(C)C)Oc1nc(N2CC3CCC(C2)N3)c2cnc(c(F)c2n1)-c1cc(O)cc2ccccc12,US,0,0,0,0,2209.6,666.2,
US_18,CN(C)CCOc1nc(N2CC3CCC(C2)N3)c2cnc(c(F)c2n1)-c1cc(O)cc2ccccc12,US,0,0,0,0,3.1,76.8,3742.5
US_19,CN1CCC[C@H]1COc1nc(N2CC3CCC(C2)N3)c2cnc(c(F)c2n1)-c1cccc2ccc(F)cc12,US,0,0,0,0,664.8,122,16666.7
US_20,[C@H]12CN(C[C@H](CC1)N2)C=2C1=C(N=C(N2)OC[C@H]2N(CCC2)C)C(=C(N=C1)C1=CC=CC2=CC=CC=C12)F,US,0,0,0,0,967,691.8,
US_21,[C@H]12CN(C[C@H](CC1)N2)C=2C1=C(N=C(N2)OC[C@H]2N(CCC2)C)C(=C(N=C1)C1=CC=CC=2CCCCC12)F,US,0,0,0,0,447.5,262.9,
US_22,Oc1cc(-c2ncc3c(nc(OCCCN4CCOCC4)nc3c2F)N2CC3CCC(C2)N3)c2ccccc2c1,US,0,0,0,0,19.6,50.3,1888.7
US_23,CN1CCC[C@H]1COc1nc(N2CC3CCC(C2)N3)c2cnc(c(F)c2n1)-c1cccc2CCCc12,US,0,0,0,0,807.2,,
US_24,Oc1cc(-c2ncc3c(nc(OCCCN4C[C@@H]5CC4CO5)nc3c2F)N2CC3CCC(C2)N3)c2ccccc2c1,US,0,0,0,0,5,7.9,2890
US_25,Oc1cc(-c2ncc3c(nc(OCCN4CCOCC4)nc3c2F)N2CC3CCC(C2)N3)c2ccccc2c1,US,0,0,0,0,269.7,338.4,
US_26,Oc1cc(-c2ncc3c(nc(OCCN4C[C@@H]5CC4CO5)nc3c2F)N2CC3CCC(C2)N3)c2ccccc2c1,US,0,0,0,0,27.9,42.1,4282.7
US_27,CC(Oc1nc(N2CC3CCC(C2)N3)c2cnc(c(F)c2n1)-c1cc(O)cc2ccccc12)C1CCCN1C,US,0,0,0,0,25.9,,1275.8
US_28,CN1C[C@@H](C[C@H]1COc1nc(N2CC3CCC(C2)N3)c2cnc(c(F)c2n1)-c1cc(O)cc2ccccc12)C(F)(F)F,US,0,0,0,0,58.7,,11736
US_29,CC(C)N1CCC[C@H]1COc1nc(N2CC3CCC(C2)N3)c2cnc(c(F)c2n1)-c1cccc2cccc(Cl)c12,US,0,0,0,0,169.6,160.4,13630.9
US_30,CC1C(CCOc2nc(N3CC4CCC(C3)N4)c3cnc(c(F)c3n2)-c2cc(O)cc3ccccc23)=Nc2ccccc12,US,0,0,0,0,179.5,417.6,9600.4
US_31,CN1CCC[C@H]1COc1nc(N2CC3C[C@@H](O)C(C2)N3)c2cnc(c(F)c2n1)-c1cc(O)cc2ccccc12,US,0,0,0,0,,1.6,2425.6
US_32,O[C@@H]1C[C@@H]2CN(C[C@H]1N2)c1nc(OCCc2ccc(F)cn2)nc2c(F)c(ncc12)-c1cccc2cccc(Cl)c12,US,0,0,0,0,,2145,50000
US_33,[C@H]12CN(C[C@H](CC1)N2)C=2C1=C(N=C(N2)OCC23CCCN3CCC2)C(=C(N=C1)C1=CN=CC2=CC=CC(=C12)Cl)F,US,1,0,0,0,71.7,21.1,2052.1
US_34,CO[C@@H]1C[C@@H](COc2nc(N3CC4CCC(C3)N4)c3cnc(c(F)c3n2)-c2cccc3cccc(Cl)c23)N(C)C1,US,0,0,0,0,119.3,135.4,4207.8
US_35,OCC(CO)COc1nc(N2CC3CCC(C2)N3)c2cnc(c(F)c2n1)-c1cccc2cccc(Cl)c12,US,0,0,0,0,1381.8,475,11332.1
US_36,Oc1cc(-c2ncc3c(nc(OCC45CCCN4CCC5)nc3c2F)N2CC3CCC(C2)N3)c2c(Cl)cccc2c1,US,0,0,0,0,,0.4,107.8
US_37,OC1CN(C1)c1nc(N2CC3CCC(C2)N3)c2cnc(c(F)c2n1)-c1cc(O)cc2ccccc12,US,1,0,0,0,494.5,404.8,
US_38,Oc1cc(-c2ncc3c(nc(OCCCC(F)(F)F)nc3c2F)N2CC3CCC(C2)N3)c2ccccc2c1,US,0,0,0,0,750.3,174.2,
US_39,COCCN1CCC(CC1)Oc1nc(N2CC3CCC(C2)N3)c2cnc(c(F)c2n1)-c1cccc2ccccc12,US,0,0,0,0,67770,10000,
US_40,Oc1cc(-c2ncc3c(nc(OC[C@@H]4CC5CCN4C5)nc3c2F)N2CC3CCC(C2)N3)c2ccccc2c1,US,0,0,0,0,1.7,4,4241.8
US_41,COCCCN1CCC(CC1)Oc1nc(N2CC3CCC(C2)N3)c2cnc(c(F)c2n1)-c1cc(O)cc2ccccc12,US,0,0,0,0,180.8,76.7,6647.2
US_42,CO[C@@H]1C[C@@H](COc2nc(N3CC4CCC(C3)N4)c3cnc(c(F)c3n2)-c2cc(O)cc3ccccc23)N(C)C1,US,0,0,0,0,5.6,3.1,637.6
US_43,CCO[C@@H]1C[C@@H](COc2nc(N3CC4CCC(C3)N4)c3cnc(c(F)c3n2)-c2cccc3cccc(Cl)c23)N(C)C1,US,0,0,0,0,188,72.2,6204.1
US_44,CN1CCC[C@H]1COc1nc(N2CC3CCC(C2)N3)c2cnc(c(F)c2n1)-c1cccc2ccc(F)c(Cl)c12,US,0,0,0,0,31.7,33.7,2290.1
US_45,[C@H]12CN(C[C@H](CC1)N2)C=2C1=C(N=C(N2)OCC23CCCN3CCC2)C(=C(N=C1)C1=CC=CC2=CC=CC(=C12)Cl)F,US,0,0,0,0,5.1,5.5,840
US_46,Oc1cc(-c2ncc3c(nc(OCC4(CCCC4)C(F)(F)F)nc3c2F)N2CC3CCC(C2)N3)c2ccccc2c1,US,0,0,0,0,797.8,720.8,
US_47,CCCOc1nc(N2CC3CCC(C2)N3)c2cnc(c(F)c2n1)-c1cc(O)cc2ccccc12,US,0,0,0,0,509.9,264.6,4445.6
US_48,Oc1cc(-c2ncc3c(nc(OCC(F)(F)F)nc3c2F)N2CC3CCC(C2)N3)c2ccccc2c1,US,0,0,0,0,930.8,433.9,4875.6
US_49,O[C@@H]1CC2CN(C[C@H]1N2)c1nc(OCC23CCCN2CCC3)nc2c(F)c(ncc12)-c1cccc2cccc(Cl)c12,US,0,0,0,0,0.4,5.9,2123.1
US_50,Oc1cc(-c2ncc3c(nc(OC[C@@H]4CCCN4)nc3c2F)N2CC3CCC(C2)N3)c2ccccc2c1,US,0,0,0,0,2.1,2.5,15404.5
US_51,Oc1cc(-c2ncc3c(nc(OCC4(CC4)C(F)(F)F)nc3c2F)N2CC3CCC(C2)N3)c2ccccc2c1,US,0,0,0,0,611.1,291.7,12066.6
US_52,Oc1cc(-c2ncc3c(nc(OCC(F)(F)C(F)F)nc3c2F)N2CC3CCC(C2)N3)c2ccccc2c1,US,0,0,0,0,507.4,318.3,8380
US_53,Fc1c(ncc2c(nc(OCC3COC3)nc12)N1CC2CCC(C1)N2)-c1cccc2cccc(Cl)c12,US,0,0,0,0,4369.4,1881.4,
US_54,Fc1c(ncc2c(nc(OCC34CCCN3CCCC4)nc12)N1CC2CCC(C1)N2)-c1cccc2cccc(Cl)c12,US,0,0,0,0,117.5,68.7,16666.7
US_55,OC[C@H](O)COc1nc(N2CC3CCC(C2)N3)c2cnc(c(F)c2n1)-c1cccc2cccc(Cl)c12,US,0,0,0,0,22441.7,6131.3,
US_56,OC[C@@H](O)COc1nc(N2CC3CCC(C2)N3)c2cnc(c(F)c2n1)-c1cccc2cccc(Cl)c12,US,0,0,0,0,5168.9,5916.7,
US_57,OCC(O)CCOc1nc(C2CC3CCC(C2)N3)c2cnc(c(F)c2n1)-c1cccc2cccc(Cl)c12,US,0,0,0,0,1000000,7285.9,
US_58,OCC[C@@H](CO)Oc1nc(C2CC3CCC(C2)N3)c2cnc(c(F)c2n1)-c1cccc2cccc(Cl)c12,US,0,0,0,0,4733.6,2326.7,
US_59,OCC(COc1nc(C2CC3CCC(C2)N3)c2cnc(c(F)c2n1)-c1cccc2cccc(Cl)c12)c1cccnc1,US,0,0,0,0,1118.3,946.3,
US_60,[O-][N+]12CCCC1(COc1nc(N3CC4CCC(C3)N4)c3cnc(c(F)c3n1)-c1cccc3cccc(Cl)c13)CCC2,US,0,0,0,0,1000000,1660.7,16666.7
US_61,OC(=O)CCOc1nc(N2CC3CCC(C2)N3)c2cnc(c(F)c2n1)-c1cccc2cccc(Cl)c12,US,0,0,0,0,115.5,4081,
US_62,Oc1ccc(CCOc2nc(N3CC4CCC(C3)N4)c3cnc(c(F)c3n2)-c2cccc3cccc(Cl)c23)cc1C=O,US,0,0,0,0,,8407.4,
US_63,CN1CCC[C@H]1COc1nc(N2CC3CCC(C2)N3)c2cnc(c(F)c2n1)-c1cc(O)cc2cccc(Cl)c12,US,0,0,0,0,,0.4,186.7
US_64,CC(C)(C)[Si](C)(C)OCC1CCC2(COc3nc(N4CC5CCC(C4)N5)c4cnc(c(F)c4n3)-c3cccc4cccc(Cl)c34)CCCN12,US,0,0,0,0,,3.3,3971
US_65,Fc1c(ncc2c(nc(OC[C@]34CCCN3C(CCl)CC4)nc12)N1CC2CCC(C1)N2)-c1cccc2cccc(Cl)c12,US,0,0,0,0,,3.2,1332.6
US_66,Fc1c(ncc2c(nc(OC[C@@]34CCCN3C(CCl)CC4)nc12)N1CC2CCC(C1)N2)-c1cccc2cccc(Cl)c12,US,0,0,0,0,,544.4,
US_67,Oc1cc(-c2ncc3c(nc(OCCc4ccccc4F)nc3c2F)N2CC3CCC(C2)N3)c2c(Cl)cccc2c1,US,0,0,0,0,1151.1,1245.6,
US_68,COCCCOc1nc(N2CC3CCC(C2)N3)c2cnc(c(F)c2n1)-c1cc(O)cc2ccccc12,US,0,0,0,0,292.8,256.6,7530.9
US_69,OCCOc1nc(N2CC3CCC(C2)N3)c2cnc(c(F)c2n1)-c1cc(O)cc2ccccc12,US,0,0,0,0,521.6,529.9,16666.7
US_70,COCCOc1nc(N2CC3CCC(C2)N3)c2cnc(c(F)c2n1)-c1cc(O)cc2ccccc12,US,0,0,0,0,416.7,356.2,
US_71,Oc1cc(-c2ncc3c(nc(OC4CCS(=O)(=O)CC4)nc3c2F)N2CC3CCC(C2)N3)c2ccccc2c1,US,0,0,0,0,137.6,125.7,16666.7
US_72,Oc1cc(-c2ncc3c(nc(OC4CCOCC4)nc3c2F)N2CC3CCC(C2)N3)c2ccccc2c1,US,0,0,0,0,507.2,512.9,7260.8
US_73,Oc1cc(-c2ncc3c(nc(OCC4CCCC4)nc3c2F)N2CC3CCC(C2)N3)c2ccccc2c1,US,0,0,0,0,666744.3,572.7,5555.6
US_74,Oc1cc(-c2ncc3c(nc(nc3c2F)N2CC3(C2)CCOCC3)N2CC3CCC(C2)N3)c2ccccc2c1,US,0,0,0,0,140.6,188.2,5465.1
US_75,OCCCOc1nc(N2CC3CCC(C2)N3)c2cnc(c(F)c2n1)-c1cc(O)cc2ccccc12,US,0,0,0,0,303.7,240.4,16666.7
US_76,Oc1cc(-c2ncc3c(nc(nc3c2F)N2CC3(C2)CCOC3)N2CC3CCC(C2)N3)c2ccccc2c1,US,0,0,0,0,196.9,131.2,7412.9
US_77,OC[C@@H]1CCCN1c1nc(N2CC3CCC(C2)N3)c2cnc(c(F)c2n1)-c1cc(O)cc2ccccc12,US,0,0,0,0,3065.8,3137.6,
US_78,CC(=O)N1CCC(CC1)Oc1nc(N2CC3CCC(C2)N3)c2cnc(c(F)c2n1)-c1cc(O)cc2ccccc12,US,0,0,0,0,367.5,358.3,16666.7
US_79,Oc1cc(-c2ncc3c(nc(OC4CCSCC4)nc3c2F)N2CC3CCC(C2)N3)c2ccccc2c1,US,0,0,0,0,1000000,336.5,
US_80,Oc1cc(-c2ncc3c(nc(OC4CCC(F)(F)CC4)nc3c2F)N2CC3CCC(C2)N3)c2ccccc2c1,US,0,0,0,0,500000,646.9,
US_81,Oc1cc(-c2ncc3c(nc(OCCC(F)(F)F)nc3c2F)N2CC3CCC(C2)N3)c2ccccc2c1,US,0,0,0,0,320.6,152.9,8288.3
US_82,Oc1cc(-c2ncc3c(nc(OC4CCS(=O)CC4)nc3c2F)N2CC3CCC(C2)N3)c2ccccc2c1,US,0,0,0,0,214.8,226.8,16666.7
US_83,Fc1c(ncc2c(nc(OCC34CCCN3C(=O)CC4)nc12)N1CC2CCC(C1)N2)-c1cccc2cccc(Cl)c12,US,1,0,0,0,,8694.9,
US_84,Cc1nccn1CCOc1nc(N2CC3CCC(C2)N3)c2cnc(c(F)c2n1)-c1cc(O)cc2ccccc12,US,0,0,0,0,14.4,31.7,5722.3
US_85,CC(C)Cn1ccnc1CCOc1nc(N2CC3CCC(C2)N3)c2cnc(c(F)c2n1)-c1cc(O)cc2ccccc12,US,0,0,0,0,147.8,453.7,16666.7
US_86,COc1ccc(CCOc2nc(N3CC4CCC(C3)N4)c3cnc(c(F)c3n2)-c2cccc3cccc(Cl)c23)cn1,US,0,0,0,0,527559.5,7919.9,
US_87,Cc1cccc(CCOc2nc(N3CC4CCC(C3)N4)c3cnc(c(F)c3n2)-c2cc(O)cc3ccccc23)n1,US,0,0,0,0,195.8,535.6,10553.8
US_88,Cc1ccc2[nH]ncc2c1-c1ncc2c(nc(OCCc3nccn3C)nc2c1F)N1CC2CCC(C1)N2,US,0,0,0,0,15593.2,7021.4,
US_89,Oc1cc(-c2ncc3c(nc(OCc4ccccn4)nc3c2F)N2CC3CCC(C2)N3)c2ccccc2c1,US,0,0,0,0,4308.7,679.3,
US_90,Fc1ccc2cccc(-c3ncc4c(nc(OCCc5cccnc5)nc4c3F)N3CC4CCC(C3)N4)c2c1,US,0,0,0,0,7805.4,4494.9,
US_91,CC(C)n1ccnc1CCOc1nc(N2CC3CCC(C2)N3)c2cnc(c(F)c2n1)-c1cc(O)cc2ccccc12,US,0,0,0,0,25.9,32.7,5514.1
US_92,Fc1c(ncc2c(nc(OCCc3cn4ccccc4n3)nc12)N1CC2CCC(C1)N2)-c1cccc2cccc(Cl)c12,US,0,0,0,0,2303.5,1348.4,
US_93,Fc1c(ncc2c(nc(OCC34CCCN3CC(F)(F)C4)nc12)N1CC2CCC(C1)N2)-c1cccc2cccc(Cl)c12,US,1,0,0,0,,104.6,16666.7
US_94,Cn1ccnc1CCOc1nc(N2CC3CCC(C2)N3)c2cnc(c(F)c2n1)-c1cccc2ccccc12,US,0,0,0,0,7462.4,3652.5,
US_95,Cn1cncc1COc1nc(N2CC3CCC(C2)N3)c2cnc(c(F)c2n1)-c1cc(O)cc2ccccc12,US,0,0,0,0,1129,561,
US_96,Oc1cc(-c2ncc3c(nc(OCCc4ccccc4)nc3c2F)N2CC3CCC(C2)N3)c2ccccc2c1,US,0,0,0,0,709.6,2221,
US_97,Fc1c(ncc2c(nc(OC[C@@H]3CCCN3Cc3ccccc3)nc12)N1CC2CCC(C1)N2)-c1cccc2cccc(Cl)c12,US,0,0,0,0,5916.9,934.1,
US_98,Fc1ccc2cccc(-c3ncc4c(nc(OCC56CCCN5CCC6)nc4c3F)N3CC4CCC(C3)N4)c2c1Cl,US,1,0,0,0,,1,388.6
US_99,Oc1cc(-c2ncc3c(nc(OCc4cccnc4)nc3c2F)N2CC3CCC(C2)N3)c2ccccc2c1,US,0,0,0,0,896.6,623.8,
US_100,Cc1cccc2cccc(-c3ncc4c(nc(OCCc5nccn5C)nc4c3F)N3CC4CCC(C3)N4)c12,US,0,0,0,0,1089.4,1949.7,
US_101,Cc1cccc2cccc(-c3ncc4c(nc(OCCc5cccnc5)nc4c3F)N3CC4CCC(C3)N4)c12,US,0,0,0,0,11958.2,8081.6,
US_102,Oc1cc(-c2ncc3c(nc(OCCc4ccc(F)cn4)nc3c2F)N2CC3CCC(C2)N3)c2ccccc2c1,US,0,0,0,0,259.1,95.8,7955.9
US_103,Clc1cccc2cccc(-c3ccc4c(nc(OCCCN5C[C@@H]6C[C@H]5CO6)nc4c3)N3CC4CCC(C3)N4)c12,US,0,0,0,0,271.2,371,16666.7
US_104,Cn1ccnc1COc1nc(N2CC3CCC(C2)N3)c2cnc(c(F)c2n1)-c1cc(O)cc2ccccc12,US,0,0,0,0,362,1675.8,16666.7
US_105,COc1nc(N2CC3CCC(C2)N3)c2cnc(c(F)c2n1)-c1cc(O)cc2ccccc12,US,0,0,0,0,2264.8,867.1,
US_106,Oc1cc(-c2ncc3c(nc(OCCc4cccnc4)nc3c2F)N2CC3CCC(C2)N3)c2ccccc2c1,US,0,0,0,0,53.5,155.9,3096.3
US_107,CN(C)CCOc1nc(N2CC3CCC(C2)N3)c2cnc(c(F)c2n1)-c1cccc2cccc(Cl)c12,US,0,0,0,0,1437,2118.1,
US_108,Fc1c(ncc2c(nc(OC[C@@H]3CCCN3Cc3ccccc3)nc12)N1CC2CCC(C1)N2)-c1cccc2ccccc12,US,0,0,0,0,63516.8,4841.5,
US_109,Oc1cc(-c2ncc3c(nc(OCC45CCCN4CCC5)nc3c2F)N2CC3CCC(C2)N3)c2ccccc2c1,US,1,0,0,0,500000,0.5,330.5
US_110,Cn1cncc1CCOc1nc(N2CC3CCC(C2)N3)c2cnc(c(F)c2n1)-c1cc(O)cc2ccccc12,US,0,0,0,0,42.3,57.5,16666.7
US_111,Cn1cncc1CCNc1nc(N2CC3CCC(C2)N3)c2cnc(c(F)c2n1)-c1cc(O)cc2ccccc12,US,0,0,0,0,275.8,281,
US_112,Cn1ccnc1CCOc1nc(N2CC3CCC(C2)N3)c2cnc(c(F)c2n1)-c1cccc2ccc(F)cc12,US,0,0,0,0,983.3,718.4,
US_113,Fc1c(ncc2c(nc(OCCc3cccnc3)nc12)N1CC2CCC(C1)N2)-c1cccc2cccc(Cl)c12,US,0,0,0,0,2503.9,2866.1,
US_114,Cn1ccnc1CCOc1nc(N2CC3CCC(C2)N3)c2cnc(c(F)c2n1)-c1cccc2cccc(Cl)c12,US,0,0,0,0,383.7,482.1,10259.6
US_115,CN1C[C@H](F)C[C@H]1COc1nc(N2CC3CCC(C2)N3)c2cnc(c(F)c2n1)-c1cccc2cccc(Cl)c12,US,0,0,0,0,333377,174.3,9514
US_116,CN1CCC[C@H]1COc1nc(N2CC3CCC(C2)N3)c2cnc(cc2n1)-c1cccc2cccc(C)c12,US,0,0,0,0,3628.8,1437.7,
US_117,CN1CCC[C@H]1COc1nc(N2CC3CCC(C2)N3)c2cnc(cc2n1)-c1cccc2cccc(CCC#N)c12,US,1,0,0,0,1004.8,731.5,
US_118,Oc1cc(-c2ncc3c(nc(nc3c2F)N2CCCC2)N2CC3CCC(C2)N3)c2ccccc2c1,US,1,0,0,0,1061.5,476.6,16666.7
US_119,Oc1cc(-c2ncc3c(nc(nc3c2F)N2CCC2)N2CC3CCC(C2)N3)c2ccccc2c1,US,1,0,0,0,511.4,684.3,3700.2
US_120,CN(C)C1CN(C1)c1nc(N2CC3CCC(C2)N3)c2cnc(c(F)c2n1)-c1cc(O)cc2ccccc12,US,1,0,0,0,42.1,28.8,2092.9
US_121,OC[C@@H]1CCN1c1nc(N2CC3CCC(C2)N3)c2cnc(c(F)c2n1)-c1cc(O)cc2ccccc12,US,1,0,0,0,197,204.2,4077.1
US_122,CN(C)C1CN(C1)c1nc(N2CC3CCC(C2)N3)c2cnc(c(F)c2n1)-c1cccc2cccc(Cl)c12,US,0,0,0,0,3417.4,3265.3,16666.7
US_123,CN1CCC[C@H]1COc1nc(N2CC3CCC(C2)N3)c2cnc(cc2n1)-c1cccc2cccc(Cl)c12,US,0,0,0,0,785.7,754.4,
US_124,CC1(N)CN(C1)c1nc(N2CC3CCC(C2)N3)c2cnc(c(F)c2n1)-c1cc(O)cc2ccccc12,US,0,0,0,0,22.7,8.6,11087.4
US_125,CC1(N)CN(C1)c1nc(N2CC3CCC(C2)N3)c2cnc(c(F)c2n1)-c1cccc2cccc(Cl)c12,US,0,0,0,0,,667.5,
US_126,CCC1(N)CN(C1)c1nc(N2CC3CCC(C2)N3)c2cnc(c(F)c2n1)-c1cc(O)cc2ccccc12,US,0,0,0,0,16.1,9.9,3470.6
US_127,CN(C)C1(C)CN(C1)c1nc(N2CC3CCC(C2)N3)c2cnc(c(F)c2n1)-c1cccc2cccc(Cl)c12,US,0,0,0,0,864.1,250.9,16666.7
US_128,CCC1(N)CN(C1)c1nc(N2CC3CCC(C2)N3)c2cnc(c(F)c2n1)-c1cccc2cccc(Cl)c12,US,0,0,0,0,,500.6,
US_129,Fc1c(ncc2c(nc(OCCC3CC(F)(F)C3)nc12)N1CC2CCC(C1)N2)-c1cccc2cccc(Cl)c12,US,0,0,0,0,,4092.5,
US_130,Fc1c(ncc2c(nc(nc12)N1CC2(CCN2)C1)N1CC2CCC(C1)N2)-c1cccc2cccc(Cl)c12,US,0,0,0,0,,1647,
US_131,CN1CC(COc2nc(N3CC4CCC(C3)N4)c3cnc(c(F)c3n2)-c2cccc3cccc(Cl)c23)CC1=O,US,0,0,0,0,1553,423.9,16666.7
US_132,CN1CCC[C@H]1COc1nc(N2CC3CCC(C2)N3)c2cnc(c(F)c2n1)-c1cccc2cccc(Cl)c12,US,0,0,0,0,64.7,60.5,2558.7
US_133,CC1CCCc2cccc(-c3ncc4c(nc(OC[C@@H]5CCCN5C)nc4c3F)N3CC4CCC(C3)N4)c12,US,0,0,0,0,112.6,48.8,2048.8
US_134,F[C@H]1CN2CCC[C@@]2(COc2nc(N3CC4CCC(C3)N4)c3cnc(c(F)c3n2)-c2cccc3cccc(Cl)c23)C1,US,0,0,0,0,6.9,3.7,895.4
US_135,OCC1CCC2(COc3nc(N4CC5CCC(C4)N5)c4cnc(c(F)c4n3)-c3cccc4cccc(Cl)c34)CCCN12,US,0,0,0,0,,2.1,4820.9
US_136,Fc1c(ncc2c(nc(OC[C@@H]3CCCO3)nc12)N1CC2CCC(C1)N2)-c1cccc2cccc(Cl)c12,US,0,0,0,0,,5150.6,
US_137,Fc1c(ncc2c(nc(OC[C@H]3CCCO3)nc12)N1CC2CCC(C1)N2)-c1cccc2cccc(Cl)c12,US,0,0,0,0,,2633.4,
US_138,CO[C@H](C)COc1nc(N2CC3CCC(C2)N3)c2cnc(c(F)c2n1)-c1cccc2cccc(Cl)c12,US,0,0,0,0,,8067.8,
US_139,Nc1cccc(CCOc2nc(N3CC4CCC(C3)N4)c3cnc(c(F)c3n2)-c2cc(O)cc3ccccc23)n1,US,0,0,0,0,25.4,113.3,5245.1
US_140,COc1cccnc1CCOc1nc(N2CC3CCC(C2)N3)c2cnc(c(F)c2n1)-c1cc(O)cc2ccccc12,US,0,0,0,0,5591.7,5161.4,
US_141,Nc1ccc(CCOc2nc(N3CC4CCC(C3)N4)c3cnc(c(F)c3n2)-c2cccc3cccc(Cl)c23)cn1,US,0,0,0,0,,891.1,16666.7
US_142,Fc1c(ncc2c(nc(OC3CCc4[nH]ncc4C3)nc12)N1CC2CCC(C1)N2)-c1cccc2cccc(Cl)c12,US,0,0,0,0,13834,8846.4,
US_143,Fc1c(ncc2c(nc(OC3CCc4cn[nH]c4C3)nc12)N1CC2CCC(C1)N2)-c1cccc2cccc(Cl)c12,US,0,0,0,0,14933.6,4563.2,
US_144,Cn1nccc1CCOc1nc(N2CC3CCC(C2)N3)c2cnc(c(F)c2n1)-c1cccc2cccc(Cl)c12,US,0,0,0,0,,1702.3,
US_145,Cn1ccc(CCOc2nc(N3CC4CCC(C3)N4)c3cnc(c(F)c3n2)-c2cccc3cccc(Cl)c23)n1,US,0,0,0,0,,5002.5,
US_146,Cn1cc(CCOc2nc(N3CC4CCC(C3)N4)c3cnc(c(F)c3n2)-c2cccc3cccc(Cl)c23)cn1,US,0,0,0,0,,2285.7,
US_147,Fc1c(ncc2c(nc(OCCn3cccn3)nc12)N1CC2CCC(C1)N2)-c1cccc2cccc(Cl)c12,US,0,0,0,0,18778.9,5876.2,
US_148,Cn1cnc2ccc(Oc3nc(N4CC5CCC(C4)N5)c4cnc(c(F)c4n3)-c3cccc4cccc(Cl)c34)cc12,US,0,0,0,0,,5180,
US_149,CO[C@H]1CC(COc2nc(N3CC4CCC(C3)N4)c3cnc(c(F)c3n2)-c2cccc3cccc(Cl)c23)N(C)C1,US,0,0,0,0,,869.5,
US_150,Fc1c(ncc2c(nc(OCc3cccn4ccnc34)nc12)N1CC2CCC(C1)N2)-c1cccc2cccc(Cl)c12,US,0,0,0,0,,1981.1,
US_151,CN1CCCC1COc1nc(N2CC3CCC(C2)N3)c2cnc(c(F)c2n1)-c1cncc2cccc(Cl)c12,US,0,0,0,0,448,387.5,
US_152,O[C@@H]1C[C@@H]2CN(CC1N2)c1nc(nc2c(F)c(ncc12)-c1cccc2cccc(Cl)c12)N1CCC1,US,0,0,0,0,,2647.1,50000
US_153,CC(C)N1CCC[C@H]1COc1nc(N2C[C@H]3C[C@@H](O)C(C2)N3)c2cnc(c(F)c2n1)-c1cccc2cccc(Cl)c12,US,0,0,0,0,70.5,50.8,2369.2
US_154,Cn1cnnc1CCOc1nc(N2CC3CCC(C2)N3)c2cnc(c(F)c2n1)-c1cccc2cccc(Cl)c12,US,0,0,0,0,,6533.8,
US_155,O[C@@H]1C[C@@H]2CN(CC1N2)c1nc(OCCC(F)(F)F)nc2c(F)c(ncc12)-c1cccc2cccc(Cl)c12,US,0,0,0,0,,3417,
US_156,CN1CCC[C@H]1COc1nc(N2CC3CCC(C)(C2)N3)c2cnc(c(F)c2n1)-c1cc(O)cc2ccccc12,US,1,0,0,0,500006,9.1,1786.9
US_157,CN1CCC[C@H]1COc1nc(N2CC3CCC(CCC#N)(C2)N3)c2cnc(c(F)c2n1)-c1cc(O)cc2ccccc12,US,1,0,0,0,22.9,26.6,7998.7
US_158,FC1=C(N=CC2=C1N=C(N=C2N2CC1(CCC(C2)N1)C(=O)OC)OC[C@H]1N(CCC1)C)C1=CC(=CC2=CC=CC=C12)O,US,1,0,0,0,329.9,73.7,4222.3
US_159,CN1CCC[C@H]1COc1nc(N2CC3CCC(C2)(N3)C(N)=O)c2cnc(c(F)c2n1)-c1cc(O)cc2ccccc12,US,1,0,0,0,,331,16666.7
US_160,CN1CCC[C@H]1COc1nc(N2CC3CCC(Cl)(C2)N3)c2cnc(c(F)c2n1)-c1cc(O)cc2ccccc12,US,1,0,0,0,0.3,120.3,6930.7
US_161,CN1CCC[C@H]1COc1nc(N2CC3CCC(C2)N3)c2cnc(c(F)c2n1)-c1cccc2CCC(C)(C)c12,US,1,0,0,0,403.2,273.2,16666.7
US_162,CN1CCC[C@H]1COc1nc(N2CC3CCC(C2)N3)c2cnc(c(F)c2n1)-c1cccc2CCC3(CC3)c12,US,1,0,0,0,554.6,677.3,16666.7
US_163,Fc1c(ncc2c(nc(OC3CCN(CC3)C(=O)CCl)nc12)N1CC2CCC(C1)N2)-c1cccc2cccc(Cl)c12,US,1,0,0,0,,5552.5,16666.7
US_164,Fc1c(ncc2c(nc(OCCNC(=O)c3ccc(cc3)S(F)(=O)=O)nc12)N1CC2CCC(C1)N2)-c1cccc2cccc(Cl)c12,US,1,0,0,0,,4046,16666.7
US_165,CN1C[C@@H](C[C@H]1COc1nc(N2CC3CCC(C2)N3)c2cnc(c(F)c2n1)-c1cccc2cccc(Cl)c12)NC(=O)c1ccc(cc1)S(F)(=O)=O,US,1,0,0,0,,97.8,11068.5
US_166,O[C@@H]1C[C@@H]2CN(C[C@H]1N2)c1nc(OCCc2nccn2C(F)F)nc2c(F)c(ncc12)-c1cccc2cccc(Cl)c12,US,0,0,0,0,,1286.1,
US_167,Cc1nccn1CCOc1nc(N2C[C@H]3C[C@@H](O)[C@@H](C2)N3)c2cnc(c(F)c2n1)-c1cccc2cccc(Cl)c12,US,0,0,0,0,,226.2,16142.4
US_168,O[C@@H]1C[C@@H]2CN(C[C@H]1N2)c1nc(OCCn2ccnc2CF)nc2c(F)c(ncc12)-c1cccc2cccc(Cl)c12,US,0,0,0,0,,583,16666.7
US_169,O[C@@H]1C[C@@H]2CN(C[C@H]1N2)c1nc(OCCn2ccnc2C(F)(F)F)nc2c(F)c(ncc12)-c1cccc2cccc(Cl)c12,US,0,0,0,0,,656.9,
US_170,O[C@@H]1C[C@@H]2CN(C[C@H]1N2)c1nc(OCCc2nccn2CF)nc2c(F)c(ncc12)-c1cccc2cccc(Cl)c12,US,0,0,0,0,,841.7,
US_171,OCc1nccn1CCOc1nc(N2CC3CCC(C2)N3)c2cnc(c(F)c2n1)-c1cccc2cccc(Cl)c12,US,0,0,0,0,,757.4,
US_172,O[C@@H]1C[C@@H]2CN(C[C@H]1N2)c1nc(OCCn2ccnc2C(F)F)nc2c(F)c(ncc12)-c1cccc2cccc(Cl)c12,US,0,0,0,0,,689.1,
US_173,Cn1ccnc1CCOc1nc(N2C[C@H]3C[C@@H](O)[C@@H](C2)N3)c2cnc(c(F)c2n1)-c1cccc2cccc(Cl)c12,US,0,0,0,0,116.7,99.2,10504.3
US_174,CC1CCc2cccc(c12)-c1ncc2c(nc(OC[C@@H]3CCCN3C)nc2c1F)N1CC2CCC(C1)N2,US,0,0,0,0,186.1,63.9,12816.8
US_175,Cc1cc(-c2ncc3c(nc(OCC45CCCN4CCC5)nc3c2F)N2CC3CCC(C2)N3)c2c(Cl)cccc2c1,US,0,0,0,0,,63.8,5555.6
US_176,NC(=N)NCCOc1nc(N2CC3CCC(C2)N3)c2cnc(c(F)c2n1)-c1cccc2cccc(Cl)c12,US,0,0,0,0,,235.1,
US_177,NC(=N)NCCCOc1nc(N2CC3CCC(C2)N3)c2cnc(c(F)c2n1)-c1cccc2cccc(Cl)c12,US,0,0,0,0,,187.1,
US_178,Nc1nccn1CCOc1nc(N2CC3CCC(C2)N3)c2cnc(c(F)c2n1)-c1cccc2cccc(Cl)c12,US,0,0,0,0,,105,16666.7
US_179,Fc1c(ncc2c(nc(OCC34CCCN3CCC4)nc12)N1CC2CCC(C1)N2)-c1cccc2cccc(C#C)c12,US,0,0,0,0,0.1,1.1,71.2
US_180,Fc1c(ncc2c(nc(OCC34CCCN3CCC4)nc12)N1CC2CCC(C1)N2)-c1cccc2cccc(-c3c[nH]nn3)c12,US,0,0,0,0,,76.1,16666.7
US_181,Oc1cc(-c2ncc3c(ncnc3c2F)N2CC3CCC(C2)N3)c2ccccc2c1,US,0,0,0,0,,572.5,12839.1
US_182,Nc1nc(N2CC3CCC(C2)N3)c2cnc(c(F)c2n1)-c1cc(O)cc2ccccc12,US,0,0,0,0,,269.1,13549.2
US_183,CNc1nc(N2CC3CCC(C2)N3)c2cnc(c(F)c2n1)-c1cc(O)cc2ccccc12,US,0,0,0,0,,393.3,5252.5
US_184,CN(C)c1nc(N2CC3CCC(C2)N3)c2cnc(c(F)c2n1)-c1cc(O)cc2ccccc12,US,0,0,0,0,,1990.6,
US_185,Oc1cc(-c2ncc3c(nc(OCC45CCCN4CCC5)nc3c2F)N2CC3CCC(C2)N3)c2c(cccc2c1)C#C,US,0,0,0,0,0,0.3,7.1
US_186,Fc1c(ncc2c(nc(OCC34CCCN3CCC4)nc12)N1CC2CCC(C1)N2)-c1cccc2ccccc12,US,0,0,0,0,,29.2,3383.1
US_187,CCc1cccc2cccc(-c3ncc4c(nc(OCC56CCCN5CCC6)nc4c3F)N3CC4CCC(C3)N4)c12,US,0,0,0,0,,1.7,450.1
US_188,Fc1c(ncc2c(ncnc12)N1CC2CCC(C1)N2)-c1cccc2cccc(C#C)c12,US,0,0,0,0,,1919.7,
US_189,Fc1ccc2cccc(-c3ncc4c(nc(OCC56CCCN5CCC6)nc4c3F)N3CC4CCC(C3)N4)c2c1C#C,US,0,0,0,0,,0.5,24.1
US_190,CN1CCC[C@H]1COc1nc(N2CC3CCC(C2)N3)c2cnc(c(C)c2n1)-c1cc(O)cc2ccccc12,US,0,0,0,0,76.1,64.1,16314.3
US_191,CN1CCC[C@H]1COc1nc(N2CC3CCC(C2)N3)c2cnc(c(Cl)c2n1)-c1cc(O)cc2ccccc12,US,0,0,0,0,,69.1,5047
US_192,CN1CCC[C@H]1COc1nc(N2CC3CCC(C2)N3)c2cnc(c(F)c2n1)-c1cccc2cccc(C#N)c12,US,0,0,0,0,,224.9,
US_193,OCC#Cc1cccc2cccc(-c3ncc4c(nc(OCC56CCCN5CCC6)nc4c3F)N3CC4CCC(C3)N4)c12,US,0,0,0,0,,12.5,8517.9
US_194,CN1CCC[C@H]1COc1nc(N2CC3CCC(C2)N3)c2cnc(c(F)c2n1)-c1cccc2cccc(C#CCO)c12,US,0,0,0,0,,150.8,
US_195,CC#Cc1cccc2cccc(-c3ncc4c(nc(OCC56CCCN5CCC6)nc4c3F)N3CC4CCC(C3)N4)c12,US,0,0,0,0,,20.7,2461.5
US_196,Fc1c(ncc2c(nc(OCC34CCCN3CCC4)nc12)N1CC2CCC(C1)N2)-c1cccc2OC(F)(F)Oc12,US,0,0,0,0,,467,
US_197,Fc1c(ncc2c(nc(OCC34CCCN3CCC4)nc12)N1CC2CCC(C1)N2)-c1cccc(c1C(F)(F)F)C(F)(F)F,US,0,0,0,0,,99.9,16666.7
US_198,Fc1c(ncc2c(nc(OCC34CCCN3CCC4)nc12)N1CC2CCC(C1)N2)-c1cccc2cccc(C#N)c12,US,0,0,0,0,,20.3,2425.5
US_199,CSc1cccc2cccc(-c3ncc4c(nc(OCC56CCCN5CCC6)nc4c3F)N3CC4CCC(C3)N4)c12,US,0,0,0,0,,2,464.8
US_200,Fc1c(ncc2c(nc(OCC34CCCN3CCOC4)nc12)N1CC2CCC(C1)N2)-c1cccc2cccc(Cl)c12,US,0,0,0,0,,229.7,
US_201,CN1CCC[C@H]1COc1nc(N2CC3CCC(C2)N3)c2cnc(c(F)c2n1)-c1cccc2cccc(C=C)c12,US,0,0,0,0,,70.2,13915.2
US_202,COCCO[C@@H]1C[C@@H](COc2nc(N3CC4CCC(C3)N4)c3cnc(c(F)c3n2)-c2cccc3cccc(Cl)c23)N(C)C1,US,0,0,0,0,,94,10186.8
US_203,F[C@@H]1CN2CCCC2(COc2nc(N3CC4CCC(C3)N4)c3cnc(c(F)c3n2)-c2cncc3cccc(Cl)c23)C1,US,0,0,0,0,,28.1,2183.2
US_204,F[C@@H]1CN2CCCC2(COc2nc(N3CC4CCC(C3)N4)c3cnc(c(F)c3n2)-c2cncc3cccc(C#C)c23)C1,US,0,0,0,0,,4.4,306.7
US_205,F[C@@H]1CN2CCCC2(COc2nc(N3CC4CCC(C3)N4)c3cnc(c(F)c3n2)-c2cccc3cccc(C#C)c23)C1,US,0,0,0,0,,1.2,242.1
US_206,CN1CCC[C@H]1COc1nc(N2CC3CCC(C2)N3)c2cnc(c(F)c2n1)-c1cccc2cccc(C#C)c12,US,0,0,0,0,,5.1,899.6
US_207,CN1CCC[C@H]1COc1nc(N2CC3CCC(C2)N3)c2cnc(c(F)c2n1)-c1cccc2cc(C)ccc12,US,0,0,0,0,,4906.8,
US_208,CN1C[C@@H](C[C@H]1COc1nc(N2CC3CCC(C2)N3)c2cnc(c(F)c2n1)-c1cccc2cccc(Cl)c12)Oc1cccc(c1)S(F)(=O)=O,US,1,0,0,0,,1836.7,16666.7
US_209,CN1C[C@@H](C[C@H]1COc1nc(N2CC3CCC(C2)N3)c2cnc(c(F)c2n1)-c1cccc2cccc(Cl)c12)Oc1ccc(cc1)S(F)(=O)=O,US,1,0,0,0,,2746.7,16666.7
US_210,CN1CC[C@H](Oc2cccc(c2)S(F)(=O)=O)[C@H]1COc1nc(N2CC3CCC(C2)N3)c2cnc(c(F)c2n1)-c1cccc2cccc(Cl)c12,US,1,0,0,0,,5464.7,16666.7
US_211,CN1C[C@@H](C[C@H]1COc1nc(N2CC3CCC(C2)N3)c2cnc(c(F)c2n1)-c1cccc2cccc(Cl)c12)NC(=O)c1cccc(c1)S(F)(=O)=O,US,1,0,0,0,,211.5,13506.7
US_212,Oc1cc(-c2ncc3c(nc(OCCNC(=O)c4ccc(cc4)S(F)(=O)=O)nc3c2F)N2CC3CCC(C2)N3)c2ccccc2c1,US,1,0,0,0,,1218.4,
US_213,Oc1cc(-c2ncc3c(nc(OCCNC(=O)c4cccc(c4)S(F)(=O)=O)nc3c2F)N2CC3CCC(C2)N3)c2ccccc2c1,US,1,0,0,0,,7529,
US_214,CN1CCC[C@H]1COc1nc(N2CC3CCC(C2)(N3)C=O)c2cnc(c(F)c2n1)-c1cc(O)cc2ccccc12,US,0,0,0,0,283.6,,16666.7
US_215,CN1CCC[C@H]1COc1nc(N2CC3CCC(CO)(C2)N3)c2cnc(c(F)c2n1)-c1cc(O)cc2ccccc12,US,1,0,0,0,70.4,,16666.7
US_216,Oc1cc(-c2ncc3c(nc(OCC45CCCN4C[C@H](F)C5)nc3c2F)N2CC3CCC(C2)N3)c2ccccc2c1,US,0,1,0,1,1.7,0.9,51
US_217,Oc1cc(-c2ncc3c(nc(OCc4ccccc4F)nc3c2F)N2CC3CCC(C2)N3)c2ccccc2c1,US,0,0,0,0,2977,,
US_218,Fc1cccc2cccc(-c3ncc4c(nc(CCC56CCCN5CCC6)nc4c3F)N3CC4CCC(C3)N4)c12,US,0,0,0,0,,1600,
US_219,CO[C@@H]1CN2CCC[C@]2(COc2nc(N3CC4CCC(C3)N4)c3cnc(c(F)c3n2)-c2cccc3cccc(Cl)c23)C1,US,0,0,0,0,8.1,8.1,2032
US_220,Cn1cc(cn1)[C@H]1CN2CCC[C@]2(COc2nc(N3CC4CCC(C3)N4)c3cnc(c(F)c3n2)-c2cccc3cccc(Cl)c23)C1,US,0,0,0,0,,8.7,1344.9
US_221,Fc1c(ncc2c(nc(OC[C@]34CCCN3C[C@@H](C4)c3ccccc3)nc12)N1CC2CCC(C1)N2)-c1cccc2cccc(Cl)c12,US,0,0,0,0,,15.7,15840.8
US_222,OCC12CCCN1CC(C2)Oc1nc(N2CC3CCC(C2)N3)c2cnc(c(F)c2n1)-c1cccc2cccc(Cl)c12,US,0,0,0,0,,1126.7,
US_223,O[C@H]1CN2CCC[C@@]2(COc2nc(N3CC4CCC(C3)N4)c3cnc(c(F)c3n2)-c2cccc3cccc(Cl)c23)C1,US,1,0,0,0,,7.1,4272.7
US_224,O[C@H]1CN2CCC[C@]2(COc2nc(N3CC4CCC(C3)N4)c3cnc(c(F)c3n2)-c2cccc3cccc(Cl)c23)C1,US,0,0,0,0,,27,6375.8
US_225,CO[C@H]1CN2CCC[C@]2(COc2nc(N3CC4CCC(C3)N4)c3cnc(c(F)c3n2)-c2cccc3cccc(Cl)c23)C1,US,1,0,0,0,,9.2,3058.3
US_226,F[C@H]1CN2CCCC2(COc2nc(N3CC4CCC(C3)N4)c3cnc(c(F)c3n2)-c2cccc3cccc(Cl)c23)C1,US,0,0,0,0,,25.9,6745.4
US_227,C[C@H]1CN2CCC[C@@]2(COc2nc(N3CC4CCC(C3)N4)c3cnc(c(F)c3n2)-c2cccc3cccc(Cl)c23)C1,US,0,0,0,0,,6.4,2976
US_228,CC1(C)CN2CCCC2(COc2nc(N3CC4CCC(C3)N4)c3cnc(c(F)c3n2)-c2cccc3cccc(Cl)c23)C1,US,1,0,0,0,,87.7,13718.5
US_229,Fc1c(ncc2c(nc(OCC34CCCN3CCC4)nc12)N1CC2CCC(C1)N2)-c1ccccc1OC(F)(F)F,US,0,0,0,0,,121,11330.3
US_230,Fc1c(ncc2c(nc(OCC34CCCN3CCC4)nc12)N1CC2CCC(C1)N2)-c1cccc(Cl)c1OC(F)(F)F,US,1,0,0,0,,1433.1,
US_231,COc1cc(-c2ncc3c(nc(OCC45CCCN4CCC5)nc3c2F)N2CC3CCC(C2)N3)c2c(cccc2c1)C#C,US,0,0,0,0,,19.8,2806.1
US_232,Oc1cc(-c2ncc3c(nc(OCC45CCCN4CCC5)nc3c2F)N2CC3CCC(C2)N3)c2c(C#C)c(F)ccc2c1,US,0,0,0,0,,0.6,15.2
US_233,C(Oc1nc(N2CC3CCC(C2)N3)c2cnc(cc2n1)-c1cccc2ccccc12)C12CCCN1CCC2,US,0,0,0,0,,387.2,15568.1
US_234,Fc1cccc2cccc(-c3ncc4c(nc(OCC56CCCN5CCC6)nc4c3F)N3CC4CCC(C3)N4)c12,US,0,0,0,0,,5.9,409
US_235,Fc1c(ncc2c(nc(OCC34CCCN3CCC4)nc12)N1CC2CCC(C1)N2)-c1cccc2cccc(Br)c12,US,0,0,0,0,,1.2,338.6
US_236,COc1cccc2cccc(-c3ncc4c(nc(OCC56CCCN5CCC6)nc4c3F)N3CC4CCC(C3)N4)c12,US,0,0,0,0,,25,2626.3
US_237,Oc1cccc2cccc(-c3ncc4c(nc(OCC56CCCN5CCC6)nc4c3F)N3CC4CCC(C3)N4)c12,US,0,0,0,0,,500.3,
US_238,OCc1cccc2cccc(-c3ncc4c(nc(OCC56CCCN5CCC6)nc4c3F)N3CC4CCC(C3)N4)c12,US,0,0,0,0,,16.1,4656.9
US_239,OCCc1cccc2cccc(-c3ncc4c(nc(OCC56CCCN5CCC6)nc4c3F)N3CC4CCC(C3)N4)c12,US,0,0,0,0,,2,2951.1
US_240,NC(=O)Cc1cccc2cccc(-c3ncc4c(nc(OCC56CCCN5CCC6)nc4c3F)N3CC4CCC(C3)N4)c12,US,0,0,0,0,,314.8,16666.7
US_241,NCC#Cc1cccc2cccc(-c3ncc4c(nc(OCC56CCCN5CCC6)nc4c3F)N3CC4CCC(C3)N4)c12,US,0,0,0,0,,79.2,16666.7
US_242,CCC#Cc1cccc2cccc(-c3ncc4c(nc(OCC56CCCN5CCC6)nc4c3F)N3CC4CCC(C3)N4)c12,US,0,0,0,0,,82.2,16666.7
US_243,Oc1cc(-c2ncc3c(nc(OC[C@@]45CCCN4C[C@H](F)C5)nc3c2F)N2CC3CCC(C2)N3)c2c(cccc2c1)C#C,US,0,0,0,0,,0.4,0.8
US_244,Oc1cc(-c2ncc3c(ncnc3c2F)N2CC3CCC(C2)N3)c2c(cccc2c1)C#C,US,0,0,0,0,,4.2,763
US_245,Oc1cc(-c2ncc3c(nc(OCC45CCCN4CCC5)nc3c2F)N2CC3CCC(C2)N3)c2c(Cl)c(F)ccc2c1,US,0,0,0,0,,0.5,23.4
US_246,Oc1cc(-c2ncc3c(nc(OC[C@@]45CCCN4C[C@H](F)C5)nc3c2F)N2CC3CCC(C2)N3)c2c(F)c(F)ccc2c1,US,0,0,0,0,,0.6,1
US_247,FC(F)Cc1cccc2cccc(-c3ncc4c(nc(OCC56CCCN5CCC6)nc4c3F)N3CC4CCC(C3)N4)c12,US,0,0,0,0,,12.6,4310.5
US_248,FCCc1cccc2cccc(-c3ncc4c(nc(OCC56CCCN5CCC6)nc4c3F)N3CC4CCC(C3)N4)c12,US,0,0,0,0,,3.2,1082.8
US_249,Cc1cc2[nH]ncc2c(c1C)-c1ncc2c(nc(OCC34CCCN3CCC4)nc2c1F)N1CC2CCC(C1)N2,US,0,0,0,0,,3.5,7705.6
US_250,Cc1cc2[nH]ccc2c(c1C)-c1ncc2c(nc(OCC34CCCN3CCC4)nc2c1F)N1CC2CCC(C1)N2,US,0,0,0,0,,28.2,7477.7
US_251,Oc1cc(-c2ncc3c(nc(OC[C@@]45CCCN4C[C@H](F)C5)nc3c2F)N2CC3CCC(C2)N3)c2c(Cl)cccc2c1,US,0,0,0,0,,0.2,10.3
US_252,Oc1cc(-c2ncc3c(nc(OC[C@@]45CCCN4C[C@H](F)C5)nc3c2F)N2CC3CCC(C2)N3)c2c(C#C)c(F)ccc2c1,US,0,0,0,0,,0.4,0.8
US_253,CCc1c(F)ccc2cc(O)cc(-c3ncc4c(nc(OC[C@@]56CCCN5C[C@H](F)C6)nc4c3F)N3CC4CCC(C3)N4)c12,US,0,0,0,0,,0.8,2
US_254,CCCc1cccc2cccc(-c3ncc4c(nc(OCC56CCCN5CCC6)nc4c3F)N3CC4CCC(C3)N4)c12,US,0,0,0,0,,6.1,2428.8
US_255,FCCCc1cccc2cccc(-c3ncc4c(nc(OCC56CCCN5CCC6)nc4c3F)N3CC4CCC(C3)N4)c12,US,0,0,0,0,,8.7,673.4
US_256,Cc1ccc(O)cc1-c1ncc2c(nc(OCC34CCCN3CCC4)nc2c1F)N1CC2CCC(C1)N2,US,0,0,0,0,,13.2,16666.7
US_257,Fc1c(ncc2c(nc(OCC34CCCN3CCC4)nc12)N1CC2CCC(C1)N2)-c1c2cn[nH]c2cc2ccccc12,US,0,0,0,0,,5.1,530.7
US_258,Fc1c(ncc2c(nc(OCC34CCCN3CCC4)nc12)N1CC2CCC(C1)N2)-c1c(OC(F)(F)F)ccc2[nH]ncc12,US,0,0,0,0,,6.5,1460.4
US_259,CCc1cccc2cc(O)cc(-c3ncc4c(nc(OC[C@@]56CCCN5C[C@H](F)C6)nc4c3F)N3CC4CCC(C3)N4)c12,US,0,0,0,0,,0.8,3.9
US_260,CN1C[C@@H](C[C@H]1COc1nc(N2CC3CCC(C2)N3)c2cnc(c(F)c2n1)-c1cccc2cccc(Cl)c12)OC(=O)NCCOCc1ccc(O)cc1,US,0,0,0,0,,107.1,16666.7
US_261,NCCOc1nc(N2CC3CCC(C2)N3)c2cnc(c(F)c2n1)-c1cccc2cccc(Cl)c12,US,0,0,0,0,,8304.2,
US_262,NC1(COc2nc(N3CC4CCC(C3)N4)c3cnc(c(F)c3n2)-c2cccc3cccc(Cl)c23)CCCCC1,US,0,0,0,0,,2255.6,
US_263,CCc1ccc(O)cc1-c1ncc2c(nc(OCC34CCCN3CCC4)nc2c1F)N1CC2CCC(C1)N2,US,0,0,0,0,,1.5,7641
US_264,Fc1ccccc1-c1ncc2c(nc(OCC34CCCN3CCC4)nc2c1F)N1CC2CCC(C1)N2,US,0,0,0,0,,4698.9,
US_265,Nc1cccc(F)c1-c1ncc2c(nc(OCC34CCCN3CCC4)nc2c1F)N1CC2CCC(C1)N2,US,0,0,0,0,,794,
US_266,Nc1c(Cl)cc(Cl)c(F)c1-c1ncc2c(nc(OCC34CCCN3CCC4)nc2c1F)N1CC2CCC(C1)N2,US,0,0,0,0,,278,
US_267,Oc1ccccc1-c1ncc2c(nc(OCC34CCCN3CCC4)nc2c1F)N1CC2CCC(C1)N2,US,0,0,0,0,,3261.6,
US_268,CNc1c(F)cccc1-c1ncc2c(nc(OCC34CCCN3CCC4)nc2c1F)N1CC2CCC(C1)N2,US,0,0,0,0,,1546.3,
US_269,CCNc1c(F)cccc1-c1ncc2c(nc(OCC34CCCN3CCC4)nc2c1F)N1CC2CCC(C1)N2,US,0,0,0,0,,4037.9,
US_270,Nc1c(F)cccc1-c1ncc2c(nc(OCC34CCCN3CCC4)nc2c1F)N1CC2CCC(C1)N2,US,0,0,0,0,,4492.4,
US_271,Oc1cccc(c1)-c1ncc2c(nc(OCC34CCCN3CCC4)nc2c1F)N1CC2CCC(C1)N2,US,0,0,0,0,,1621.9,
US_272,Cc1ccccc1-c1ncc2c(nc(OCC34CCCN3CCC4)nc2c1F)N1CC2CCC(C1)N2,US,0,0,0,0,,1178.7,
US_273,COc1ccccc1-c1ncc2c(nc(OCC34CCCN3CCC4)nc2c1F)N1CC2CCC(C1)N2,US,0,0,0,0,,1340.8,
US_274,Cc1c(Cl)cccc1-c1ncc2c(nc(OCC34CCCN3CCC4)nc2c1F)N1CC2CCC(C1)N2,US,0,0,0,0,,35.9,4706.4
US_275,Cc1cccc(c1C)-c1ncc2c(nc(OCC34CCCN3CCC4)nc2c1F)N1CC2CCC(C1)N2,US,0,0,0,0,,53.8,7058.7
US_276,Cc1cccc(c1Cl)-c1ncc2c(nc(OCC34CCCN3CCC4)nc2c1F)N1CC2CCC(C1)N2,US,0,0,0,0,,16.2,3789.2
US_277,Fc1c(ncc2c(nc(OCC34CCCN3CCC4)nc12)N1CC2CCC(C1)N2)-c1cccc(Cl)c1Cl,US,0,0,0,0,,35.2,3675
US_278,[C@H]12CN(C[C@H](CC1)N2)C=2C1=C(N=C(N2)OCC23CCCN3CCC2)C(=C(N=C1)C1=CC=CC2=CC=CC(=C12)C#C[2H])F,US,0,0,0,0,,0.7,104.4
US_279,Oc1ccc(CC#C)c(c1)-c1ncc2c(nc(OCC34CCCN3CCC4)nc2c1F)N1CC2CCC(C1)N2,US,0,0,0,0,,1.6,7401.8
US_280,COCCNC(=O)O[C@@H]1C[C@@H](COc2nc(N3CC4CCC(C3)N4)c3cnc(c(F)c3n2)-c2cccc3cccc(Cl)c23)N(C)C1,US,0,0,0,0,,99.8,6115.7
US_281,F[C@H]1CN2CCC[C@@]2(COc2nc(N3CC4CCC(C3)N4)c3cnc(c(F)c3n2)-c2cccc3ccc(F)c(C#C)c23)C1,US,0,0,0,0,,0.9,97.8
US_282,[C@H]12CN(C[C@H](CC1)N2)C=2C1=C(N=C(N2)OC[C@]23CCCN3C[C@@H](C2)F)C(=C(N=C1)C1=CC(=CC2=CC=CC(=C12)F)O)F,US,0,0,0,0,,0.7,4.9
US_283,[C@H]12CN(C[C@H](CC1)N2)C=2C1=C(N=C(N2)OC[C@]23CCCN3C[C@@H](C2)F)C(=C(N=C1)C=1C=C(C=C(C1C1CC1)Cl)O)F,US,0,0,0,0,,0.7,7
US_284,Oc1cc(Cl)c(c(c1)-c1ncc2c(nc(OC[C@@]34CCCN3C[C@H](F)C4)nc2c1F)N1CC2CCC(C1)N2)C(F)(F)F,US,0,0,0,0,,0.1,17.4
US_285,F[C@@H]1C[C@H]1c1ccccc1-c1ncc2c(nc(OCC34CCCN3CCC4)nc2c1F)N1CC2CCC(C1)N2,US,0,0,0,1,,279,
US_286,C[C@@H]1C[C@@H]1c1ccccc1-c1ncc2c(nc(OCC34CCCN3CCC4)nc2c1F)N1CC2CCC(C1)N2,US,0,0,0,0,,17.2,1733.1
US_287,C[C@H]1C[C@H]1c1ccccc1-c1ncc2c(nc(OCC34CCCN3CCC4)nc2c1F)N1CC2CCC(C1)N2,US,0,0,0,0,,90.7,8067.4
US_288,C[C@@H]1C[C@H]1c1ccccc1-c1ncc2c(nc(OCC34CCCN3CCC4)nc2c1F)N1CC2CCC(C1)N2,US,0,0,0,0,,589.5,
US_289,C[C@H]1C[C@@H]1c1ccccc1-c1ncc2c(nc(OCC34CCCN3CCC4)nc2c1F)N1CC2CCC(C1)N2,US,0,0,0,0,,218.4,
US_290,CC(C)c1c(F)cc(O)cc1-c1ncc2c(nc(OC[C@@]34CCCN3C[C@H](F)C4)nc2c1F)N1CC2CCC(C1)N2,US,0,0,0,0,,2.1,110.5
US_291,CC(C)c1c(Cl)cc(O)cc1-c1ncc2c(nc(OC[C@@]34CCCN3C[C@H](F)C4)nc2c1F)N1CC2CCC(C1)N2,US,0,0,0,0,,1.6,46.5
US_292,Fc1cccc(-c2ncc3c(nc(OCC45CCCN4CCC5)nc3c2F)N2CC3CCC(C2)N3)c1C(F)(F)F,US,0,0,0,0,,13.1,1696
US_293,FC(F)c1ccccc1-c1ncc2c(nc(OCC34CCCN3CCC4)nc2c1F)N1CC2CCC(C1)N2,US,0,0,0,0,,692.3,
US_294,Cc1c(F)cccc1-c1ncc2c(nc(OCC34CCCN3CCC4)nc2c1F)N1CC2CCC(C1)N2,US,0,0,0,0,,620.4,
US_295,CCc1ccccc1-c1ncc2c(nc(OCC34CCCN3CCC4)nc2c1F)N1CC2CCC(C1)N2,US,0,0,0,0,,191.5,
US_296,CN(C)c1ccccc1-c1ncc2c(nc(OCC34CCCN3CCC4)nc2c1F)N1CC2CCC(C1)N2,US,0,0,0,0,,111.5,8472
US_297,Fc1c(ncc2c(nc(OCC34CCCN3CCC4)nc12)N1CC2CCC(C1)N2)-c1ccccc1C1CC1,US,0,0,0,0,,88.9,6562
US_298,CC(C)c1c(Cl)cccc1-c1ncc2c(nc(OCC34CCCN3CCC4)nc2c1F)N1CC2CCC(C1)N2,US,0,0,0,0,,8.3,1228.7
US_299,CC(C)c1c(F)cccc1-c1ncc2c(nc(OCC34CCCN3CCC4)nc2c1F)N1CC2CCC(C1)N2,US,0,0,0,0,,131.7,5555.6
US_300,CCC(C)c1ccccc1-c1ncc2c(nc(OCC34CCCN3CCC4)nc2c1F)N1CC2CCC(C1)N2,US,0,0,0,0,,767.8,
US_301,CC(C)c1c(C)cccc1-c1ncc2c(nc(OCC34CCCN3CCC4)nc2c1F)N1CC2CCC(C1)N2,US,0,0,0,0,,35.1,3173.2
US_302,FC(F)Oc1c(F)cccc1-c1ncc2c(nc(OCC34CCCN3CCC4)nc2c1F)N1CC2CCC(C1)N2,US,0,0,0,0,,43.6,1993.3
US_303,FC(F)Oc1ccccc1-c1ncc2c(nc(OCC34CCCN3CCC4)nc2c1F)N1CC2CCC(C1)N2,US,0,0,0,0,,357.3,
US_304,Fc1cccc(-c2ncc3c(nc(OCC45CCCN4CCC5)nc3c2F)N2CC3CCC(C2)N3)c1C1CC1,US,0,0,0,0,,29.2,1415.1
US_305,CC1(CC1)c1ccccc1-c1ncc2c(nc(OCC34CCCN3CCC4)nc2c1F)N1CC2CCC(C1)N2,US,0,0,0,0,,366.8,
US_306,CC(C)c1ccncc1-c1ncc2c(nc(OCC34CCCN3CCC4)nc2c1F)N1CC2CCC(C1)N2,US,0,0,0,0,,260.4,
US_307,CC(C)c1ncccc1-c1ncc2c(nc(OCC34CCCN3CCC4)nc2c1F)N1CC2CCC(C1)N2,US,0,0,0,0,,3164.3,
US_308,CN(C)Cc1ccc(COCCNC(=O)O[C@@H]2C[C@@H](COc3nc(N4CC5CCC(C4)N5)c4cnc(c(F)c4n3)-c3cccc4cccc(Cl)c34)N(C)C2)cc1,US,0,0,0,0,,117.4,5555.6
US_309,CC(C)c1ccccc1-c1ncc2c(nc(OCC34CCCN3CCC4)nc2c1F)N1CC2CCC(C1)N2,US,0,0,0,0,,204.7,
US_310,Fc1c(ncc2c(nc(OCC34CCCN3CCC4)nc12)N1CC2CCC(C1)N2)-c1ccccc1Cl,US,0,0,0,0,,558.7,
US_311,COc1c(Cl)cccc1-c1ncc2c(nc(OCC34CCCN3CCC4)nc2c1F)N1CC2CCC(C1)N2,US,0,0,0,0,,135.3,
US_312,CCc1c(Cl)cccc1-c1ncc2c(nc(OCC34CCCN3CCC4)nc2c1F)N1CC2CCC(C1)N2,US,0,0,0,0,,9,1877.6
US_313,COc1c(C)cccc1-c1ncc2c(nc(OCC34CCCN3CCC4)nc2c1F)N1CC2CCC(C1)N2,US,0,0,0,0,,231.3,
US_314,CCc1c(F)ccc2cc(O)cc(-c3ncc4c(nc(OCC56CCCN5CCC6)nc4c3F)N3CC4CCC(C3)N4)c12,US,0,0,0,0,,0.6,3.7
US_315,OCCc1ccccc1-c1ncc2c(nc(OCC34CCCN3CCC4)nc2c1F)N1CC2CCC(C1)N2,US,0,0,0,0,,2537.4,
US_316,Cc1cccc(F)c1-c1ncc2c(nc(OCCc3nccn3C)nc2c1F)N1CC2CCC(C1)N2,US,0,0,0,0,157480.3,10000,
US_317,COc1nc(N2CC3CCC(C2)N3)c2cnc(c(F)c2n1)-c1cccc2cccc(C)c12,US,0,0,0,0,91269.8,10000,
US_318,CN1CCC[C@H]1COc1nc(N2CC3CCC(C2)N3)c2cnc(c(F)c2n1)-c1cccc2C(O)CCc12,US,0,0,0,0,367549.7,10000,
US_319,CCOC(=O)CCCOc1nc(N2CC3CCC(C2)N3)c2cnc(c(F)c2n1)-c1cccc2cccc(Cl)c12,US,0,0,0,0,255881.2,10000,
US_320,Oc1ccc(CCCOc2nc(N3CC4CCC(C3)N4)c3cnc(c(F)c3n2)-c2cccc3cccc(Cl)c23)cc1C=O,US,0,0,0,0,71584.2,10000,
US_321,CN1CCC[C@H]1COc1nc(N2CC3CCC(C2)N3)c2cnc(c(F)c2n1)-c1cccc2ccc(C)cc12,US,0,0,0,0,,612.8,16666.7
US_322,Fc1c(ncc2c(nc(OCC34CCCN3CCC4)nc12)N1CC2CCC(C1)N2)-c1cccc(Cl)c1C1CC1,US,0,0,0,0,,4.9,664.8
US_323,CN1CCCC1(CO)COc1nc(N2CC3CCC(C2)N3)c2cnc(c(F)c2n1)-c1cccc2ccccc12,US,0,0,0,0,,1689.3,
US_324,CCc1cccc2cncc(-c3ncc4c(nc(OCC56CCCN5C[C@H](F)C6)nc4c3F)N3CC4CCC(C3)N4)c12,US,0,1,0,1,,10.2,863.9
US_325,CC1(C)CN2C[C@H](F)CC2(COc2nc(N3CC4CCC(C3)N4)c3cnc(c(F)c3n2)-c2cccc3cccc(Cl)c23)C1,US,0,1,0,1,,140.9,16666.7
US_326,Oc1cc(-c2ncc3c(nc(OC[C@]45CCCN4C[C@@H](F)C5)nc3c2F)N2CC3CCC(C2)N3)c2ccccc2c1,US,0,0,0,0,,1.9,121.6
US_327,Oc1cc(-c2ncc3c(nc(OC[C@@]45CCCN4C[C@H](F)C5)nc3c2F)N2CC3CCC(C2)N3)c2ccccc2c1,US,0,0,0,0,,1.9,31.4
US_328,Fc1c(ncc2c(nc(OCC34CCCN3CCC4)nc12)N1CC2CCC(C1)N2)-c1cccc(Cl)c1C(F)(F)F,US,0,0,0,0,,9.4,896.9
US_329,CSc1ccccc1-c1ncc2c(nc(OCC34CCCN3CCC4)nc2c1F)N1CC2CCC(C1)N2,US,0,0,0,0,,202.5,
US_330,Oc1cc(-c2ncc3c(nc(OCC45CCCN4C[C@H](F)C5)nc3c2F)N2CC3CCC(C2)N3)c2c(Cl)cccc2c1,US,0,1,0,1,,2.5,11.8
US_331,Cc1ccc2[nH]ncc2c1-c1ncc2c(nc(OCC34CCCN3C[C@H](F)C4)nc2c1F)N1CC2CCC(C1)N2,US,0,1,0,1,,114.4,10826
US_332,Cc1ccc2[nH]ncc2c1-c1ncc2c(nc(OCC34CCCN3CCC4)nc2c1F)N1CC2CCC(C1)N2,US,0,0,0,0,,163.9,16666.7
US_333,Oc1cc(-c2ncc3c(nc(OC[C@@]45CCCN4C[C@H](F)C5)nc3c2F)N2CC3C[C@H](C(C2)N3)n2cncn2)c2ccccc2c1,US,0,1,0,1,,450.5,
US_334,Cc1cccc2cccc(-c3ncc4c(nc(OCC56CCCN5CCC6)nc4c3F)N3CC4CCC(C3)N4)c12,US,0,0,0,0,,10,2909.3
US_335,Fc1c(ncc2c(nc(OCC34CCCN3CCC4)nc12)N1CC2CCC(C1)N2)-c1cccc2cccc(C3CC3)c12,US,0,0,0,0,,25.8,10440.5
US_336,F[C@H]1CN2CCC[C@@]2(COc2nc(N3CC4CCC(C3)N4)c3cnc(c(F)c3n2)-c2cccc3ccc(F)c(Cl)c23)C1,US,0,1,0,1,,3.1,1057.2
US_337,CN1CCC[C@H]1COc1nc(N2CC3CCC(C2)N3)c2cnc(c(F)c2n1)-c1c(Cl)c(O)cc2ccccc12,US,0,0,0,0,,2.2,1620.7
US_338,Oc1cc(-c2ncc3c(nc(OCC45CCCN4CCC5)nc3c2F)N2C[C@H]3C[C@@H](CC#N)[C@@H](C2)N3)c2ccccc2c1,US,0,0,0,0,,33.1,16666.7
US_339,Oc1cc(-c2ncc3c(nc(OC[C@@]45CCCN4C[C@H](F)C5)nc3c2F)N2C[C@H]3C[C@@H](CC#N)[C@@H](C2)N3)c2ccccc2c1,US,0,1,0,1,21.6,21,8659.5
US_340,Oc1ccc(OC(F)(F)F)c(c1)-c1ncc2c(nc(OCC34CCCN3C[C@H](F)C4)nc2c1F)N1CC2CCC(C1)N2,US,0,1,0,1,,0.4,51.5
US_341,Oc1ccc(OC(F)(F)F)c(c1)-c1ncc2c(nc(OCC34CCCN3CCC4)nc2c1F)N1CC2CCC(C1)N2,US,0,0,0,0,,0.7,837.3
US_342,F[C@H]1CN2CCCC2(COc2nc(N3CC4CCC(C3)N4)c3cnc(c(F)c3n2)-c2cccc(Cl)c2C2CC2)C1,US,0,1,0,1,,3.4,1001.2
US_343,F[C@H]1CN2CCCC2(COc2nc(N3CC4CCC(C3)N4)c3cnc(c(F)c3n2)-c2c(ccc3[nH]ncc23)C(F)(F)F)C1,US,0,1,0,1,,10.4,1616.5
US_344,Fc1c(ncc2c(nc(OCC34CCCN3CCC4)nc12)N1CC2CCC(C1)N2)-c1c(ccc2[nH]ncc12)C(F)(F)F,US,0,0,0,0,,10.9,8069.6
US_345,Fc1c(ncc2c(nc(OCC34CCCN3CCC4)nc12)N1CC2CCC(C1)N2)-c1cccc2cccc(OC(F)(F)F)c12,US,0,0,0,0,,10.6,1468.2
US_346,FC(F)Oc1cccc2cccc(-c3ncc4c(nc(OCC56CCCN5CCC6)nc4c3F)N3CC4CCC(C3)N4)c12,US,0,0,0,0,,10.5,1351.5
US_347,FCC1CCC2(COc3nc(N4CC5CCC(C4)N5)c4cnc(c(F)c4n3)-c3cccc4ccccc34)CCCN12,US,0,0,1,0,,2.1,458.9
US_348,CC(C)c1ccccc1-c1ncc2c(nc(OCC34CCCN3C[C@H](F)C4)nc2c1F)N1CC2CCC(C1)N2,US,0,1,0,1,,15.5,778.6
US_349,Fc1c(ncc2c(nc(OCC34CCCN3CCC4)nc12)N1CC2CCC(C1)N2)-c1c(Cl)ccc2ccccc12,US,0,0,0,0,,560.7,
US_350,Oc1c(F)cc(F)c(c1F)-c1ncc2c(nc(OCC34CCCN3CCC4)nc2c1F)N1CC2CCC(C1)N2,US,0,0,0,0,,3822.1,
US_351,CO[C@H]1CN[C@H](COc2nc(N3CC4CCC(C3)N4)c3cnc(c(F)c3n2)-c2cccc3cccc(Cl)c23)C1,US,0,0,0,0,,94.8,16666.7
US_352,Fc1c(ncc2c(nc(OC[C@@H]3CC(F)(F)CN3)nc12)N1CC2CCC(C1)N2)-c1cccc2cccc(Cl)c12,US,1,0,0,0,,844.8,
US_353,CN1C[C@@H](C[C@H]1COc1nc(N2CC3CCC(C2)N3)c2cnc(c(F)c2n1)-c1cccc2cccc(Cl)c12)NC(=O)c1ccc(C=O)cc1,US,0,0,0,0,,333.4,
US_354,CN1C[C@@H](C[C@H]1COc1nc(N2CC3CCC(C2)N3)c2cnc(c(F)c2n1)-c1cccc2cccc(Cl)c12)NC(=O)c1cccc(C=O)c1,US,0,0,0,0,,368.1,
US_355,CN1C[C@@H](C[C@H]1COc1nc(N2CC3CCC(C2)N3)c2cnc(c(F)c2n1)-c1cccc2cccc(Cl)c12)NC(=O)c1ccccc1C=O,US,0,0,0,0,,869.9,
US_356,CN1CC[C@@H](COc2nc(N3CC4CCC(C3)N4)c3cnc(c(F)c3n2)-c2cccc3cccc(Cl)c23)C1,US,0,0,0,0,,87.2,11920.1
US_357,CN1CC[C@H](COc2nc(N3CC4CCC(C3)N4)c3cnc(c(F)c3n2)-c2cccc3cccc(Cl)c23)C1,US,0,0,0,0,,438,
US_358,CN1CC[C@H](C1)Oc1nc(N2CC3CCC(C2)N3)c2cnc(c(F)c2n1)-c1cccc2cccc(Cl)c12,US,0,0,0,0,,1980.6,
US_359,CN1CC[C@@H](C1)Oc1nc(N2CC3CCC(C2)N3)c2cnc(c(F)c2n1)-c1cccc2cccc(Cl)c12,US,0,0,0,0,,1637.1,
US_360,COc1nc(N2CC3CCC(C2)N3)c2cnc(c(F)c2n1)-c1cc(O)cc2cccc(Cl)c12,US,0,0,0,0,,50.8,8353.4
US_361,COc1ccc(OC(F)(F)F)c(c1)-c1ncc2c(nc(OC[C@@]34CCCN3C[C@H](F)C4)nc2c1F)N1CC2CCC(C1)N2,US,0,1,0,1,,2700.3,
US_362,CC(C)(C)c1ccccc1-c1ncc2c(nc(OC[C@@]34CCCN3C[C@H](F)C4)nc2c1F)N1CC2CCC(C1)N2,US,0,1,0,1,,105.8,10457
US_363,CNC(C)COc1nc(N2CC3CCC(C2)N3)c2cnc(c(F)c2n1)-c1cccc2cccc(Cl)c12,US,1,0,0,0,,3932.5,
US_364,CC(C)c1cccc2cc(O)cc(-c3ncc4c(nc(OC[C@@]56CCCN5C[C@H](F)C6)nc4c3F)N3CC4CCC(C3)N4)c12,US,0,1,0,1,,2.3,322
US_365,Cc1ccc(O)cc1-c1ncc2c(nc(OCC34CCCN3C[C@H](F)C4)nc2c1F)N1CC2CCC(C1)N2,US,0,1,0,1,,34.9,3949
US_366,[C@H]12CN(C[C@H](CC1)N2)C=2C1=C(N=C(N2)OCC23CCCN3CC(C2)F)C(=C(N=C1)C1=CC(=CC2=CC=CC(=C12)F)O)F,US,0,1,0,1,,0.5,7
US_367,Oc1cc(-c2ncc3c(nc(OCC45CCCN4CCC5)nc3c2F)N2CC3CCC(C2)N3)c2c(F)cccc2c1,US,1,0,0,0,,0.7,111.8
US_368,[C@H]12CN(C[C@H](CC1)N2)C=2C1=C(N=C(N2)OCC23CCCN3CC(C2)F)C(=C(N=C1)C1=C(C=CC=C1)C1CC1)F,US,0,1,0,1,,207.6,
US_369,Oc1cccc(F)c1-c1ncc2c(nc(OCC34CCCN3C[C@H](F)C4)nc2c1F)N1CC2CCC(C1)N2,US,0,1,0,1,,221.4,
US_370,Fc1c(ncc2c(nc(OCC34CCCN3CCC4)nc12)N1CC2CCC(C1)N2)-c1ccccc1C(F)(F)F,US,0,0,0,0,,86.1,10730.6
US_371,F[C@H]1CN2CCCC2(COc2nc(N3CC4CCC(C3)N4)c3cnc(c(F)c3n2)-c2ccccc2C2CCC2)C1,US,0,1,0,1,,394.2,
US_372,CSc1cccc2cc(O)cc(-c3ncc4c(nc(OCC56CCCN5C[C@H](F)C6)nc4c3F)N3CC4CCC(C3)N4)c12,US,0,1,0,1,,0.7,10.5
US_373,Oc1ccc(c(c1)-c1ncc2c(nc(OCC34CCCN3CCC4)nc2c1F)N1CC2CCC(C1)N2)C(F)(F)F,US,0,0,0,0,,1.6,16666.7
US_374,C[C@H](N)COc1nc(N2CC3CCC(C2)N3)c2cnc(c(F)c2n1)-c1cccc2cccc(Cl)c12,US,1,0,0,0,,347.9,
US_375,Oc1ccc(c(c1)-c1ncc2c(nc(OC[C@@]34CCCN3C[C@H](F)C4)nc2c1F)N1CC2CCC(C1)N2)C(F)(F)F,US,0,1,0,1,,1.7,1310.3
US_376,Cc1cc2[nH]ncc2c(c1Cl)-c1ncc2c(nc(OC[C@@]34CCCN3C[C@H](F)C4)nc2c1F)N1CC2CCC(C1)N2,US,0,1,0,1,,2.6,582.3
US_377,Cc1cccc(O)c1-c1ncc2c(nc(OC[C@@]34CCCN3C[C@H](F)C4)nc2c1F)N1CC2CCC(C1)N2,US,0,1,0,1,,416.9,
US_378,CN1CCc2cccc(Oc3nc(N4CC5CCC(C4)N5)c4cnc(c(F)c4n3)-c3cccc4cccc(Cl)c34)c2C1,US,0,0,0,0,,6250,
US_379,Fc1c(ncc2c(nc(OC[C@@]34CCCN3CC[C@@H]4C#N)nc12)N1CC2CCC(C1)N2)-c1cccc2cccc(Cl)c12,US,0,0,1,1,,248.7,
US_380,Nc1ccc(Cl)c(F)c1-c1ncc2c(nc(OC[C@@]34CCCN3C[C@H](F)C4)nc2c1F)N1CC2CCC(C1)N2,US,1,1,0,1,,65.7,16666.7
US_381,CCc1c(F)ccc2cccc(-c3ncc4c(nc(OC[C@@]56CCCN5C[C@H](F)C6)nc4c3F)N3CC4CCC(C3)N4)c12,US,0,0,0,0,,0.7,708.4
US_382,Fc1c(ncc2c(nc(OC[C@@]34CCCN3C[C@H](C4)C(F)(F)F)nc12)N1CC2CCC(C1)N2)-c1cccc2cccc(Cl)c12,US,0,0,1,0,,21.1,16666.7
US_383,F[C@H]1CN2CCC[C@@]2(COc2nc(N3CC4CCC(C3)N4)c3cnc(c(F)c3n2)-c2ccccc2CC(F)(F)F)C1,US,0,1,0,1,,585.9,
US_384,Oc1cc(-c2ncc3c(nc(OCC45CCCN4C(CF)CC5)nc3c2F)N2CC3CCC(C2)N3)c2ccccc2c1,US,0,0,1,0,,2.4,398.2
US_385,COc1cc(-c2ncc3c(nc(OC[C@@]45CCCN4C[C@H](F)C5)nc3c2F)N2CC3CCC(C2)N3)c2ccccc2c1,US,0,1,0,1,,3083.3,16666.7
US_386,Oc1ccc(SC(F)(F)F)c(c1)-c1ncc2c(nc(OC[C@@]34CCCN3C[C@H](F)C4)nc2c1F)N1CC2CCC(C1)N2,US,0,1,0,1,,2,320.3
US_387,CC(C)(N)COc1nc(N2CC3CCC(C2)N3)c2cnc(c(F)c2n1)-c1cccc2cccc(Cl)c12,US,1,0,0,0,,532.8,
US_388,COC1CN2CCCC2(COc2nc(N3CC4CCC(C3)N4)c3cnc(c(F)c3n2)-c2cc(O)cc3cccc(F)c23)C1,US,0,0,1,1,,0.6,40.2
US_389,COC[C@H]1CC[C@@]2(COc3nc(N4CC5CCC(C4)N5)c4cnc(c(F)c4n3)-c3cc(O)cc4ccccc34)CCCN12,US,0,0,1,1,,1.4,780.7
US_390,COC(c1ccc(O)cc1-c1ncc2c(nc(OC[C@@]34CCCN3C[C@H](F)C4)nc2c1F)N1CC2CCC(C1)N2)C(F)(F)F,US,0,1,0,1,,36.8,6108.7
US_391,Cc1cc(-c2ncc3c(nc(OC[C@@]45CCCN4C[C@H](F)C5)nc3c2F)N2CC3CCC(C2)N3)c2cn[nH]c2c1,US,0,1,0,1,,661.7,
US_392,Oc1cccc(OC(F)(F)F)c1-c1ncc2c(nc(OC[C@@]34CCCN3C[C@H](F)C4)nc2c1F)N1CC2CCC(C1)N2,US,0,1,0,1,,208.2,
US_393,Oc1cc(-c2ncc3c(nc(OCCC(F)(F)F)nc3c2F)N2CC3CCC(C2)N3)c2c(Cl)cccc2c1,US,0,0,0,0,,76.3,7579.3
US_394,CC(C)c1cccc(C(C)C)c1-c1ncc2c(nc(OC[C@@]34CCCN3C[C@H](F)C4)nc2c1F)N1CC2CCC(C1)N2,US,0,1,0,1,,2500,
US_395,O[C@@H]1C[C@@H]2CN(C[C@H]1N2)c1nc(OC[C@@]23CCCN2C[C@H](F)C3)nc2c(F)c(ncc12)-c1cccc2cccc(Cl)c12,US,0,1,0,1,2.6,6.9,1089.1
US_396,F[C@H]1CN2CCC[C@@]2(COc2nc(N3CC4CC(F)C(C3)N4)c3cnc(c(F)c3n2)-c2cccc3cccc(Cl)c23)C1,US,0,1,0,1,34.8,206.8,8173.3
US_397,CO[C@@H]1C[C@@H]2CN(C[C@H]1N2)c1nc(OC[C@@]23CCCN2C[C@H](F)C3)nc2c(F)c(ncc12)-c1cccc2cccc(Cl)c12,US,0,1,0,1,183.2,886.9,16666.7
US_398,CN1CCC(F)(COc2nc(N3CC4CCC(C3)N4)c3cnc(c(F)c3n2)-c2cccc3cccc(Cl)c23)CC1,US,0,0,0,0,,593.2,
US_399,CC(C)c1ccc(O)cc1-c1ncc2c(nc(OC[C@@]34CCCN3C[C@H](F)C4)nc2c1F)N1CC2CCC(C1)N2,US,0,1,0,1,,2.7,509.9
US_400,Oc1cc(-c2ncc3c(nc(OCC45CCCN4C(CF)CC5)nc3c2F)N2CC3CCC(C2)N3)c2c(Cl)cccc2c1,US,0,0,1,0,,4.2,260.6
US_401,Cc1c(Cl)cc2[nH]ncc2c1-c1ncc2c(nc(OC[C@@]34CCCN3C[C@H](F)C4)nc2c1F)N1CC2CCC(C1)N2,US,0,1,0,1,,2.8,603.5
US_402,CC(C)(O)c1ccccc1-c1ncc2c(nc(OC[C@@]34CCCN3C[C@H](F)C4)nc2c1F)N1CC2CCC(C1)N2,US,0,1,0,1,,8017.6,
US_403,CC(C)c1ccc(O)cc1-c1ncc2c(nc(OCC34CCCN3CCC4)nc2c1F)N1CC2CCC(C1)N2,US,0,0,0,0,,1.9,2881
US_404,COC1(CN2CCCC2(COc2nc(N3CC4CCC(C3)N4)c3cnc(c(F)c3n2)-c2cccc3cccc(Cl)c23)C1)OC,US,0,0,1,0,,60.8,8331.6
US_405,CN(C)C(=O)OC[C@H]1CC[C@@]2(COc3nc(N4CC5CCC(C4)N5)c4cnc(c(F)c4n3)-c3cccc4cccc(Cl)c34)CCCN12,US,0,0,1,1,,2.2,297
US_406,CO[C@H]1CN2CCC[C@]2(COc2nc(N3CC4CCC(C3)N4)c3cnc(c(F)c3n2)-c2cc(O)cc3cccc(F)c23)C1,US,0,0,1,0,,0.9,440.3
US_407,CC(C)(F)c1ccccc1-c1ncc2c(nc(OC[C@@]34CCCN3C[C@H](F)C4)nc2c1F)N1CC2CCC(C1)N2,US,0,1,0,1,,560,
US_408,CNC(=O)OC[C@H]1CC[C@@]2(COc3nc(N4CC5CCC(C4)N5)c4cnc(c(F)c4n3)-c3cccc4cccc(Cl)c34)CCCN12,US,0,0,1,1,,3.1,238
US_409,F[C@H]1CN2CCC[C@@]2(COc2nc(N3CC4CCC(C3)N4)c3cnc(c(F)c3n2)-c2ccccc2C#N)C1,US,0,1,0,1,,2231.4,
US_410,CO[C@H]1CN2CCC[C@@]2(COc2nc(N3CC4CCC(C3)N4)c3cnc(c(F)c3n2)-c2cc(O)cc3cccc(C#C)c23)C1,US,0,0,1,1,,1,8
US_411,COC(=O)NC[C@H]1CC[C@@]2(COc3nc(N4CC5CCC(C4)N5)c4cnc(c(F)c4n3)-c3cccc4cccc(Cl)c34)CCCN12,US,0,0,1,1,,17,745.3
US_412,CN(C)C(=O)NC[C@H]1CC[C@@]2(COc3nc(N4CC5CCC(C4)N5)c4cnc(c(F)c4n3)-c3cccc4cccc(Cl)c34)CCCN12,US,0,0,1,1,,17.7,4779.3
US_413,CC(=O)NC[C@H]1CC[C@@]2(COc3nc(N4CC5CCC(C4)N5)c4cnc(c(F)c4n3)-c3cccc4cccc(Cl)c34)CCCN12,US,0,0,1,1,,9.2,2156.3
US_414,F[C@H]1CN2CCC[C@@]2(COc2nc(N3CC4CCC(C3)N4)c3cnc(c(F)c3n2)-c2ccccc2Cl)C1,US,0,1,0,1,,873.2,
US_415,F[C@H]1CN2CCC[C@@]2(COc2nc(N3CC4CCC(C3)N4)c3cnc(c(F)c3n2)-c2cnccc2C(F)(F)F)C1,US,0,1,0,1,,2578.3,
US_416,CC(C)Oc1ccccc1-c1ncc2c(nc(OC[C@@]34CCCN3C[C@H](F)C4)nc2c1F)N1CC2CCC(C1)N2,US,0,1,0,1,,1946.5,
US_417,CC(C)Cc1ccccc1-c1ncc2c(nc(OC[C@@]34CCCN3C[C@H](F)C4)nc2c1F)N1CC2CCC(C1)N2,US,0,1,0,1,,594.7,
US_418,Fc1c(ncc2c(nc(OC[C@]34CCCN3[C@@H](Cn3cccn3)CC4)nc12)N1CC2CCC(C1)N2)-c1cccc2cccc(Cl)c12,US,0,0,1,1,,7.5,2741.5
US_419,F[C@H]1CN2CCC[C@@]2(COc2nc(N3CC4CCC(C3)N4)c3cnc(c(F)c3n2)-c2cccc3cccc(c23)C(F)(F)F)C1,US,0,1,0,1,,50.9,2776.1
US_420,CS(=O)(=O)NC[C@H]1CC[C@@]2(COc3nc(N4CC5CCC(C4)N5)c4cnc(c(F)c4n3)-c3cccc4cccc(Cl)c34)CCCN12,US,0,0,1,1,,20,7816.4
US_421,CC(C)c1ncccc1-c1ncc2c(nc(OC[C@@]34CCCN3C[C@H](F)C4)nc2c1F)N1CC2CCC(C1)N2,US,0,0,0,0,,7746.7,
US_422,Fc1c(ncc2c(nc(OCC34CCCN3CCC4)nc12)N1CC2CCC(C1)N2)-c1cccc2CCC=C(c12)C(F)(F)F,US,0,0,0,0,,11.4,2357.8
US_423,COCc1cccc2cccc(-c3ncc4c(nc(OC[C@@]56CCCN5C[C@H](F)C6)nc4c3F)N3CC4CCC(C3)N4)c12,US,0,1,0,1,,238,
US_424,Oc1ccc(CC(F)(F)F)c(c1)-c1ncc2c(nc(OC[C@@]34CCCN3C[C@H](F)C4)nc2c1F)N1CC2CCC(C1)N2,US,0,1,0,1,,5,680.9
US_425,FC1CN2CC(F)CC2(COc2nc(N3CC4CCC(C3)N4)c3cnc(c(F)c3n2)-c2cccc3cccc(Cl)c23)C1,US,0,0,1,0,,90.2,5414.1
US_426,CCc1c(F)ccc2cccc(-c3ncc4c(nc(OCC56CCCN5CCC6)nc4c3F)N3CC4CCC(C3)N4)c12,US,0,0,0,0,,0.9,228
US_427,CCn1ccc2cccc(-c3ncc4c(nc(OCC56CCCN5CCC6)nc4c3F)N3CC4CCC(C3)N4)c12,US,0,0,0,0,,35.3,1981.7
US_428,F[C@H]1CN2CCC[C@@]2(COc2nc(N3CC4CCC(C3)N4)c3cnc(c(F)c3n2)-c2cccc3CCCc23)C1,US,0,1,0,1,,92.1,6964.4
US_429,CC1CCc2cccc(c12)-c1ncc2c(nc(OC[C@@]34CCCN3C[C@H](F)C4)nc2c1F)N1CC2CCC(C1)N2,US,0,1,0,1,,18.5,1696
US_430,F[C@H]1CN2CCC[C@@]2(COc2nc(N3CC4CCC(C3)N4)c3cnc(c(F)c3n2)-c2cccc3ccc(F)c(F)c23)C1,US,0,1,0,1,,1,141
US_431,CCc1cccc2cccc(-c3ncc4c(nc(OC[C@]56CCCN5[C@@H](COC(=O)N5CCOCC5)CC6)nc4c3F)N3CC4CCC(C3)N4)c12,US,0,0,0,1,,1.4,74.3
US_432,CCc1cccc2cccc(-c3ncc4c(nc(OC[C@]56CCCN5[C@@H](COC(=O)NC)CC6)nc4c3F)N3CC4CCC(C3)N4)c12,US,0,0,0,1,,1.9,106.3
US_433,CCc1cccc2cc(O)cc(-c3ncc4c(nc(OC[C@]56CCCN5[C@@H](COC(=O)NC)CC6)nc4c3F)N3CC4CCC(C3)N4)c12,US,0,1,0,1,,0.9,43.2
US_434,CCc1cccc2cc(O)cc(-c3ncc4c(nc(OC[C@]56CCCN5[C@@H](COC(=O)N(C)C)CC6)nc4c3F)N3CC4CCC(C3)N4)c12,US,0,1,0,1,,0.7,6.7
US_435,CNC(=O)O[C@@H]1CN2CCC[C@]2(COc2nc(N3CC4CCC(C3)N4)c3cnc(c(F)c3n2)-c2cccc3cccc(Cl)c23)C1,US,0,1,0,1,,28.2,1822.4
US_436,Fc1c(ncc2c(nc(OC[C@]34CCCN3C[C@H](C4)OC(=O)N3CCOCC3)nc12)N1CC2CCC(C1)N2)-c1cccc2cccc(Cl)c12,US,0,1,0,1,,48.3,3989.5
US_437,F[C@H]1CN2CCC[C@@]2(COc2nc(N3CC4CCC(C3)N4)c3cnc(c(F)c3n2)-c2cccc3CCC(C4CC4)c23)C1,US,0,1,0,1,,233.7,
US_438,F[C@H]1CN2CCC[C@@]2(COc2nc(N3CC4CCC(C3)N4)c3cnc(c(F)c3n2)-c2cccc3C4CC4Cc23)C1,US,0,1,0,1,,20.1,1630.8
US_439,CN(C)C(=O)OC[C@H]1CC[C@@]2(COc3nc(N4CC5CCC(C4)N5)c4cnc(c(F)c4n3)-c3cccc4ccc(F)c(C#C)c34)CCCN12,US,0,1,0,1,,0.4,12.8
US_440,CN(C)C(=O)OC[C@H]1CC[C@@]2(COc3nc(N4CC5CCC(C4)N5)c4cnc(c(F)c4n3)-c3cc(O)cc4ccc(F)c(C#C)c34)CCCN12,US,0,1,0,1,,0.8,8.4
US_441,CCc1c(F)ccc2cc(O)cc(-c3ncc4c(nc(OC[C@]56CCCN5[C@@H](COC(=O)N(C)C)CC6)nc4c3F)N3CC4CCC(C3)N4)c12,US,0,1,0,1,,0.5,4.1
US_442,Fc1c(ncc2c(nc(OC[C@]34CCCN3[C@@H](CN3CCOC3=O)CC4)nc12)N1CC2CCC(C1)N2)-c1cccc2cccc(Cl)c12,US,0,1,0,1,,25,1162
US_443,Fc1c(ncc2c(nc(OC[C@]34CCCN3[C@@H](COC(=O)N3CCCC3)CC4)nc12)N1CC2CCC(C1)N2)-c1cccc2cccc(Cl)c12,US,0,1,0,1,,3.2,160
US_444,Fc1c(ncc2c(nc(OC[C@]34CCCN3[C@@H](COC(=O)N3CCCCC3)CC4)nc12)N1CC2CCC(C1)N2)-c1cccc2cccc(Cl)c12,US,0,1,0,1,,5.5,365
US_445,Fc1c(ncc2c(nc(OC[C@]34CCCN3[C@@H](COC(=O)N3CCOCC3)CC4)nc12)N1CC2CCC(C1)N2)-c1cccc2cccc(Cl)c12,US,0,0,0,0,,2.7,130
US_446,Cn1ccc2cccc(-c3ncc4c(nc(OCC56CCCN5CCC6)nc4c3F)N3CC4CCC(C3)N4)c12,US,0,0,0,0,,357,
US_447,CCCc1ccccc1-c1ncc2c(nc(OCC34CCCN3CCC4)nc2c1F)N1CC2CCC(C1)N2,US,0,0,0,0,,297,
US_448,[C@H]12CN(C[C@H](CC1)N2)C=2C1=C(N=C(N2)OC[C@]23CCCN3C[C@@H](C2)F)C(=C(N=C1)C1=C(C=CC=C1)C1CC1)F,US,0,0,0,0,,130,
US_449,CCc1cccc2cc(O)cc(-c3ncc4c(ncnc4c3F)N3CC4CCC(C3)N4)c12,US,0,0,0,0,,71,
US_450,CC(Oc1nc(N2CC3CCC(C2)N3)c2cnc(c(F)c2n1)-c1cccc2cccc(F)c12)C12CCCN1CCC2,US,0,0,0,0,,37,
US_451,[C@H]12CN(C[C@H](CC1)N2)C=2C1=C(N=C(N2)OC[C@]23CCCN3C[C@@H](C2)F)C(=C(N=C1)C=1C=C(C=C(C1[C@@H]1[C@H](C1)C)Cl)O)F,US,0,0,0,0,,1,78.3
US_452,C[C@@H]1C[C@H]1c1c(Cl)cc(O)cc1-c1ncc2c(nc(OC[C@@]34CCCN3C[C@H](F)C4)nc2c1F)N1CC2CCC(C1)N2,US,0,0,0,0,,1,13.7
US_453,Nc1nc2c(cccc2s1)-c1ncc2c(nc(OCC34CCCN3CCC4)nc2c1F)N1CC2CCC(C1)N2,US,0,0,0,0,,27,
US_454,Fc1c(ncc2c(nc(OCC34CCCN3CCC4)nc12)N1CC2CCC(C1)N2)-c1cccc2scnc12,US,0,0,0,0,,295,
US_455,Nc1nc2c(ccc(F)c2s1)-c1ncc2c(nc(OCC34CCCN3CCC4)nc2c1F)N1CC2CCC(C1)N2,US,0,0,0,0,,17,
US_456,Cc1cc2sc(N)nc2c(c1C)-c1ncc2c(nc(OCC34CCCN3CCC4)nc2c1F)N1CC2CCC(C1)N2,US,0,0,0,0,,966,
US_457,Cc1cc2sc(N)nc2c(c1C)-c1ncc2c(nc(OC[C@@]34CCCN3C[C@H](F)C4)nc2c1F)N1CC2CCC(C1)N2,US,0,0,0,0,,475,
US_458,Cc1ccc2sc(N)nc2c1-c1ncc2c(nc(OCC34CCCN3CCC4)nc2c1F)N1CC2CCC(C1)N2,US,0,0,0,0,,143,
US_459,[C@H]12CN(C[C@H](CC1)N2)C=2C1=C(N=C(N2)CCC23CCCN3CCC2)C(=C(N=C1)C1=CC=CC2=CC=CC(=C12)F)F,US,0,0,0,0,,1600,
US_460,[C@H]12CN(C[C@H](CC1)N2)C=2C1=C(N=C(N2)OCC23CCCN3CCC2)C(=C(N=C1)C1=CC=CC2=CC=C(C=C12)F)F,US,0,0,0,0,,27,
US_461,[C@@H]12OC[C@@H](N(C1)CCOC=1N=C(C3=C(N1)C(=C(N=C3)C3=CC(=CC1=CC=CC=C31)O)F)N3C[C@H]1CC[C@@H](C3)N1)C2,US,0,0,0,0,,62,
US_462,C12CN(CC(CC1)N2)C=2C1=C(N=C(N2)OCC23CCCN3C(CC2)=O)C(=C(N=C1)C1=CC(=CC2=CC=CC=C12)O)F,US,0,0,0,0,,751,
US_463,C12CN(CC(CC1)N2)C=2C1=C(N=C(N2)OCC23CCCCN3CCC2)C(=C(N=C1)C1=CC(=CC2=CC=CC=C12)O)F,US,0,0,0,0,,12,
US_464,[C@H]12CN(C[C@H](CC1)N2)C=2C1=C(N=C(N2)OCC23CCCN3CCC2)C(=C(N=C1)C1=CC=CC2=CC=C(C(=C12)F)F)F,US,0,0,0,0,,7,
US_465,[C@H]12CN(C[C@H](CC1)N2)C=2C1=C(N=C(N2)OC[C@]23CCCN3C[C@@H](C2)F)C(=C(N=C1)C1=CC=CC2=CC=CC(=C12)CC)F,US,0,0,0,0,,1,
US_466,[C@H]12CN(C[C@H](CC1)N2)C3=NC(=NC4=C3C=NC(=C4F)C5=CC=CC6=CC=CC(=C56)CC)OC[C@@]78C[C@@H](CN7C[C@@H](C8)O)O,US,0,0,0,0,,6,
US_467,[C@H]12CN(C[C@H](CC1)N2)C=2C1=C(N=C(N2)OC[C@]23CCCN3C[C@@H](C2)F)C(=C(N=C1)C=1C=C(C=C(C1[C@@H]1[C@@H](C1)C)Cl)O)F,US,0,0,0,0,,2,
US_468,[C@H]12CN(C[C@H](CC1)N2)C=2C1=C(N=C(N2)OC[C@@]23CCCN3C[C@H](C2)F)C(=C(N=C1)C1=CC(=CC2=CC=CC(=C12)CC)O)F,US,0,0,0,0,,2,28.8
US_469,[C@H]12CN(C[C@H](CC1)N2)C=2C1=C(N=C(N2)OC[C@]23CCCCN3C[C@@H](C2)F)C(=C(N=C1)C1=CC(=CC2=CC=C(C(=C12)C#C)F)O)F,US,0,0,0,0,,2,31.6
US_480,[C@H]12CN(C[C@H](CC1)N2)C=2C1=C(N=C(N2)OC([2H])([2H])[C@]23CCC(N3C[C@@H](C2)F)([2H])[2H])C(=C(N=C1)C1=CC(=CC2=CC=CC(=C12)CC)O)F,US,0,0,0,0,,2,
US_481,[C@H]12CN(C[C@H](CC1)N2)C=2C1=C(N=C(N2)OC([2H])([2H])[C@]23CCC(N3C[C@@H](C2)F)([2H])[2H])C(=C(N=C1)C1=CC(=CC2=CC=C(C(=C12)C#C)F)O)F,US,0,0,0,0,,2,
US_482,[C@H]12CN(C[C@H](CC1)N2)C=2C1=C(N=C(N2)OC[C@@]23CCCN3C[C@H](C2)F)C(=C(N=C1)C1=CC(=CC2=CC=C(C(=C12)C#C)F)O)F,US,0,0,0,0,,2,3.4
31678_1,CN(C1(CCC1)CNC=1C2=C(N=C(N1)OC[C@]13CCCN3C[C@@H](C1)F)C(=C(N=C2)C2=CC(=CC1=CC=CC=C21)O)F)C,31678,0,0,0,0,14.7,19.6,692.3
31678_2,CN(C1(CCC1)CNC=1C2=C(N=C(N1)OC[C@]13CCCN3C[C@@H](C1)F)C(=C(N=C2)C2=CC=CC1=CC=CC(=C21)C)F)C,31678,0,0,0,0,,269.1,
31678_3,CN(C1(CCC1)CNC=1C2=C(N=C(N1)OC[C@]13CCCN3C[C@@H](C1)F)C(=C(N=C2)C2=CC=CC1=CC=CC(=C21)C(F)(F)F)F)C,31678,0,0,0,0,,238.9,
31678_4,FC1=C(N=CC2=C1N=C(N=C2NCC2(CCC2)N2CCOCC2)OC[C@]21CCCN1C[C@@H](C2)F)C2=CC(=CC1=CC=CC=C21)O,31678,0,1,0,0,,957.7,
31678_5,C12CNCC2C1NC=1C2=C(N=C(N1)OC[C@H]1N(CCC1)C)C(=C(N=C2)C2=CC(=CC1=CC=CC=C21)O)F,31678,0,0,0,0,,2258.9,
31678_6,CN(C1(CC1)CNC=1C2=C(N=C(N1)OC[C@]13CCCN3C[C@@H](C1)F)C(=C(N=C2)C2=CC(=CC1=CC=CC=C21)O)F)C,31678,0,0,0,0,,117,
31678_7,CN(C1(CCCC1)CNC=1C2=C(N=C(N1)OC[C@]13CCCN3C[C@@H](C1)F)C(=C(N=C2)C2=CC(=CC1=CC=CC=C21)O)F)C,31678,0,0,0,0,12.2,10,711.3
31678_8,FC1=C(N=CC2=C1N=C(N=C2NCC2(CNC2)C)OC[C@]21CCCN1C[C@@H](C2)F)C2=CC(=CC1=CC=CC=C21)O,31678,0,0,0,0,66.8,39.9,16666.7
31678_9,CN(C1(CCC1)CNC=1C2=C(N=C(N1)OCC13CCCN3CCC1)C(=C(N=C2)C2=C(C=CC=C2)C(C)C)F)C,31678,0,0,0,0,,2170,
31678_10,CN(C1(CCC1)CNC=1C2=C(N=C(N1)OC[C@]13CCCN3C[C@@H](C1)F)C(=C(N=C2)C2=C(C=CC=C2)C(C)C)F)C,31678,0,1,0,0,,3721,
31678_11,CN(C1(CCC1)CNC=1C2=C(N=C(N1)OC[C@H]1N(CCC1)C)C(=C(N=C2)C2=CC(=CC1=CC=CC=C21)O)F)C,31678,0,0,0,0,,98,
31678_12,ClC=1C(=C2C=NNC2=CC1C)C1=C(C=2N=C(N=C(C2C=N1)NCC1(CCC1)N(C)C)OC[C@]12CCCN2C[C@@H](C1)F)F,31678,0,1,0,0,,100,
31678_13,ClC1=C(C(=C2C=NNC2=C1)C1=C(C=2N=C(N=C(C2C=N1)NCC1(CCC1)N(C)C)OC[C@]12CCCN2C[C@@H](C1)F)F)C,31678,0,1,0,0,,165,
31678_14,CN(C1(CCC1)CNC=1C2=C(N=C(N1)OCC13CCCN3CCC1)C(=C(N=C2)C2=CC=CC1=CC=CC(=C21)F)F)C,31678,0,0,0,0,,306.1,
31678_15,ClC=1C=CC=C2C=CC=C(C12)C1=C(C=2N=C(N=C(C2C=N1)NCC(C)(O)C)OC[C@]12CCCN2C[C@@H](C1)F)F,31678,0,1,0,0,,3148.1,
31678_16,ClC=1C(=C(C=CC1)C1=C(C=2N=C(N=C(C2C=N1)NCC1(CCC1)N(C)C)OCC12CCCN2CCC1)F)C1CC1,31678,0,0,0,0,,146.1,
31678_17,C1[C@@H](C[C@@H]1NC)NC2=NC(=NC3=C2C=NC(=C3F)C4=CC(=CC5=CC=CC=C45)O)OCC67CCCN6CCC7,31678,0,0,0,0,,80.9,16666.7
31678_18,N1CC(C1)NC=1C2=C(N=C(N1)OCC13CCCN3CCC1)C(=C(N=C2)C2=CC(=CC1=CC=CC=C21)O)F,31678,0,0,0,0,,46.5,16666.7
31678_19,FC1=C(N=CC2=C1N=C(N=C2N[C@H]2CNC[C@@H]2C)OCC21CCCN1CCC2)C2=CC(=CC1=CC=CC=C21)O,31678,0,0,0,0,,245.3,
31678_20,CN(C1(CCC1)CNC=1C2=C(N=C(N1)OC[C@]13CCCN3C[C@@H](C1)F)C(=C(N=C2)C2=CC=CC1=CC=CC(=C21)C#C)F)C,31678,0,1,0,0,,22,2508.4
31678_21,CN(C1(CCC1)CNC=1C2=C(N=C(N1)OC[C@]13CCCN3C[C@@H](C1)F)C(=C(N=C2)C2=CC=CC1=CC=CC(=C21)CC)F)C,31678,0,1,0,0,,59.2,16666.7
31678_22,CN(C1(CCC1)CNC=1C2=C(N=C(N1)OC[C@]13CCCN3C[C@@H](C1)F)C(=C(N=C2)C2=CC=CC1=CC=CC(=C21)F)F)C,31678,0,1,0,0,,1319.2,
31678_23,ClC=1C=CC=C2C=CC=C(C12)C1=C(C=2N=C(N=C(C2C=N1)NCC1(CCC1)N(C)C)OC[C@]12CCCN2C[C@@H](C1)F)F,31678,0,1,0,0,,582.9,
31678_24,CN(C1(CCC1)CNC=1C2=C(N=C(N1)OC[C@]13CCCN3C[C@@H](C1)F)C(=C(N=C2)C2=CC=CC1=CC=CC(=C21)C(=C)C)F)C,31678,0,1,0,0,,954.2,
31678_25,CN(C1(CCC1)CNC=1C2=C(N=C(N1)OC[C@]13CCCN3C[C@@H](C1)F)C(=C(N=C2)C2=CC=CC1=CC=CC(=C21)C(C)C)F)C,31678,0,1,0,0,,1638.2,
31678_26,C1(CC1)C=1C=CC=C2C=CC=C(C12)C1=C(C=2N=C(N=C(C2C=N1)NCC1(CCC1)N(C)C)OC[C@@]12CCCN2C[C@H](C1)F)F,31678,0,1,0,0,,343.5,
31678_27,CN(C1(CCC1)CNC=1C2=C(N=C(N1)OC[C@]13CCCN3C[C@@H](C1)F)C(=C(N=C2)C2=CC=CC1=CC=CC(=C21)C#CC)F)C,31678,0,1,0,0,,1879,
31678_28,CN(C1(CCC1)CN(C=1C2=C(N=C(N1)OC[C@]13CCCN3C[C@@H](C1)F)C(=C(N=C2)C2=CC(=CC1=CC=CC=C21)O)F)C)C,31678,0,0,0,0,,609.2,
31678_29,NC1(CCC1)CNC=1C2=C(N=C(N1)OC[C@]13CCCN3C[C@@H](C1)F)C(=C(N=C2)C2=CC(=CC1=CC=CC=C21)O)F,31678,0,0,0,0,,62.8,1559.3
31678_30,CN(C1(CCCCC1)CNC=1C2=C(N=C(N1)OC[C@]13CCCN3C[C@@H](C1)F)C(=C(N=C2)C2=CC(=CC1=CC=CC=C21)O)F)C,31678,0,0,0,0,,1576.6,
31678_31,CN(C1(CCC1)CNC=1C2=C(N=C(N1)OCCC=1N(C=CN1)C)C(=C(N=C2)C2=CC(=CC1=CC=CC=C21)O)F)C,31678,0,0,0,0,,856.8,
31678_32,CN(C1(CCC1)CNC=1C2=C(N=C(N1)OC[C@@H]1N(CCC1)C)C(=C(N=C2)C2=CC(=CC1=CC=CC=C21)O)F)C,31678,0,0,0,0,,381.1,
31678_33,CN(C1(CCC1)CNC=1C2=C(N=C(N1)OC[C@]13CCCN3C[C@@H](C1)F)C(=C(N=C2)C2=CC(=CC1=CC=CC(=C21)CC)O)F)C,31678,0,0,0,0,,0.9,
31678_34,CN(C1(CCCC1)CNC=1C2=C(N=C(N1)OC[C@]13CCCN3C[C@@H](C1)F)C(=C(N=C2)C2=CC(=CC1=CC=CC(=C21)CC)O)F)C,31678,0,0,0,0,,1.1,
31678_35,CN(C1(CCC1)CNC=1C2=C(N=C(N1)OCC13CCCN3CCC1)C(=C(N=C2)C2=CC=CC1=CC=C(C(=C21)CC)F)F)C,31678,0,0,0,0,,30.4,
31678_36,ClC1=C2C(=CC(=CC2=CC=C1)O)C1=C(C=2N=C(N=C(C2C=N1)N(C)CC1(CCC1)N(C)C)OC[C@]12CCCN2C[C@@H](C1)F)F,31678,0,0,0,0,135.2,76.5,3288.6
31678_37,CN(C1(CCC1)CN(C=1C2=C(N=C(N1)OC[C@]13CCCN3C[C@@H](C1)F)C(=C(N=C2)C2=CC(=CC1=CC=CC(=C21)CC)O)F)C)C,31678,0,0,0,0,,26.1,
31678_38,FC1=C(N=CC2=C1N=C(N=C2NCC2(CNC2)O)OC[C@]21CCCN1C[C@@H](C2)F)C2=CC(=CC1=CC=CC=C21)O,31678,0,1,0,0,,389.3,
31678_39,CN(CCNC=1C2=C(N=C(N1)OC[C@@]13CCCN3C[C@H](C1)F)C(=C(N=C2)C2=CC(=CC1=CC=CC=C21)O)F)C,31678,0,1,0,0,,521.4,
31678_40,[C@@]12(NCC[C@@H]2C1)CNC=1C2=C(N=C(N1)OC[C@]13CCCN3C[C@@H](C1)F)C(=C(N=C2)C2=CC(=CC1=CC=CC=C21)O)F,31678,0,0,0,0,,5148.9,
31678_41,CN(C1(CCOCC1)CNC=1C2=C(N=C(N1)OC[C@]13CCCN3C[C@@H](C1)F)C(=C(N=C2)C2=CC(=CC1=CC=CC=C21)O)F)C,31678,0,1,0,0,,684.3,
31678_42,CN(C(CNC=1C2=C(N=C(N1)OC[C@]13CCCN3C[C@@H](C1)F)C(=C(N=C2)C2=CC(=CC1=CC=CC=C21)O)F)(C)C)C,31678,0,1,0,0,,210.9,
31678_43,CN(C(OC[C@H]1CC[C@]2(CCCN12)COC=1N=C(C2=C(N1)C(=C(N=C2)C2=CC(=CC1=CC=CC(=C21)CC)O)F)NCC2(CCC2)N(C)C)=O)C,31678,0,1,0,0,,1.1,53.5
31678_44,CNC(OC[C@H]1CC[C@]2(CCCN12)COC=1N=C(C2=C(N1)C(=C(N=C2)C2=CC(=CC1=CC=CC(=C21)CC)O)F)NCC2(CCC2)N(C)C)=O,31678,0,1,0,0,,0.7,220.2
31678_45,CN(C(OC[C@H]1CC[C@]2(CCCN12)COC=1N=C(C2=C(N1)C(=C(N=C2)C2=CC(=CC1=CC=C(C(=C21)C#C)F)O)F)NCC2(CCC2)N(C)C)=O)C,31678,0,1,0,0,,0.4,38.3
31678_46,CN(C(OC[C@H]1CC[C@]2(CCCN12)COC=1N=C(C2=C(N1)C(=C(N=C2)C2=CC(=CC1=CC=C(C(=C21)CC)F)O)F)NCC2(CCC2)N(C)C)=O)C,31678,0,0,0,0,,0.7,38.7
31678_47,ClC=1C(=C(C=CC1)C1=C(C=2N=C(N=C(C2C=N1)NCC1(CCC1)N(C)C)OCC12CCCN2CCC1)F)C(C)C,31678,0,0,0,0,,513.1,
31678_48,ClC=1C(=C(C=CC1)C1=C(C=2N=C(N=C(C2C=N1)NCC1(CCC1)N(C)C)OC[C@]12CCCN2C[C@@H](C1)F)F)C(C)C,31678,0,1,0,0,,1078.8,
31678_49,N1(CCCC1)C(=O)OC[C@H]1CC[C@]2(CCCN12)COC=1N=C(C2=C(N1)C(=C(N=C2)C2=CC=CC1=CC=CC(=C21)Cl)F)NCC2(CCC2)N(C)C,31678,0,1,0,0,,231.7,
31678_50,N1(CCCCC1)C(=O)OC[C@H]1CC[C@]2(CCCN12)COC=1N=C(C2=C(N1)C(=C(N=C2)C2=CC=CC1=CC=CC(=C21)Cl)F)NCC2(CCC2)N(C)C,31678,0,1,0,0,,89.6,10671.4
31678_51,CN(C(OC[C@H]1CC[C@]2(CCCN12)COC=1N=C(C2=C(N1)C(=C(N=C2)C2=CC=CC1=CC=CC(=C21)Cl)F)NCC2(CCC2)N(C)C)=O)C,31678,0,1,0,0,,102.1,16666.7
31678_52,CN(C1(CCC1)CNC=1C2=C(N=C(N1)OC[C@]13CCCN3C[C@@H](C1)F)C(=C(N=C2)C2=CC(=CC1=CC=CC(=C21)C#C)O)F)C,31678,0,0,0,0,0.04,0.6,12
31678_53,CN(C1(CCOCC1)CNC=1C2=C(N=C(N1)OCC13CCCN3CCC1)C(=C(N=C2)C2=CC=CC1=CC=CC(=C21)F)F)C,31678,0,0,0,0,,7158.9,
31678_54,ClC=1C=CC=C2C=CC=C(C12)C1=C(C=2N=C(N=C(C2C=N1)NCC1(CCC1)N(C)C)OCC12CCCN2CCC1)F,31678,0,0,0,0,,79.3,16666.7
31678_55,ClC=1C=CC=C2C=CC=C(C12)C1=C(C=2N=C(N=C(C2C=N1)NCC(C)(N(C)C)C)OCC12CCCN2CCC1)F,31678,0,0,0,0,,938.2,
31678_56,CN(C1(CCC1)CNC=1C2=C(N=C(N1)OCC13CCCN3CCC1)C(=C(N=C2)C2=CC=CC1=CC=C(C(=C21)C#C)F)F)C,31678,0,0,0,0,,2.6,349.6
31678_57,CN(C1(CCC1)CNC=1C2=C(N=C(N1)OC[C@]13CCCN3C[C@@H](C1)F)C(=C(N=C2)C2=CC(=CC1=CC=C(C(=C21)CC)F)O)F)C,31678,0,0,0,0,,1.1,
31678_58,CN(C1(CCC1)CN(C=1C2=C(N=C(N1)OCC13CCCN3CCC1)C(=C(N=C2)C2=CC=CC1=CC=CC(=C21)F)F)C)C,31678,0,0,0,0,,9092.3,
31678_59,FC1=C(N=CC2=C1N=C(N=C2NCC2(CCC2)NC)OCC21CCCN1CCC2)C2=CC=CC1=CC=CC(=C21)F,31678,0,0,0,0,,1032.4,
31678_60,NC1(CCC1)CNC=1C2=C(N=C(N1)OCC13CCCN3CCC1)C(=C(N=C2)C2=CC=CC1=CC=CC(=C21)F)F,31678,0,0,0,0,,2118,
31678_61,CN(C1(CCCC1)CNC=1C2=C(N=C(N1)OCC13CCCN3CCC1)C(=C(N=C2)C2=CC=CC1=CC=CC(=C21)F)F)C,31678,0,0,0,0,,479.8,
31678_62,FC1=C(N=CC2=C1N=C(N=C2NC2CC(C21CCC1)N)OCC12CCCN2CCC1)C1=CC=CC2=CC=CC(=C12)F,31678,0,0,0,0,,202.7,
646_1,[C@H]12CN(C[C@H](CC1)N2)C=2C1=C(N=C(N2)OC[C@H]2N(CCC2)C)CN(CC1)C1=CC(=CC2=CC=CC=C12)O,646,0,0,0,0,110.2,48.9,2349
646_2,[C@H]12CN(C[C@H](CC1)N2)C=2C1=C(N=C(N2)OC[C@H]2N(CCC2)C)CN(CC1)C1=CC=CC2=CC=CC(=C12)Cl,646,0,0,0,0,163.2,266.5,16085
646_3,[C@H]12CN(C[C@H](CC1)N2)C=2C1=C(N=C(N2)OC[C@H]2N(CCC2)C)CN(CC1)C1=C2C=NNC2=CC=C1C,646,0,0,0,0,6365.7,1315.4,
646_4,OC=1C=C(C2=CC=CC=C2C1)N1CC=2N=C(N=C(C2CC1)N1CC2CC(C(C1)N2)O)OC[C@H]2N(CCC2)C,646,0,0,0,0,1.5,3.7,994
646_5,[C@H]12CN(C[C@H](CC1)N2)C=2C1=C(N=C(N2)OCC23CCCN3C(CC2)COC(NC)=O)CN(CC1)C1=CC=CC2=CC=CC(=C12)CC,646,0,0,0,1,,1.6,142
646_6,[C@H]12CN(C[C@H](CC1)N2)C=2C1=C(N=C(N2)OCC23CCCN3CC(C2)F)CN(CC1)C1=CC(=CC2=CC=CC(=C12)CC)O,646,0,1,0,1,,0.8,12
646_7,[C@H]12CN(C[C@H](CC1)N2)C=2C1=C(N=C(N2)OC[C@]23CCCN3C[C@@H](C2)F)CN(CC1)C1=CC(=CC2=CC=CC(=C12)CC)O,646,0,0,0,0,,1,13
646_8,[C@H]12CN(C[C@H](CC1)N2)C=2C1=C(N=C(N2)OC[C@H]2N(CCC2)C)CN(CC1)C1=CC=CC2=CC=CC(=C12)CC,646,0,0,0,0,,5.5,12570
646_9,[C@H]12CN(C[C@H](CC1)N2)C=2C1=C(N=C(N2)OCC23CCCN3CC(C2)F)CN(CC1)C1=CC=CC2=CC=CC(=C12)CC,646,0,1,0,1,,3.1,1656
646_10,[C@H]12CN(C[C@H](CC1)N2)C=2C1=C(N=C(N2)OCC23CCCN3CCC2)CN(CC1)C1=CC=CC2=CC=CC(=C12)CC,646,0,0,0,0,,1.1,738
646_11,[C@H]12CN(C[C@H](CC1)N2)C3=NC(=NC4=C3CCN(C4)C5=CC=CC6=CC=CC(=C56)C7CC7)OC[C@@]89CCCN8C[C@@H](C9)F,646,0,1,0,1,,19.8,16667
646_12,[C@H]12CN(C[C@H](CC1)N2)C=2C1=C(N=C(N2)OCC23CCCN3CCC2)CN(CC1)C1=CC=CC2=CC=C(C(=C12)Cl)Cl,646,0,0,0,0,,344.8,
646_13,[C@H]12CN(C[C@H](CC1)N2)C=2C1=C(N=C(N2)OCC23CCCN3C(CC2)COC(N(C)C)=O)CN(CC1)C1=CC=CC2=CC=CC(=C12)CC,646,0,0,0,1,,1.3,261
646_14,[C@H]12CN(C[C@H](CC1)N2)C=2C1=C(N=C(N2)OCC23CCCN3CCC2)CN(CC1)C1=CC(=CC2=CC=CC(=C12)CC)O,646,0,0,0,0,,1.1,21
646_15,[C@H]12CN(C[C@H](CC1)N2)C=2C1=C(N=C(N2)OC[C@H]2N(CCC2)C)CN(CC1)C1=CC=CC2=C(C=CC=C12)Cl,646,0,0,0,0,,7904.6,
646_16,[C@H]12CN(C[C@H](CC1)N2)C=2C1=C(N=C(N2)OC[C@H]2N(CCC2)C)CN(CC1)C1=CC=CC2=C(C=CC=C12)F,646,0,0,0,0,,1762.9,
646_17,[C@H]12CN(C[C@H](CC1)N2)C=2C1=C(N=C(N2)OCC23CCCN3CC(C2)F)CN(CC1)C1=C(C(=CC=C1)Cl)C1CC1,646,0,1,0,1,,29.5,16667
646_18,[C@H]12CN(C[C@H](CC1)N2)C=2C1=C(N=C(N2)OC[C@@]23CCCN3[C@H](CC2)COC(NC)=O)CN(CC1)C1=CC=CC2=CC=CC(=C12)CC,646,0,0,0,0,,2,70
646_19,[C@H]12CN(C[C@H](CC1)N2)C=2C1=C(N=C(N2)OCC23CCCN3CCC2)CN(CC1)C1=CC=CC2=CC=C(C(=C12)CC)F,646,0,0,0,0,,1.8,324
646_20,[C@H]12CN(C[C@H](CC1)N2)C=2C1=C(N=C(N2)OCC23CCCN3CC(C2)F)CN(CC1)C1=CC=CC2=CC=C(C(=C12)CC)F,646,0,1,0,1,,2.8,539
646_21,[C@H]12CN(C[C@H](CC1)N2)C=2C1=C(N=C(N2)OCC23CCCN3C(CC2)COC(NC)=O)CN(CC1)C1=CC=CC2=CC=CC(=C12)C,646,0,0,0,1,,12.3,
646_22,[C@H]12CN(C[C@H](CC1)N2)C=2C1=C(N=C(N2)OC)CN(CC1)C1=CC=CC2=CC=CC(=C12)C,646,0,0,0,0,302195.6,7862.6,
646_23,[C@H]12CN(C[C@H](CC1)N2)C=2C1=C(N=C(N2)OCC23CCCN3C(CC2)CF)CN(CC1)C1=CC(=CC2=CC=CC(=C12)CC)O,646,0,0,1,0,,1.1,119
646_24,[C@H]12CN(C[C@H](CC1)N2)C=2C1=C(N=C(N2)OC[C@H]2N(CCC2)C)CN(CC1)C1=CC(=C(C2=CC=CC=C12)Cl)O,646,0,0,0,0,37.7,1362.6,16667
646_25,[C@H]12CN(C[C@H](CC1)N2)C=2C1=C(N=C(N2)OC[C@H]2N(CCC2)C)CN(CC1)C1=C(C(=C(C2=CC=CC=C12)F)O)F,646,0,0,0,0,846.8,6788.2,
646_26,[C@H]12CN(C[C@H](CC1)N2)C=2C1=C(N=C(N2)OC(C)[C@H]2NCCC2)CN(CC1)C1=CC(=C(C2=CC=CC=C12)Cl)O,646,0,0,0,0,325.1,,16667
646_27,[C@H]12CN(C[C@H](CC1)N2)C=2C1=C(N=C(N2)OC[C@H]2NCCC2)CN(CC1)C1=CC(=C(C2=CC=CC=C12)Cl)O,646,0,0,0,0,91.3,1601.7,11111
646_28,[C@H]12CN(C[C@H](CC1)N2)C=2C1=C(N=C(N2)OC[C@H]2N(CCC2)C)CN(CC1)C1=CC(=CC2=CC=CC(=C12)Cl)O,646,0,0,0,0,1000000,1.2,361
646_29,[C@H]12CN(C[C@H](CC1)N2)C=2C1=C(N=C(N2)OCC23CCCN3CCC2)CN(CC1)C1=CC=CC2=CC=CC(=C12)Cl,646,0,0,0,0,6.3,2.5,4053
646_30,[C@H]12CN(C[C@H](CC1)N2)C=2C1=C(N=C(N2)OCC23CCCN3CCC2)CN(CC1)C1=CN=CC2=CC=CC(=C12)Cl,646,0,0,0,0,87.1,16.8,2611
646_31,[C@H]12CN(C[C@H](CC1)N2)C=2C1=C(N=C(N2)OCC23CCCN3CCC2)CN(CC1)C1=CC(=CC2=CC=CC=C12)O,646,0,0,0,0,0.8,3.8,1611
646_32,[C@H]12CN(C[C@H](CC1)N2)C=2C1=C(N=C(N2)OCC23CCCN3C(CC2)COC(N(C)C)=O)CN(CC1)C1=C(C=CC=C1)C(C)C,646,0,0,0,1,,1170.4,
646_33,[C@H]12CN(C[C@H](CC1)N2)C=2C1=C(N=C(N2)OCC23CCCN3C(CC2)COC(N(C)C)=O)CN(CC1)C1=C(C(=CC=C1)Cl)C1CC1,646,0,0,0,1,,50.2,5556
646_34,[C@H]12CN(C[C@H](CC1)N2)C=2C1=C(N=C(N2)OCC23CCCN3C(CC2)COC(NC)=O)CN(CC1)C1=CC=CC2=CC=CC(=C12)F,646,0,0,0,1,,111.4,3909
646_35,[C@H]12CN(C[C@H](CC1)N2)C=2C1=C(N=C(N2)OC[C@H]2N(CCC2)C)CN(CC1)C1CC(C2=CC=CC=C12)O,646,0,0,0,0,569626.2,10000,
646_36,[C@H]12CN(C[C@H](CC1)N2)C=2C1=C(N=C(N2)OC[C@H]2N(CCC2)C)CN(CC1)C1CC(C2=CC=CC=C12)OC,646,0,0,0,0,24285.7,10000,
646_37,CO[C@H]1[C@H]2CN(C[C@@H](C1)N2)C=2C1=C(N=C(N2)OC[C@H]2N(CCC2)C)CN(CC1)C1=CC(=CC2=CC=CC=C12)O,646,0,0,0,0,12793.7,88.1,3849
646_38,C1([H])([C@H]2CN(C[C@@H](C1)N2)C3=NC(=NC4=C3CCN(C4)C5=CC(=CC6=CC=CC=C56)O)OC[C@H]7N(CCC7)C)[F],646,0,0,0,0,2338.1,73.5,5004
646_39,ClC=1C=CC=C2C=CC=C(C12)N1CC=2N=C(N=C(C2CC1)N1C[C@H]2C[C@H]([C@@H](C1)N2)CCN)OC[C@H]2N(CCC2)C,646,0,0,0,0,,2694.4,
646_40,ClC2=C1C(=CC=CC1=CC=C2)N7CC3=C(C(=NC(=N3)OC[C@H]4N(CCC4)C)N5C[C@H]6C[C@H]([C@@H](C5)N6)CC#N)CC7,646,0,0,0,0,957.1,63.9,16667
646_41,ClC=1C=CC=C2C=CC=C(C12)N1CC=2N=C(N=C(C2CC1)N1CC2CC(C(C1)N2)(O)C(F)F)OC[C@H]2N(CCC2)C,646,0,0,0,0,,3128.4,
646_42,ClC=1C=CC=C2C=CC=C(C12)N1CC=2N=C(N=C(C2CC1)N1CC2(CCC(C1)N2)CC#N)OC[C@H]2N(CCC2)C,646,0,0,0,0,,1799,
646_43,ClC=1C=CC=C2C=CC=C(C12)N1CC=2N=C(N=C(C2CC1)N1C[C@H]2C[C@H]([C@@H](C1)N2)OC)OCC21CCCN1CC(C2)F,646,0,1,0,1,57.6,90.1,16667
646_44,ClC=1C=CC=C2C=CC=C(C12)N1CC=2N=C(N=C(C2CC1)N1CC2CC(C(C1)N2)F)OCC21CCCN1CC(C2)F,646,0,1,0,1,43.9,43.5,9030
646_45,ClC=1C=CC=C2C=CC=C(C12)N1CC=2N=C(N=C(C2CC1)N1C[C@H]2C[C@H]([C@@H](C1)N2)O)OCC21CCCN1CC(C2)F,646,0,1,0,1,1.9,2.6,1361
646_46,[C@H]12CN(C[C@H](CC1)N2)C=2C1=C(N=C(N2)OCC23CCCN3CC(C2)F)CN(CC1)C1=CC=CC2=CC=CC(=C12)Cl,646,0,1,0,1,,4.4,4570
646_47,[C@H]12CN(C[C@H](CC1)N2)C=2C1=C(N=C(N2)OCC23CCCN3CC(C2)F)CN(CC1)C1=CC(=CC2=CC=CC=C12)O,646,0,1,0,1,,1,537
646_48,[C@H]12CN(C[C@H](CC1)N2)C=2C1=C(N=C(N2)OCC23CCCN3CC(C2)F)CN(CC1)C1=C(C(=CC=C1)Cl)C(F)(F)F,646,0,1,0,1,,5.5,5223
646_49,[C@H]12CN(C[C@H](CC1)N2)C=2C1=C(N=C(N2)OCC23CCCN3CC(C2)F)CN(CC1)C1=CC(=CC2=CC=CC(=C12)Cl)O,646,0,1,0,1,,0.5,77
646_51,[C@H]12CN(C[C@H](CC1)N2)C=2C1=C(N=C(N2)OCC23CCCN3CC(C2)F)CN(CC1)C1=CC=CC2=CC=CC(=C12)C(F)(F)F,646,0,1,0,1,,16.9,16667
646_52,[C@H]12CN(C[C@H](CC1)N2)C=2C1=C(N=C(N2)OC[C@H]2N(CCC2)C)CN(CC1)C1=CC=CC2=CC=CC(=C12)C,646,0,0,0,0,250128.2,361.4,14931
646_53,C(C1=CC=CC=C1)N1CC=2N=C(N=C(C2CC1=O)N1C[C@H]2CC[C@@H](C1)N2)OC[C@H]2N(CCC2)C,646,0,0,0,0,1000000,5259,
646_54,OC=1C=C(C2=CC=CC=C2C1)N1CC=2N=C(N=C(C2CC1)N1C[C@H]2C[C@H]([C@@H](C1)N2)O)OC[C@H]2N(CCC2)C,646,0,0,0,0,500733.2,41.1,1133
646_55,OC=1C=C(C2=CC=CC=C2C1)N1CC=2N=C(N=C(C2CC1)N1C[C@@H]2C[C@@H]([C@H](C1)N2)O)OC[C@H]2N(CCC2)C,646,0,0,0,0,38684.4,774.8,4876
646_57,[C@H]12CN(C[C@H](CC1)N2)C=2C1=C(N=C(N2)OC[C@H]2N(CCC2)C)CN(CC1)C1=CN=CC2=CC=CC=C12,646,0,0,0,0,98461.5,10000,
646_58,[C@H]12CN(C[C@H](CC1)N2)C=2C1=C(N=C(N2)OC[C@H]2N(CCC2)C)CN(CC1)C1=CN=CC2=CC=CC(=C12)Cl,646,0,0,0,0,438.1,282.9,16667
646_59,[C@H]12CN(C[C@H](CC1)N2)C=2C1=C(N=C(N2)OC[C@H]2N(CCC2)C)CN(CC1)C1=NC(=NC2=CC=CC=C12)N,646,0,0,0,0,597845.6,7500,
646_60,[C@H]12CN(C[C@H](CC1)N2)C=2C1=C(N=C(N2)OC[C@H]2N(CCC2)C)CN(CC1)C1=NC(=CC2=CC=CC=C12)N,646,0,0,0,0,,10000,
646_61,CC12CN(CC(CC1)N2)C=2C1=C(N=C(N2)OC[C@H]2N(CCC2)C)CN(CC1)C1=CC(=CC2=CC=CC=C12)O,646,0,0,0,0,175.5,184.3,6876
646_62,[C@H]12CN(C[C@H](CC1)N2)C=2C1=C(N=C(N2)OCC23CCCN3CCC2)CN(CC1)C1=CC=CC2=CC=C(C(=C12)Cl)F,646,0,0,0,0,8.1,1,1936
646_63,[C@H]12CN(C[C@H](CC1)N2)C=2C1=C(N=C(N2)OCC23CCCN3CCC2)CN(CC1)C1=C(C(=CC=C1)Cl)C(F)(F)F,646,0,0,0,0,12.3,5.1,6581
646_64,[C@H]12CN(C[C@H](CC1)N2)C=2C1=C(N=C(N2)OCC23CCCN3CCC2)CN(CC1)C1=C(C(=CC=C1)C)C(F)(F)F,646,0,0,0,0,67.3,13,16667
646_65,[C@H]12CN(C[C@H](CC1)N2)C=2C1=C(N=C(N2)OC[C@H]2N(CCC2)C)CN(CC1)C1=CC=CC2=CC=C(C(=C12)Cl)F,646,0,0,0,0,18.2,15.2,16667
646_66,[C@H]12CN(C[C@H](CC1)N2)C=2C1=C(N=C(N2)OCC23CCCN3C(CC2)COC(N(CC)CC)=O)CN(CC1)C1=CC=CC2=CC=CC(=C12)CC,646,0,0,0,1,,4.6,2209
646_67,[C@H]12CN(C[C@H](CC1)N2)C=2C1=C(N=C(N2)OCC23CCCN3C(CC2)CC2N(CCS(C2)(=O)=O)C(=O)[O-])CN(CC1)C1=CC=CC2=CC=CC(=C12)CC,646,0,0,0,1,,1.5,150
646_68,[C@H]12CN(C[C@H](CC1)N2)C=2C1=C(N=C(N2)OCC23CCCN3C(CC2)COC(N(C)OC)=O)CN(CC1)C1=CC=CC2=CC=CC(=C12)CC,646,0,0,0,1,,5.9,1332
646_69,[C@H]12CN(C[C@H](CC1)N2)C=2C1=C(N=C(N2)OC[C@H]2N(CCC2)C)CN(CC1)C1=CC(=C(C2=CC=CC=C12)C)O,646,0,0,0,0,38443.4,10000,
646_70,[C@H]12CN(C[C@H](CC1)N2)C=2C1=C(N=C(N2)OC[C@H]2N(CCC2)C)CN(CC1)C1=CC=CC2=CC=CC=C12,646,0,0,0,0,2100,1118.9,
646_71,[C@H]12CN(C[C@H](CC1)N2)C=2C1=C(N=C(N2)OC[C@H]2N(CCC2)C)CN(CC1)C1=CC=CC=2CCCCC12,646,0,0,0,0,4217.1,1780,
646_72,[C@H]12CN(C[C@H](CC1)N2)C=2C1=C(N=C(N2)OC[C@H]2N(CCC2)C)CN(CC1)C1=CC=CC2=CC=C(C=C12)F,646,0,0,0,0,922.5,226.3,16667
646_73,[C@H]12CN(C[C@H](CC1)N2)C=2C1=C(N=C(N2)OC[C@H]2N(CCC2)C)CN(CC1)C1=CC=CC2=CC=CC(=C12)F,646,0,0,0,0,3161.7,1101,
646_74,[C@H]12CN(C[C@H](CC1)N2)C=2C1=C(N=C(N2)OC[C@H]2N(CCC2)C)CN(CC1)C1=CC=C(C2=CC=CC(=C12)Cl)Br,646,0,0,0,0,41604.3,10000,
646_75,[C@H]12CN(C[C@H](CC1)N2)C=2C1=C(N=C(N2)OC[C@H]2N(CCC2)C)CN(CC1)C1=C(C=CC=C1C(F)(F)F)F,646,0,0,0,0,170483.5,10000,16667
646_76,[C@H]12CN(C[C@H](CC1)N2)C=2C1=C(N=C(N2)OC[C@H]2N(CCC2)C)CN(CC1)C1=C(C(=CC=C1F)F)C(F)F,646,0,0,0,0,97014.9,10000,16667
646_77,[C@H]12CN(C[C@H](CC1)N2)C=2C1=C(N=C(N2)OC[C@H]2N(CCC2)C)CN(CC1)C1=C(C=CC=C1F)O,646,0,0,0,0,264294.8,10000,
646_78,[C@H]12CN(C[C@H](CC1)N2)C=2C1=C(N=C(N2)OC[C@H]2N(CCC2)C)CN(CC1)C1=C(C=CC2=CC=CC=C12)O,646,0,0,0,0,51441.4,10000,
646_79,[C@H]12CN(C[C@H](CC1)N2)C=2C1=C(N=C(N2)OC[C@H]2N(CCC2)C)CN(CC1)C=1C=CC=C2C=CC=C(C12)CCCO,646,0,0,0,0,1863,485.5,
646_80,[C@H]12CN(C[C@H](CC1)N2)C=2C1=C(N=C(N2)OC[C@H]2N(CCC2)C)CN(CC1)C=1C=CC=C2C=CC=C(C12)CCC#N,646,0,0,0,0,616.7,,11111
646_81,[C@H]12CN(C[C@H](CC1)N2)C=2C1=C(N=C(N2)OC[C@H]2N(CCC2)C)CN(CC1)C1=CC=CC2=CC=CC(=C12)CCCC,646,0,0,0,0,,710.2,
646_82,[C@H]12CN(C[C@H](CC1)N2)C=2C1=C(N=C(N2)OC[C@H]2N(CCC2)C)CN(CC1)C1=CC=CC=2CCCC(C12)C,646,0,0,0,0,149.5,61,
646_83,[C@H]12CN(C[C@H](CC1)N2)C=2C1=C(N=C(N2)OC[C@H]2N(CCC2)C)CN(CC1)C=1C=CC=C2C=CC=C(C12)CCCC#N,646,0,0,0,0,19926.5,6565.8,
646_84,[C@H]12CN(C[C@H](CC1)N2)C=2C1=C(N=C(N2)OC[C@H]2N(CCC2)C)CN(CC1)C=1C=CC=C2C=CC=C(C12)CCCCO,646,0,0,0,0,8709.7,3688.9,
646_85,[C@H]12CN(C[C@H](CC1)N2)C=2C1=C(N=C(N2)OC[C@H]2N(CCC2)C)CN(CC1)C=1C=CC=C2CCCC(C12)CC#N,646,0,0,0,0,1509.8,,
646_86,ClC=1C=CC=C2C=CC=C(C12)N1CC=2N=C(N=C(C2CC1)N1C[C@H]2C[C@H]([C@@H](C1)N2)O)OCCC(F)(F)F,646,0,0,0,0,33232.2,2900.3,
646_87,ClC=1C=CC=C2C=CC=C(C12)N1CC=2N=C(N=C(C2CC1)N1C[C@H]2C[C@H]([C@@H](C1)N2)C)OC[C@H]2N(CCC2)C,646,0,0,0,0,704.8,271.4,13438
646_88,ClC=1C=CC=C2C=CC=C(C12)N1CC=2N=C(N=C(C2CC1)N1C[C@H]2C[C@@H]([C@@H](C1)N2)C)OC[C@H]2N(CCC2)C,646,0,0,0,0,2102.1,1088.1,
646_89,ClC=1C=CC=C2C=CC=C(C12)N1CC=2N=C(N=C(C2CC1)N1C[C@H]2C/C(/[C@@H](C1)N2)=C\C#N)OC[C@H]2N(CCC2)C,646,0,0,0,0,27058.2,10000,
646_90,ClC=1C=CC=C2C=CC=C(C12)N1CC=2N=C(N=C(C2CC1)N1C[C@H]2C/C(/[C@@H](C1)N2)=C/C#N)OC[C@H]2N(CCC2)C,646,0,0,0,0,938.3,1462.9,
646_91,ClC=1C=CC=C2C=CC=C(C12)N1CC=2N=C(N=C(C2CC1)N1C[C@H]2CC([C@@H](C1)N2)CCO)OC[C@H]2N(CCC2)C,646,0,0,0,0,176.1,78.4,16667
646_92,ClC=1C=CC=C2C=CC=C(C12)N1CC=2N=C(N=C(C2CC1)N1C[C@H]2C[C@H]([C@@H](C1)N2)C#N)OC[C@H]2N(CCC2)C,646,0,0,0,0,,5489.7,
646_93,ClC=1C=CC=C2C=CC=C(C12)N1CC=2N=C(N=C(C2CC1)N1C[C@H]2C[C@H]([C@@H](C1)N2)COC)OC[C@H]2N(CCC2)C,646,0,0,0,0,,360.3,16667
646_94,ClC=1C=CC=C2C=CC=C(C12)N1CC=2N=C(N=C(C2CC1)N1C[C@H]2C[C@@H]([C@@H](C1)N2)COC)OC[C@H]2N(CCC2)C,646,0,0,0,0,,851.7,
646_95,ClC=1C=CC=C2C=CC=C(C12)N1CC=2N=C(N=C(C2CC1)N1C[C@@H]2C[C@H]([C@H](C1)N2)O)OC[C@H]2N(CCC2)C,646,0,0,0,0,58.3,50.6,16667
646_96,ClC=1C=CC=C2C=CC=C(C12)N1CC=2N=C(N=C(C2CC1)N1C[C@H]2C[C@@H]([C@@H](C1)N2)O)OC[C@H]2N(CCC2)C,646,0,0,0,0,,331.2,16667
646_97,[C@H]12CN(C[C@H](CC1)N2)C=2C1=C(N=C(N2)OC[C@@]23CCCN3[C@H](CC2)COC(=O)N2CCOCC2)CN(CC1)C1=CC=CC2=CC=CC(=C12)CC,646,0,0,0,0,,1.2,187
646_98,[C@H]12CN(C[C@H](CC1)N2)C=2C1=C(N=C(N2)OC[C@@]23CCCN3[C@H](CC2)COC(=O)N2CCOCC2)CN(CC1)C1=CC=CC2=CC=C(C(=C12)CC)F,646,0,0,0,0,,0.7,50
646_99,[C@H]12CN(C[C@H](CC1)N2)C=2C1=C(N=C(N2)OC[C@@]23CCCN3[C@H](CC2)COC(=O)N2CCCC2)CN(CC1)C1=CC=CC2=CC=CC(=C12)CC,646,0,0,0,0,,2.7,559
646_100,[C@H]12CN(C[C@H](CC1)N2)C=2C1=C(N=C(N2)OCC23CCCN3C(CC2)COC(NC)=O)CN(CC1)C1=CC=CC2=CC=CC(=C12)Cl,646,0,0,0,1,,9.7,1311
646_101,[C@H]12CN(C[C@H](CC1)N2)C=2C1=C(N=C(N2)OCC23CCCN3CCC2)CN(CC1)C1=C2CCC(C2=CC=C1)(F)F,646,0,0,0,0,,2485.2,
646_102,[C@H]12CN(C[C@H](CC1)N2)C=2C1=C(N=C(N2)OCC23CCCN3CCC2)CN(CC1)C1=C2C(CCC2=CC=C1)C1CC1,646,0,0,0,0,,654.1,
646_103,[C@H]12CN(C[C@H](CC1)N2)C=2C1=C(N=C(N2)OCC23CCCN3C(CC2)CO)CN(CC1)C1=CC=CC2=CC=CC(=C12)CC,646,0,0,0,1,,3.9,6216
646_104,[C@H]12CN(C[C@H](CC1)N2)C=2C1=C(N=C(N2)OCC23CCCN3CCC2)CN(CC1)C1=C2CCCC2=CC=C1,646,0,0,0,0,,755.6,
646_105,[C@H]12CN(C[C@H](CC1)N2)C=2C1=C(N=C(N2)OCC23CCCN3C(CC2)COC(=O)N2C[C@H](CC2)O)CN(CC1)C1=CC=CC2=CC=CC(=C12)CC,646,0,0,0,0,,2.3,561
646_106,[C@H]12CN(C[C@H](CC1)N2)C=2C1=C(N=C(N2)OCC23CCCN3C(CC2)COC(=O)N2C[C@@H](CC2)OC)CN(CC1)C1=CC=CC2=CC=CC(=C12)CC,646,0,0,0,0,,7.2,5110
646_107,[C@H]12CN(C[C@H](CC1)N2)C=2C1=C(N=C(N2)OC[C@@]23CCCN3[C@@H](CC2)OC(N(CC)CCO)=O)CN(CC1)C1=CC=CC2=CC=CC(=C12)CC,646,0,0,0,1,,2,408
646_108,[C@H]12CN(C[C@H](CC1)N2)C=2C1=C(N=C(N2)OC[C@@]23CCCN3[C@@H](CC2)OC(N(CCOC)C)=O)CN(CC1)C1=CC=CC2=CC=CC(=C12)CC,646,0,0,0,1,,2,585
646_109,[C@H]12CN(C[C@H](CC1)N2)C=2C1=C(N=C(N2)OC[C@H]2N(CCC2)C)CN(CC1)C1=CC(=C(C2=CC=CC=C12)Br)O,646,0,0,0,0,20.8,5.5,663
646_110,[C@H]12CN(C[C@H](CC1)N2)C=2C1=C(N=C(N2)OC[C@H]2N(CCC2)C)CN(CC1)C1=CC=CC2=CC=C(C=C12)C,646,0,0,0,0,3231.1,3174,
646_111,[C@H]12CN(C[C@H](CC1)N2)C=2C1=C(N=C(N2)OCC23CCCN3CCC2)CN(CC1)C1=CC(=CC2=CC=CC=C12)Br,646,0,0,0,0,,1052,
646_112,[C@H]12CN(C[C@H](CC1)N2)C=2C1=C(N=C(N2)OCC23CCCN3CCC2)CN(CC1)C1=CC=C(C2=CC=CC=C12)Br,646,0,0,0,0,,5456.6,16667
646_113,[C@H]12CN(C[C@H](CC1)N2)C=2C1=C(N=C(N2)OC[C@H]2N(CCC2)C)CN(CC1)C1=C2C(=CC(=CC2=CC=C1)O)Cl,646,0,0,0,0,,806.6,
646_114,[C@H]12CN(C[C@H](CC1)N2)C=2C1=C(N=C(N2)OCC23CCCN3CCC2)CN(CC1)C1=CC=CC2=CC=CC=C12,646,0,0,0,0,,34.2,16667
646_115,[C@H]12CN(C[C@H](CC1)N2)C=2C1=C(N=C(N2)OCC23CCCN3CCC2)CN(CC1)C1=CC(=CC2=CC=CC(=C12)Cl)O,646,0,0,0,0,,0.6,118
646_116,[C@H]12CN(C[C@H](CC1)N2)C=2C1=C(N=C(N2)OCC23CCCN3CCC2)CN(CC1)C1=CC(=CC2=CC=C(C(=C12)Cl)F)O,646,0,0,0,0,,0.5,46
646_117,[C@H]12CN(C[C@H](CC1)N2)C=2C1=C(N=C(N2)OC[C@]23CCCN3C[C@@H](C2)F)CN(CC1)C1=CC(=CC2=CC=CC(=C12)Cl)O,646,0,0,0,0,,0.7,76
646_118,[C@H]12CN(C[C@H](CC1)N2)C=2C1=C(N=C(N2)OC[C@]23CCCN3C[C@@H](C2)F)CN(CC1)C1=CC(=CC2=CC=C(C(=C12)CC)F)O,646,0,0,0,0,,2.1,
646_119,[C@H]12CN(C[C@H](CC1)N2)C=2C1=C(N=C(N2)OCC23CCCN3CCC2)CN(CC1)C1=CC(=CC2=CC=C(C(=C12)CC)F)O,646,0,0,0,0,,1.6,7
646_120,OC[C@@H]1[C@@H]2CN(C[C@H](C1)N2)C=2C1=C(N=C(N2)OC[C@H]2N(CCC2)C)CN(CC1)C1=CC(=CC2=CC=CC=C12)O,646,0,0,0,0,1401,,
646_121,C(C)C2=C1C(=CC=CC1=CC=C2)N8CC3=C(C(=NC(=N3)OC[C@@]45CCCN4C[C@@H](C5)F)[C@@H]6C[C@@H]7CC[C@H](C6)N7)CC8,646,0,0,0,0,,8.7,2359
646_122,C(C)C2=C1C(=CC=CC1=CC=C2)N8CC3=C(C(=NC(=N3)OC[C@@]45CCCN4C[C@@H](C5)F)[C@@H]6C[C@@H]7CC[C@H](C6)N7)CC8,646,0,0,0,0,,234.2,
646_123,C(C)C=1C=CC=C2C=CC=C(C12)N1CC=2N=C(N=C(C2CC1)[C@@H]1C([C@@H]2CC[C@H](C1)N2)O)OC[C@]21CCCN1C[C@@H](C2)F,646,0,0,0,0,,508.3,
625_1,[C@H]12CN(C[C@H](CC1)N2)C3=NC(=NC4=C(C(=C(C=C34)OC5=CC=CN=C5)C6=CC(=CC7=CC=CC=C67)O)F)OC[C@H]8N(CCC8)C,625,0,0,0,0,,7,8391
625_2,[C@H]12CN(C[C@H](CC1)N2)C2=NC(=NC1=C(C(=CC=C21)C2=CC=CC1=CC=CC(=C21)Cl)F)OCC21CCCN1CCC2,625,0,0,0,0,8,6.1,4545
625_3,[C@H]12CN(C[C@H](CC1)N2)C2=NC(=NC1=C(C(=CC=C21)C2=CC(=CC1=CC=CC=C21)O)F)OCC21CCCN1CCC2,625,0,0,0,0,1000000,0.5,95
625_4,[C@H]12CN(C[C@H](CC1)N2)C2=NC(=NC1=C(C(=CC=C21)C2=CC(=CC1=CC=CC(=C21)Cl)O)F)OCC21CCCN1CCC2,625,0,0,0,0,,0.7,21
625_5,[C@H]12CN(C[C@H](CC1)N2)C2=NC(=NC1=C(C(=CC=C21)C2=CC(=CC1=CC=CC(=C21)Cl)O)F)OC[C@]21CCCN1C[C@@H](C2)F,625,0,1,0,0,,1.4,42
625_6,[C@H]12CN(C[C@H](CC1)N2)C2=NC(=NC1=C(C(=C(C=C21)Cl)C2=C(C=CC=C2F)O)F)OC[C@]21CCCN1C[C@@H](C2)F,625,0,1,0,0,,3.5,1800
625_7,[C@H]12CN(C[C@H](CC1)N2)C2=NC(=NC1=C(C(=C(C=C21)Cl)C2=CC(=CC1=CC=CC=C21)O)F)OC[C@H]2N(CCC2)C,625,0,0,0,0,9,11.2,1417
625_8,[C@H]12CN(C[C@H](CC1)N2)C2=NC(=NC1=C(C(=CC=C21)C2=CC(=CC1=CC=CC=C21)O)F)OC[C@H]2N(CCC2)C,625,0,0,0,0,3,4.3,271
625_9,ClCCN1CCN(CC1)C1=NC(=NC2=C(C(=CC=C12)C1=CC(=CC2=CC=CC=C12)O)F)OC[C@H]1N(CCC1)C,625,0,0,0,0,,186.7,6786
625_10,[C@H]12CN(C[C@H](CC1)N2)C2=NC(=NC1=CC(=CC=C21)C2=CC(=CC1=CC=CC=C21)O)OC[C@H]2N(CCC2)C,625,0,0,0,0,19,22.9,5662
625_11,C12N(CC(NC1)CC2)C3=NC(=NC4=C3C=C(C(=C4F)C5=CC(=CC6=CC=CC=C56)O)[Cl])OC[C@H]7N(CCC7)C,625,0,0,0,0,16,10.4,2844
625_12,FC=1C(=CC=C2C(=NC(=NC12)OC[C@H]1N(CCC1)C)N1CCNC2(CC2)C1)C1=CC(=CC2=CC=CC=C12)O,625,0,0,0,0,110,,5556
625_13,[C@H]12CN(C[C@H](CC1)N2)C2=NC(=NC1=C(C(=CC=C21)C2=CC=CC1=CC=C(C=C21)F)F)OC[C@H]2N(CCC2)C,625,0,0,0,0,78,61.9,5556
625_14,C12N(CC(NC1)CC2)C=2C1=C(N=C(N2)OC[C@H]2N(CCC2)C)C(=C(N=C1)C1=CC(=CC2=CC=CC=C12)O)F,625,0,0,0,0,36,30.8,8607
625_15,[C@H]12N(C[C@H](NC1)CC2)C=2C1=C(N=C(N2)OC[C@H]2N(CCC2)C)C(=C(N=C1)C1=CC(=CC2=CC=CC=C12)O)F,625,0,0,0,0,93,,7121
625_16,C12N(CC(NC1)CC2)C=2C1=C(N=C(N2)OC[C@H]2N(CCC2)C)CN(CC1)C1=CC(=CC2=CC=CC=C12)O,625,0,0,0,0,300,152.5,5948
625_17,[C@H]12CN(C[C@H](CC1)N2)C3=NC(=NC4=CC(=C(C=C34)OC5=C(C=C(C=C5)OC)F)C6=CC(=CC7=CC=CC=C67)O)OC[C@H]8N(CCC8)C,625,1,0,0,0,,8,5556
625_18,[C@H]12CN(C[C@H](CC1)N2)C2=NC(=NC1=CC(=C(C=C21)OC2=C(C=C(C=C2)OC)Cl)C2=CC(=CC1=CC=CC=C21)O)OC[C@H]2N(CCC2)C,625,0,0,0,0,,11.5,1371
625_19,[C@H]12CN(C[C@H](CC1)N2)C2=NC(=NC1=CC(=C(C=C21)OC2=C(C=CC=C2)Cl)C2=CC(=CC1=CC=CC=C21)O)OC[C@H]2N(CCC2)C,625,0,0,0,0,,1.3,1705
625_20,[C@H]12CN(C[C@H](CC1)N2)C2=NC(=NC1=CC(=C(C=C21)OC2=C(C#N)C=CC=C2)C2=CC(=CC1=CC=CC=C21)O)OC[C@H]2N(CCC2)C,625,0,0,0,0,,1.6,2156
625_21,[C@H]12CN(C[C@H](CC1)N2)C2=NC(=NC1=CC(=C(C=C21)OC2=C(C#N)C=CC=C2)C2=CC(=CC1=CC=CC=C21)O)OCC21CCCN1CCC2,625,0,0,0,0,,1,1269
625_22,[C@H]12CN(C[C@@H](CC1)N2)C2=NC(=NC1=CC(=C(C=C21)OC2=C(C#N)C=CC=C2)C2=CC(=CC1=CC=CC=C21)O)OC[C@]21CCCN1C[C@@H](C2)F,625,0,1,0,0,,1.7,140
625_23,[C@H]12CN(C[C@H](CC1)N2)C2=NC(=NC1=CC(=C(C=C21)OC2=C(C=CC=C2)Cl)C2=CC(=CC1=CC=CC(=C21)Cl)O)OC[C@]21CCCN1C[C@@H](C2)F,625,0,1,0,0,,6.6,264
625_24,[C@H]12CN(C[C@H](CC1)N2)C2=NC(=NC1=C(C(=C(C=C21)OC2=C(C#N)C=CC=C2)C2=CC(=CC1=CC=CC=C21)O)F)OC[C@H]2N(CCC2)C,625,0,0,0,0,,1.4,377
625_25,[C@H]12CN(C[C@H](CC1)N2)C2=NC(=NC1=C(C(=C(C=C21)OC2=C(C#N)C=CC=C2Cl)C2=CC(=CC1=CC=CC=C21)O)F)OC[C@H]2N(CCC2)C,625,0,0,0,0,,5.3,784
625_26,[C@H]12CN(C[C@H](CC1)N2)C2=NC(=NC1=C(C(=C(C=C21)OC2=C(C#N)C(=CC=C2)F)C2=CC(=CC1=CC=CC=C21)O)F)OC[C@H]2N(CCC2)C,625,0,0,0,0,,7.4,3541
625_27,[C@H]12CN(C[C@H](CC1)N2)C2=NC(=NC1=C(C(=C(C=C21)OC2=C(C#N)C=CC=C2)C2=CC(=CC1=CC=CC=C21)O)F)OC[C@]21CCCN1C[C@@H](C2)F,625,0,1,0,0,,3.6,44
625_28,[C@H]12CN(C[C@H](CC1)N2)C2=NC(=NC1=C(C(=CC=C21)C2=CC(=CC1=CC=CC=C21)O)F)OC[C@]21CCCN1C[C@@H](C2)F,625,0,1,0,0,,0.6,171
625_29,[C@H]12CN(C[C@H](CC1)N2)C2=NC(=NC1=C(C(=CC=C21)C2=CC(=CC1=CC=CC=C21)O)F)OC[C@H]2N(C[C@@H](C2)F)C,625,0,0,0,0,5,1.8,779
625_30,[C@H]12CN(C[C@H](CC1)N2)C2=NC(=NC1=C(C(=CC=C21)C2=C1C=NNC1=CC(=C2C)C)F)OC[C@H]2N(CCC2)C,625,0,0,0,0,152,57,5093
625_31,[C@H]12CN(C[C@H](CC1)N2)C2=NC(=NC1=C(C(=CC=C21)C2=CC(=CC1=CC=CC=C21)O)F)OC[C@H]2N(CC(C2)(F)F)C,625,0,0,0,0,121,296.7,8501
paper_1,FC1=C(C2=C(C(C#C)=C(F)C=C3)C3=CC(O)=C2)N=CC4=C1N=C(OC[C@]56N(C[C@H](F)C6)CCC5)N=C4N7C[C@@H](CC8)N[C@@H]8C7,paper,0,0,0,0,0.0002,2,2
paper_5A,FC1=C(C2=C(C(Cl)=CC=C3)C3=CC=C2)N=CC4=C1N=C(OC[C@H]5N(C)CCC5)N=C4N6C[C@H](CC#N)NCC6,paper,0,0,0,0,,100000,
paper_5B,FC1=C(C2=C(C(Cl)=CC=C3)C3=CC=C2)N=CC4=C1N=C(OC[C@H]5N(C)CCC5)N=C4N6CCNCC6,paper,0,0,0,0,3500,,
paper_6,FC1=C(C2=C(C=CC=C3)C3=CC(O)=C2)N=CC4=C1N=C(OC[C@H]5N(C)CCC5)N=C4N6CCNCC6,paper,0,0,0,0,190,980,
paper_7,FC1=C(C2=C(C=CC=C3)C3=CC(O)=C2)N=CC4=C1N=C(OC[C@H]5N(C)CCC5)N=C4N6CCNCCC6,paper,0,0,0,0,420,2600,
paper_8,FC1=C(C2=C(C=CC=C3)C3=CC(O)=C2)N=CC4=C1N=C(OC[C@H]5N(C)CCC5)N=C4N6CCN(C)CC6,paper,0,0,0,0,8700,54000,
paper_9,FC1=C(C2=C(C=CC=C3)C3=CC(O)=C2)N=CC4=C1N=C(OC[C@H]5N(C)CCC5)N=C4N6CCOCC6,paper,0,0,0,0,1500,12000,
paper_10,FC1=C(C2=C(C=CC=C3)C3=CC(O)=C2)N=CC4=C1N=C(OC[C@H]5N(C)CCC5)N=C4N6CC(C)NCC6,paper,0,0,0,0,380,2100,
paper_11,FC1=C(C2=C(C=CC=C3)C3=CC(O)=C2)N=CC4=C1N=C(OC[C@H]5N(C)CCC5)N=C4N6C(C)CNCC6,paper,0,0,0,0,280,1500,
paper_12,FC1=C(C2=C(C=CC=C3)C3=CC(O)=C2)N=CC4=C1N=C(OC[C@H]5N(C)CCC5)N=C4N6CC7NCC6C7,paper,0,0,0,0,96,650,
paper_13,FC1=C(C2=C(C=CC=C3)C3=CC(O)=C2)N=CC4=C1N=C(OC[C@H]5N(C)CCC5)N=C4N6CC7NCC6CC7,paper,0,0,0,0,9,68,
paper_14,FC1=C(C2=C(C=CC=C3)C3=CC(O)=C2)N=CC4=C1N=C(OC[C@H]5N(C)CCC5)N=C4N6CC(C7)NC7C6,paper,0,0,0,0,73,310,
paper_15,FC1=C(C2=C(C=CC=C3)C3=CC(O)=C2)N=CC4=C1N=C(OC[C@H]5N(C)CCC5)N=C4N6C[C@@H](CC7)N[C@@H]7C6,paper,0,0,0,0,0.8,5,530
paper_16,FC1=C(C2=C(C=CC=C3)C3=CC(O)=C2)N=CC4=C1N=C([H])N=C4N5C[C@@H](CC6)N[C@@H]6C5,paper,0,0,0,0,,2960,10000
paper_17,FC1=C(C2=C(C=CC=C3)C3=CC(O)=C2)N=CC4=C1N=C(OCCN(C)C)N=C4N5C[C@@H](CC6)N[C@@H]6C5,paper,0,0,0,0,,70,10000
paper_18,FC1=C(C2=C(C=CC=C3)C3=CC(O)=C2)N=CC4=C1N=C(N5CC(N(C)C)C5)N=C4N6C[C@@H](CC7)N[C@@H]7C6,paper,0,0,0,0,,69,1300
paper_19,FC1=C(C2=C(C=CC=C3)C3=CC(O)=C2)N=CC4=C1N=C(OCCC5=NC=CN5C)N=C4N6C[C@@H](CC7)N[C@@H]7C6,paper,0,0,0,0,,30,3500
paper_20,FC1=C(C2=C(C=CC=C3)C3=CC(O)=C2)N=CC4=C1N=C(OCCN5[C@@H](C6)CO[C@@H]6C5)N=C4N7C[C@@H](CC8)N[C@@H]8C7,paper,0,0,0,0,,62,3000
paper_21,FC1=C(C2=C(C=CC=C3)C3=CC(O)=C2)N=CC4=C1N=C(OCC56N(CCC6)CCC5)N=C4N7C[C@@H](CC8)N[C@@H]8C7,paper,0,0,0,0,,2,270
paper_22,FC1=C(C2=C(C=CC=C3)C3=CC(O)=C2)N=CC4=C1N=C(OCC5(CCCC6)N6CCC5)N=C4N7C[C@@H](CC8)N[C@@H]8C7,paper,0,0,0,0,,12,650
paper_23,FC1=C(C2=C(C=CC=C3)C3=CC(O)=C2)N=CC4=C1N=C(OCC56N(CCC6)C(CC5)=O)N=C4N7C[C@@H](CC8)N[C@@H]8C7,paper,0,0,0,0,,750,10000
paper_24,FC1=C(C2=C(C=CC=C3)C3=CC(O)=C2)N=CC4=C1N=C(OC[C@@]56N(C[C@@H](F)C6)CCC5)N=C4N7C[C@@H](CC8)N[C@@H]8C7,paper,0,0,0,0,,2,64
paper_25,FC1=C(C2=C(C=CC=C3)C3=CC(O)=C2)N=CC4=C1N=C(OC[C@]56N(C[C@H](F)C6)CCC5)N=C4N7C[C@@H](CC8)N[C@@H]8C7,paper,0,0,0,0,,2,24
paper_26,FC1=C(C2=C(C([H])=CC=C3)C3=CC=C2)N=CC4=C1N=C(OCC56N(CCC6)CCC5)N=C4N7C[C@@H](CC8)N[C@@H]8C7,paper,0,0,0,0,,360,10000
paper_27,FC1=C(C2=C(C(F)=CC=C3)C3=CC=C2)N=CC4=C1N=C(OCC56N(CCC6)CCC5)N=C4N7C[C@@H](CC8)N[C@@H]8C7,paper,0,0,0,0,,12,380
paper_28,FC1=C(C2=C(C(Cl)=CC=C3)C3=CC=C2)N=CC4=C1N=C(OCC56N(CCC6)CCC5)N=C4N7C[C@@H](CC8)N[C@@H]8C7,paper,0,0,0,0,,15,190
paper_29,FC1=C(C2=C(C(C)=CC=C3)C3=CC=C2)N=CC4=C1N=C(OCC56N(CCC6)CCC5)N=C4N7C[C@@H](CC8)N[C@@H]8C7,paper,0,0,0,0,,45,2500
paper_30,FC1=C(C2=C(C(CC)=CC=C3)C3=CC=C2)N=CC4=C1N=C(OCC56N(CCC6)CCC5)N=C4N7C[C@@H](CC8)N[C@@H]8C7,paper,0,0,0,0,,6,200
paper_31,FC1=C(C2=C(C(OC)=CC=C3)C3=CC=C2)N=CC4=C1N=C(OCC56N(CCC6)CCC5)N=C4N7C[C@@H](CC8)N[C@@H]8C7,paper,0,0,0,0,,86,1200
paper_32,FC1=C(C2=C(C(CO)=CC=C3)C3=CC=C2)N=CC4=C1N=C(OCC56N(CCC6)CCC5)N=C4N7C[C@@H](CC8)N[C@@H]8C7,paper,0,0,0,0,,79,10000
paper_33,FC1=C(C2=C(C(C#C)=CC=C3)C3=CC=C2)N=CC4=C1N=C(OCC56N(CCC6)CCC5)N=C4N7C[C@@H](CC8)N[C@@H]8C7,paper,0,0,0,0,,3,71
paper_34,FC1=C(C2=C(C=C(F)C=C3)C3=CC=C2)N=CC4=C1N=C(OCC56N(CCC6)CCC5)N=C4N7C[C@@H](CC8)N[C@@H]8C7,paper,0,0,0,0,,27,370
paper_35,FC1=C(C2=C(C(F)=C(F)C=C3)C3=CC=C2)N=CC4=C1N=C(OCC56N(CCC6)CCC5)N=C4N7C[C@@H](CC8)N[C@@H]8C7,paper,0,0,0,0,,7,97
paper_36,FC1=C(C2=C(C(C#C)=C(F)C=C3)C3=CC=C2)N=CC4=C1N=C(OCC56N(CCC6)CCC5)N=C4N7C[C@@H](CC8)N[C@@H]8C7,paper,0,0,0,0,,2,24
paper_37,FC1=C(C2=C(C(Cl)=CC=C3)C3=CC(O)=C2)N=CC4=C1N=C(OCC56N(CCC6)CCC5)N=C4N7C[C@@H](CC8)N[C@@H]8C7,paper,0,0,0,0,,2,63
paper_38,FC1=C(C2=C(C(C#C)=CC=C3)C3=CC(O)=C2)N=CC4=C1N=C(OCC56N(CCC6)CCC5)N=C4N7C[C@@H](CC8)N[C@@H]8C7,paper,0,0,0,0,,2,14